product_id,store_id,date,week_post_launch,units_sold,is_promotion_active
PRD_EST_001,STR_001,2026-03-05,1,294.2,1
PRD_EST_001,STR_002,2026-03-05,1,293.8,1
PRD_EST_001,STR_003,2026-03-05,1,316.6,1
PRD_EST_001,STR_004,2026-03-05,1,338.2,1
PRD_EST_001,STR_005,2026-03-05,1,328.8,1
PRD_EST_001,STR_006,2026-03-05,1,285.3,1
PRD_EST_001,STR_007,2026-03-05,1,293.5,1
PRD_EST_001,STR_008,2026-03-05,1,311.4,1
PRD_EST_001,STR_009,2026-03-05,1,295.9,1
PRD_EST_001,STR_010,2026-03-05,1,328.7,1
PRD_EST_001,STR_011,2026-03-05,1,374.5,1
PRD_EST_001,STR_012,2026-03-05,1,403.6,1
PRD_EST_001,STR_013,2026-03-05,1,343.4,1
PRD_EST_001,STR_014,2026-03-05,1,352.6,1
PRD_EST_001,STR_015,2026-03-05,1,367.6,1
PRD_EST_001,STR_001,2026-03-12,2,282.3,1
PRD_EST_001,STR_002,2026-03-12,2,291.0,1
PRD_EST_001,STR_003,2026-03-12,2,295.8,1
PRD_EST_001,STR_004,2026-03-12,2,321.4,1
PRD_EST_001,STR_005,2026-03-12,2,324.1,1
PRD_EST_001,STR_006,2026-03-12,2,251.4,1
PRD_EST_001,STR_007,2026-03-12,2,243.4,1
PRD_EST_001,STR_008,2026-03-12,2,264.7,1
PRD_EST_001,STR_009,2026-03-12,2,280.6,1
PRD_EST_001,STR_010,2026-03-12,2,292.1,1
PRD_EST_001,STR_011,2026-03-12,2,306.8,1
PRD_EST_001,STR_012,2026-03-12,2,328.3,1
PRD_EST_001,STR_013,2026-03-12,2,314.0,1
PRD_EST_001,STR_014,2026-03-12,2,321.1,1
PRD_EST_001,STR_015,2026-03-12,2,333.2,1
PRD_EST_001,STR_001,2026-03-19,3,173.7,0
PRD_EST_001,STR_002,2026-03-19,3,175.5,0
PRD_EST_001,STR_003,2026-03-19,3,163.8,0
PRD_EST_001,STR_004,2026-03-19,3,169.9,0
PRD_EST_001,STR_005,2026-03-19,3,185.2,0
PRD_EST_001,STR_006,2026-03-19,3,159.4,0
PRD_EST_001,STR_007,2026-03-19,3,150.1,0
PRD_EST_001,STR_008,2026-03-19,3,155.1,0
PRD_EST_001,STR_009,2026-03-19,3,176.2,0
PRD_EST_001,STR_010,2026-03-19,3,185.1,0
PRD_EST_001,STR_011,2026-03-19,3,195.3,0
PRD_EST_001,STR_012,2026-03-19,3,227.6,0
PRD_EST_001,STR_013,2026-03-19,3,200.1,0
PRD_EST_001,STR_014,2026-03-19,3,194.4,0
PRD_EST_001,STR_015,2026-03-19,3,182.2,0
PRD_EST_001,STR_001,2026-03-26,4,157.0,0
PRD_EST_001,STR_002,2026-03-26,4,178.4,0
PRD_EST_001,STR_003,2026-03-26,4,170.5,0
PRD_EST_001,STR_004,2026-03-26,4,183.2,0
PRD_EST_001,STR_005,2026-03-26,4,194.8,0
PRD_EST_001,STR_006,2026-03-26,4,151.9,0
PRD_EST_001,STR_007,2026-03-26,4,154.6,0
PRD_EST_001,STR_008,2026-03-26,4,165.4,0
PRD_EST_001,STR_009,2026-03-26,4,159.8,0
PRD_EST_001,STR_010,2026-03-26,4,160.1,0
PRD_EST_001,STR_011,2026-03-26,4,183.7,0
PRD_EST_001,STR_012,2026-03-26,4,201.6,0
PRD_EST_001,STR_013,2026-03-26,4,185.7,0
PRD_EST_001,STR_014,2026-03-26,4,195.1,0
PRD_EST_001,STR_015,2026-03-26,4,179.5,0
PRD_EST_001,STR_001,2026-04-02,5,191.6,0
PRD_EST_001,STR_002,2026-04-02,5,181.5,0
PRD_EST_001,STR_003,2026-04-02,5,201.3,0
PRD_EST_001,STR_004,2026-04-02,5,206.0,0
PRD_EST_001,STR_005,2026-04-02,5,201.9,0
PRD_EST_001,STR_006,2026-04-02,5,174.3,0
PRD_EST_001,STR_007,2026-04-02,5,162.3,0
PRD_EST_001,STR_008,2026-04-02,5,172.6,0
PRD_EST_001,STR_009,2026-04-02,5,188.7,0
PRD_EST_001,STR_010,2026-04-02,5,185.0,0
PRD_EST_001,STR_011,2026-04-02,5,207.0,0
PRD_EST_001,STR_012,2026-04-02,5,244.9,0
PRD_EST_001,STR_013,2026-04-02,5,203.2,0
PRD_EST_001,STR_014,2026-04-02,5,203.7,0
PRD_EST_001,STR_015,2026-04-02,5,199.6,0
PRD_EST_001,STR_001,2026-04-09,6,159.9,0
PRD_EST_001,STR_002,2026-04-09,6,166.4,0
PRD_EST_001,STR_003,2026-04-09,6,177.2,0
PRD_EST_001,STR_004,2026-04-09,6,181.2,0
PRD_EST_001,STR_005,2026-04-09,6,188.9,0
PRD_EST_001,STR_006,2026-04-09,6,151.4,0
PRD_EST_001,STR_007,2026-04-09,6,152.7,0
PRD_EST_001,STR_008,2026-04-09,6,171.8,0
PRD_EST_001,STR_009,2026-04-09,6,157.4,0
PRD_EST_001,STR_010,2026-04-09,6,175.6,0
PRD_EST_001,STR_011,2026-04-09,6,175.7,0
PRD_EST_001,STR_012,2026-04-09,6,221.3,0
PRD_EST_001,STR_013,2026-04-09,6,182.6,0
PRD_EST_001,STR_014,2026-04-09,6,175.6,0
PRD_EST_001,STR_015,2026-04-09,6,173.2,0
PRD_EST_001,STR_001,2026-04-16,7,171.7,0
PRD_EST_001,STR_002,2026-04-16,7,173.6,0
PRD_EST_001,STR_003,2026-04-16,7,161.0,0
PRD_EST_001,STR_004,2026-04-16,7,193.9,0
PRD_EST_001,STR_005,2026-04-16,7,195.6,0
PRD_EST_001,STR_006,2026-04-16,7,159.8,0
PRD_EST_001,STR_007,2026-04-16,7,143.9,0
PRD_EST_001,STR_008,2026-04-16,7,171.4,0
PRD_EST_001,STR_009,2026-04-16,7,160.8,0
PRD_EST_001,STR_010,2026-04-16,7,178.1,0
PRD_EST_001,STR_011,2026-04-16,7,189.5,0
PRD_EST_001,STR_012,2026-04-16,7,200.6,0
PRD_EST_001,STR_013,2026-04-16,7,191.4,0
PRD_EST_001,STR_014,2026-04-16,7,199.7,0
PRD_EST_001,STR_015,2026-04-16,7,177.8,0
PRD_EST_001,STR_001,2026-04-23,8,199.1,0
PRD_EST_001,STR_002,2026-04-23,8,195.9,0
PRD_EST_001,STR_003,2026-04-23,8,213.1,0
PRD_EST_001,STR_004,2026-04-23,8,208.7,0
PRD_EST_001,STR_005,2026-04-23,8,225.7,0
PRD_EST_001,STR_006,2026-04-23,8,197.4,0
PRD_EST_001,STR_007,2026-04-23,8,171.4,0
PRD_EST_001,STR_008,2026-04-23,8,197.4,0
PRD_EST_001,STR_009,2026-04-23,8,184.0,0
PRD_EST_001,STR_010,2026-04-23,8,213.5,0
PRD_EST_001,STR_011,2026-04-23,8,219.7,0
PRD_EST_001,STR_012,2026-04-23,8,253.7,0
PRD_EST_001,STR_013,2026-04-23,8,203.3,0
PRD_EST_001,STR_014,2026-04-23,8,208.1,0
PRD_EST_001,STR_015,2026-04-23,8,218.0,0
PRD_EST_002,STR_001,2025-02-15,1,244.0,1
PRD_EST_002,STR_002,2025-02-15,1,230.1,1
PRD_EST_002,STR_003,2025-02-15,1,226.6,1
PRD_EST_002,STR_004,2025-02-15,1,303.3,1
PRD_EST_002,STR_005,2025-02-15,1,331.6,1
PRD_EST_002,STR_006,2025-02-15,1,267.4,1
PRD_EST_002,STR_007,2025-02-15,1,224.0,1
PRD_EST_002,STR_008,2025-02-15,1,230.9,1
PRD_EST_002,STR_009,2025-02-15,1,223.3,1
PRD_EST_002,STR_010,2025-02-15,1,220.4,1
PRD_EST_002,STR_011,2025-02-15,1,275.6,1
PRD_EST_002,STR_012,2025-02-15,1,265.3,1
PRD_EST_002,STR_013,2025-02-15,1,330.7,1
PRD_EST_002,STR_014,2025-02-15,1,305.8,1
PRD_EST_002,STR_015,2025-02-15,1,235.3,1
PRD_EST_002,STR_001,2025-02-22,2,193.2,1
PRD_EST_002,STR_002,2025-02-22,2,173.3,1
PRD_EST_002,STR_003,2025-02-22,2,197.3,1
PRD_EST_002,STR_004,2025-02-22,2,222.9,1
PRD_EST_002,STR_005,2025-02-22,2,232.7,1
PRD_EST_002,STR_006,2025-02-22,2,229.0,1
PRD_EST_002,STR_007,2025-02-22,2,177.2,1
PRD_EST_002,STR_008,2025-02-22,2,163.1,1
PRD_EST_002,STR_009,2025-02-22,2,180.7,1
PRD_EST_002,STR_010,2025-02-22,2,178.2,1
PRD_EST_002,STR_011,2025-02-22,2,207.5,1
PRD_EST_002,STR_012,2025-02-22,2,220.1,1
PRD_EST_002,STR_013,2025-02-22,2,227.8,1
PRD_EST_002,STR_014,2025-02-22,2,242.4,1
PRD_EST_002,STR_015,2025-02-22,2,205.0,1
PRD_EST_002,STR_001,2025-03-01,3,358.2,0
PRD_EST_002,STR_002,2025-03-01,3,386.4,0
PRD_EST_002,STR_003,2025-03-01,3,367.5,0
PRD_EST_002,STR_004,2025-03-01,3,369.8,0
PRD_EST_002,STR_005,2025-03-01,3,354.8,0
PRD_EST_002,STR_006,2025-03-01,3,313.6,0
PRD_EST_002,STR_007,2025-03-01,3,326.6,0
PRD_EST_002,STR_008,2025-03-01,3,326.0,0
PRD_EST_002,STR_009,2025-03-01,3,256.6,0
PRD_EST_002,STR_010,2025-03-01,3,347.9,0
PRD_EST_002,STR_011,2025-03-01,3,378.6,0
PRD_EST_002,STR_012,2025-03-01,3,406.9,0
PRD_EST_002,STR_013,2025-03-01,3,378.8,0
PRD_EST_002,STR_014,2025-03-01,3,374.1,0
PRD_EST_002,STR_015,2025-03-01,3,400.6,0
PRD_EST_002,STR_001,2025-03-08,4,138.3,0
PRD_EST_002,STR_002,2025-03-08,4,141.4,0
PRD_EST_002,STR_003,2025-03-08,4,144.6,0
PRD_EST_002,STR_004,2025-03-08,4,133.5,0
PRD_EST_002,STR_005,2025-03-08,4,143.3,0
PRD_EST_002,STR_006,2025-03-08,4,120.0,0
PRD_EST_002,STR_007,2025-03-08,4,130.0,0
PRD_EST_002,STR_008,2025-03-08,4,139.6,0
PRD_EST_002,STR_009,2025-03-08,4,99.1,0
PRD_EST_002,STR_010,2025-03-08,4,147.3,0
PRD_EST_002,STR_011,2025-03-08,4,168.9,0
PRD_EST_002,STR_012,2025-03-08,4,171.3,0
PRD_EST_002,STR_013,2025-03-08,4,138.3,0
PRD_EST_002,STR_014,2025-03-08,4,151.6,0
PRD_EST_002,STR_015,2025-03-08,4,157.9,0
PRD_EST_002,STR_001,2025-03-15,5,124.5,0
PRD_EST_002,STR_002,2025-03-15,5,122.3,0
PRD_EST_002,STR_003,2025-03-15,5,123.9,0
PRD_EST_002,STR_004,2025-03-15,5,152.8,0
PRD_EST_002,STR_005,2025-03-15,5,166.6,0
PRD_EST_002,STR_006,2025-03-15,5,141.9,0
PRD_EST_002,STR_007,2025-03-15,5,111.8,0
PRD_EST_002,STR_008,2025-03-15,5,123.0,0
PRD_EST_002,STR_009,2025-03-15,5,113.6,0
PRD_EST_002,STR_010,2025-03-15,5,118.1,0
PRD_EST_002,STR_011,2025-03-15,5,135.4,0
PRD_EST_002,STR_012,2025-03-15,5,137.8,0
PRD_EST_002,STR_013,2025-03-15,5,172.8,0
PRD_EST_002,STR_014,2025-03-15,5,177.5,0
PRD_EST_002,STR_015,2025-03-15,5,127.5,0
PRD_EST_002,STR_001,2025-03-22,6,136.4,0
PRD_EST_002,STR_002,2025-03-22,6,132.3,0
PRD_EST_002,STR_003,2025-03-22,6,127.5,0
PRD_EST_002,STR_004,2025-03-22,6,162.3,0
PRD_EST_002,STR_005,2025-03-22,6,184.8,0
PRD_EST_002,STR_006,2025-03-22,6,158.4,0
PRD_EST_002,STR_007,2025-03-22,6,107.1,0
PRD_EST_002,STR_008,2025-03-22,6,119.0,0
PRD_EST_002,STR_009,2025-03-22,6,117.2,0
PRD_EST_002,STR_010,2025-03-22,6,124.2,0
PRD_EST_002,STR_011,2025-03-22,6,145.6,0
PRD_EST_002,STR_012,2025-03-22,6,143.3,0
PRD_EST_002,STR_013,2025-03-22,6,178.3,0
PRD_EST_002,STR_014,2025-03-22,6,170.0,0
PRD_EST_002,STR_015,2025-03-22,6,127.4,0
PRD_EST_002,STR_001,2025-03-29,7,135.1,0
PRD_EST_002,STR_002,2025-03-29,7,134.8,0
PRD_EST_002,STR_003,2025-03-29,7,138.8,0
PRD_EST_002,STR_004,2025-03-29,7,179.5,0
PRD_EST_002,STR_005,2025-03-29,7,178.7,0
PRD_EST_002,STR_006,2025-03-29,7,158.7,0
PRD_EST_002,STR_007,2025-03-29,7,122.3,0
PRD_EST_002,STR_008,2025-03-29,7,127.3,0
PRD_EST_002,STR_009,2025-03-29,7,115.3,0
PRD_EST_002,STR_010,2025-03-29,7,135.3,0
PRD_EST_002,STR_011,2025-03-29,7,135.4,0
PRD_EST_002,STR_012,2025-03-29,7,148.2,0
PRD_EST_002,STR_013,2025-03-29,7,163.4,0
PRD_EST_002,STR_014,2025-03-29,7,180.8,0
PRD_EST_002,STR_015,2025-03-29,7,144.9,0
PRD_EST_002,STR_001,2025-04-05,8,130.8,0
PRD_EST_002,STR_002,2025-04-05,8,121.1,0
PRD_EST_002,STR_003,2025-04-05,8,120.3,0
PRD_EST_002,STR_004,2025-04-05,8,171.2,0
PRD_EST_002,STR_005,2025-04-05,8,158.7,0
PRD_EST_002,STR_006,2025-04-05,8,157.1,0
PRD_EST_002,STR_007,2025-04-05,8,105.9,0
PRD_EST_002,STR_008,2025-04-05,8,118.9,0
PRD_EST_002,STR_009,2025-04-05,8,113.0,0
PRD_EST_002,STR_010,2025-04-05,8,137.0,0
PRD_EST_002,STR_011,2025-04-05,8,137.4,0
PRD_EST_002,STR_012,2025-04-05,8,153.3,0
PRD_EST_002,STR_013,2025-04-05,8,161.4,0
PRD_EST_002,STR_014,2025-04-05,8,181.0,0
PRD_EST_002,STR_015,2025-04-05,8,146.8,0
PRD_EST_003,STR_001,2025-11-04,1,165.2,0
PRD_EST_003,STR_002,2025-11-04,1,186.5,0
PRD_EST_003,STR_003,2025-11-04,1,171.3,0
PRD_EST_003,STR_004,2025-11-04,1,192.3,0
PRD_EST_003,STR_005,2025-11-04,1,196.3,0
PRD_EST_003,STR_006,2025-11-04,1,164.6,0
PRD_EST_003,STR_007,2025-11-04,1,168.3,0
PRD_EST_003,STR_008,2025-11-04,1,170.9,0
PRD_EST_003,STR_009,2025-11-04,1,156.4,0
PRD_EST_003,STR_010,2025-11-04,1,176.2,0
PRD_EST_003,STR_011,2025-11-04,1,189.5,0
PRD_EST_003,STR_012,2025-11-04,1,203.5,0
PRD_EST_003,STR_013,2025-11-04,1,185.0,0
PRD_EST_003,STR_014,2025-11-04,1,200.6,0
PRD_EST_003,STR_015,2025-11-04,1,185.6,0
PRD_EST_003,STR_001,2025-11-11,2,141.1,0
PRD_EST_003,STR_002,2025-11-11,2,148.6,0
PRD_EST_003,STR_003,2025-11-11,2,142.4,0
PRD_EST_003,STR_004,2025-11-11,2,156.1,0
PRD_EST_003,STR_005,2025-11-11,2,154.3,0
PRD_EST_003,STR_006,2025-11-11,2,138.4,0
PRD_EST_003,STR_007,2025-11-11,2,138.6,0
PRD_EST_003,STR_008,2025-11-11,2,133.6,0
PRD_EST_003,STR_009,2025-11-11,2,138.2,0
PRD_EST_003,STR_010,2025-11-11,2,148.9,0
PRD_EST_003,STR_011,2025-11-11,2,163.3,0
PRD_EST_003,STR_012,2025-11-11,2,174.8,0
PRD_EST_003,STR_013,2025-11-11,2,158.3,0
PRD_EST_003,STR_014,2025-11-11,2,160.3,0
PRD_EST_003,STR_015,2025-11-11,2,147.0,0
PRD_EST_003,STR_001,2025-11-18,3,96.7,0
PRD_EST_003,STR_002,2025-11-18,3,97.7,0
PRD_EST_003,STR_003,2025-11-18,3,113.8,0
PRD_EST_003,STR_004,2025-11-18,3,103.3,0
PRD_EST_003,STR_005,2025-11-18,3,107.7,0
PRD_EST_003,STR_006,2025-11-18,3,99.1,0
PRD_EST_003,STR_007,2025-11-18,3,92.2,0
PRD_EST_003,STR_008,2025-11-18,3,97.6,0
PRD_EST_003,STR_009,2025-11-18,3,105.6,0
PRD_EST_003,STR_010,2025-11-18,3,108.8,0
PRD_EST_003,STR_011,2025-11-18,3,116.6,0
PRD_EST_003,STR_012,2025-11-18,3,129.3,0
PRD_EST_003,STR_013,2025-11-18,3,115.3,0
PRD_EST_003,STR_014,2025-11-18,3,120.6,0
PRD_EST_003,STR_015,2025-11-18,3,116.4,0
PRD_EST_003,STR_001,2025-11-25,4,122.3,0
PRD_EST_003,STR_002,2025-11-25,4,119.6,0
PRD_EST_003,STR_003,2025-11-25,4,125.6,0
PRD_EST_003,STR_004,2025-11-25,4,118.2,0
PRD_EST_003,STR_005,2025-11-25,4,128.9,0
PRD_EST_003,STR_006,2025-11-25,4,104.7,0
PRD_EST_003,STR_007,2025-11-25,4,103.6,0
PRD_EST_003,STR_008,2025-11-25,4,106.3,0
PRD_EST_003,STR_009,2025-11-25,4,107.2,0
PRD_EST_003,STR_010,2025-11-25,4,126.4,0
PRD_EST_003,STR_011,2025-11-25,4,126.3,0
PRD_EST_003,STR_012,2025-11-25,4,151.0,0
PRD_EST_003,STR_013,2025-11-25,4,126.7,0
PRD_EST_003,STR_014,2025-11-25,4,117.5,0
PRD_EST_003,STR_015,2025-11-25,4,121.9,0
PRD_EST_003,STR_001,2025-12-02,5,131.9,0
PRD_EST_003,STR_002,2025-12-02,5,132.9,0
PRD_EST_003,STR_003,2025-12-02,5,130.5,0
PRD_EST_003,STR_004,2025-12-02,5,121.0,0
PRD_EST_003,STR_005,2025-12-02,5,126.1,0
PRD_EST_003,STR_006,2025-12-02,5,118.4,0
PRD_EST_003,STR_007,2025-12-02,5,118.7,0
PRD_EST_003,STR_008,2025-12-02,5,108.8,0
PRD_EST_003,STR_009,2025-12-02,5,112.8,0
PRD_EST_003,STR_010,2025-12-02,5,133.7,0
PRD_EST_003,STR_011,2025-12-02,5,142.6,0
PRD_EST_003,STR_012,2025-12-02,5,142.9,0
PRD_EST_003,STR_013,2025-12-02,5,137.8,0
PRD_EST_003,STR_014,2025-12-02,5,134.7,0
PRD_EST_003,STR_015,2025-12-02,5,135.4,0
PRD_EST_003,STR_001,2025-12-09,6,135.6,0
PRD_EST_003,STR_002,2025-12-09,6,125.0,0
PRD_EST_003,STR_003,2025-12-09,6,136.3,0
PRD_EST_003,STR_004,2025-12-09,6,142.6,0
PRD_EST_003,STR_005,2025-12-09,6,141.3,0
PRD_EST_003,STR_006,2025-12-09,6,117.6,0
PRD_EST_003,STR_007,2025-12-09,6,125.2,0
PRD_EST_003,STR_008,2025-12-09,6,133.0,0
PRD_EST_003,STR_009,2025-12-09,6,122.8,0
PRD_EST_003,STR_010,2025-12-09,6,136.8,0
PRD_EST_003,STR_011,2025-12-09,6,134.5,0
PRD_EST_003,STR_012,2025-12-09,6,167.1,0
PRD_EST_003,STR_013,2025-12-09,6,129.6,0
PRD_EST_003,STR_014,2025-12-09,6,137.4,0
PRD_EST_003,STR_015,2025-12-09,6,147.1,0
PRD_EST_003,STR_001,2025-12-16,7,116.7,0
PRD_EST_003,STR_002,2025-12-16,7,107.3,0
PRD_EST_003,STR_003,2025-12-16,7,111.9,0
PRD_EST_003,STR_004,2025-12-16,7,114.2,0
PRD_EST_003,STR_005,2025-12-16,7,122.4,0
PRD_EST_003,STR_006,2025-12-16,7,101.9,0
PRD_EST_003,STR_007,2025-12-16,7,96.3,0
PRD_EST_003,STR_008,2025-12-16,7,109.0,0
PRD_EST_003,STR_009,2025-12-16,7,106.2,0
PRD_EST_003,STR_010,2025-12-16,7,118.0,0
PRD_EST_003,STR_011,2025-12-16,7,126.8,0
PRD_EST_003,STR_012,2025-12-16,7,134.3,0
PRD_EST_003,STR_013,2025-12-16,7,124.9,0
PRD_EST_003,STR_014,2025-12-16,7,129.8,0
PRD_EST_003,STR_015,2025-12-16,7,133.4,0
PRD_EST_003,STR_001,2025-12-23,8,140.9,0
PRD_EST_003,STR_002,2025-12-23,8,134.5,0
PRD_EST_003,STR_003,2025-12-23,8,142.1,0
PRD_EST_003,STR_004,2025-12-23,8,134.2,0
PRD_EST_003,STR_005,2025-12-23,8,159.9,0
PRD_EST_003,STR_006,2025-12-23,8,137.0,0
PRD_EST_003,STR_007,2025-12-23,8,122.2,0
PRD_EST_003,STR_008,2025-12-23,8,123.1,0
PRD_EST_003,STR_009,2025-12-23,8,134.2,0
PRD_EST_003,STR_010,2025-12-23,8,137.7,0
PRD_EST_003,STR_011,2025-12-23,8,162.5,0
PRD_EST_003,STR_012,2025-12-23,8,163.2,0
PRD_EST_003,STR_013,2025-12-23,8,138.3,0
PRD_EST_003,STR_014,2025-12-23,8,140.7,0
PRD_EST_003,STR_015,2025-12-23,8,152.6,0
PRD_EST_004,STR_001,2026-01-24,1,148.1,0
PRD_EST_004,STR_002,2026-01-24,1,157.2,0
PRD_EST_004,STR_003,2026-01-24,1,146.9,0
PRD_EST_004,STR_004,2026-01-24,1,164.7,0
PRD_EST_004,STR_005,2026-01-24,1,156.1,0
PRD_EST_004,STR_006,2026-01-24,1,146.0,0
PRD_EST_004,STR_007,2026-01-24,1,130.1,0
PRD_EST_004,STR_008,2026-01-24,1,145.5,0
PRD_EST_004,STR_009,2026-01-24,1,134.6,0
PRD_EST_004,STR_010,2026-01-24,1,144.1,0
PRD_EST_004,STR_011,2026-01-24,1,156.8,0
PRD_EST_004,STR_012,2026-01-24,1,192.5,0
PRD_EST_004,STR_013,2026-01-24,1,161.4,0
PRD_EST_004,STR_014,2026-01-24,1,159.3,0
PRD_EST_004,STR_015,2026-01-24,1,149.5,0
PRD_EST_004,STR_001,2026-01-31,2,109.2,0
PRD_EST_004,STR_002,2026-01-31,2,117.0,0
PRD_EST_004,STR_003,2026-01-31,2,122.9,0
PRD_EST_004,STR_004,2026-01-31,2,121.0,0
PRD_EST_004,STR_005,2026-01-31,2,118.6,0
PRD_EST_004,STR_006,2026-01-31,2,102.7,0
PRD_EST_004,STR_007,2026-01-31,2,113.0,0
PRD_EST_004,STR_008,2026-01-31,2,112.9,0
PRD_EST_004,STR_009,2026-01-31,2,113.5,0
PRD_EST_004,STR_010,2026-01-31,2,116.6,0
PRD_EST_004,STR_011,2026-01-31,2,137.8,0
PRD_EST_004,STR_012,2026-01-31,2,153.1,0
PRD_EST_004,STR_013,2026-01-31,2,123.3,0
PRD_EST_004,STR_014,2026-01-31,2,135.9,0
PRD_EST_004,STR_015,2026-01-31,2,118.3,0
PRD_EST_004,STR_001,2026-02-07,3,88.0,0
PRD_EST_004,STR_002,2026-02-07,3,89.3,0
PRD_EST_004,STR_003,2026-02-07,3,86.3,0
PRD_EST_004,STR_004,2026-02-07,3,96.3,0
PRD_EST_004,STR_005,2026-02-07,3,92.7,0
PRD_EST_004,STR_006,2026-02-07,3,85.8,0
PRD_EST_004,STR_007,2026-02-07,3,86.5,0
PRD_EST_004,STR_008,2026-02-07,3,84.9,0
PRD_EST_004,STR_009,2026-02-07,3,86.8,0
PRD_EST_004,STR_010,2026-02-07,3,86.4,0
PRD_EST_004,STR_011,2026-02-07,3,97.6,0
PRD_EST_004,STR_012,2026-02-07,3,106.4,0
PRD_EST_004,STR_013,2026-02-07,3,96.1,0
PRD_EST_004,STR_014,2026-02-07,3,100.1,0
PRD_EST_004,STR_015,2026-02-07,3,103.4,0
PRD_EST_004,STR_001,2026-02-14,4,82.3,0
PRD_EST_004,STR_002,2026-02-14,4,83.9,0
PRD_EST_004,STR_003,2026-02-14,4,82.4,0
PRD_EST_004,STR_004,2026-02-14,4,86.7,0
PRD_EST_004,STR_005,2026-02-14,4,89.2,0
PRD_EST_004,STR_006,2026-02-14,4,78.6,0
PRD_EST_004,STR_007,2026-02-14,4,67.2,0
PRD_EST_004,STR_008,2026-02-14,4,74.3,0
PRD_EST_004,STR_009,2026-02-14,4,79.4,0
PRD_EST_004,STR_010,2026-02-14,4,87.1,0
PRD_EST_004,STR_011,2026-02-14,4,87.6,0
PRD_EST_004,STR_012,2026-02-14,4,93.6,0
PRD_EST_004,STR_013,2026-02-14,4,81.2,0
PRD_EST_004,STR_014,2026-02-14,4,90.1,0
PRD_EST_004,STR_015,2026-02-14,4,81.9,0
PRD_EST_004,STR_001,2026-02-21,5,92.8,0
PRD_EST_004,STR_002,2026-02-21,5,97.2,0
PRD_EST_004,STR_003,2026-02-21,5,84.5,0
PRD_EST_004,STR_004,2026-02-21,5,94.8,0
PRD_EST_004,STR_005,2026-02-21,5,94.4,0
PRD_EST_004,STR_006,2026-02-21,5,83.8,0
PRD_EST_004,STR_007,2026-02-21,5,76.0,0
PRD_EST_004,STR_008,2026-02-21,5,82.8,0
PRD_EST_004,STR_009,2026-02-21,5,82.0,0
PRD_EST_004,STR_010,2026-02-21,5,96.7,0
PRD_EST_004,STR_011,2026-02-21,5,100.8,0
PRD_EST_004,STR_012,2026-02-21,5,115.9,0
PRD_EST_004,STR_013,2026-02-21,5,90.1,0
PRD_EST_004,STR_014,2026-02-21,5,101.3,0
PRD_EST_004,STR_015,2026-02-21,5,90.3,0
PRD_EST_004,STR_001,2026-02-28,6,86.4,0
PRD_EST_004,STR_002,2026-02-28,6,92.8,0
PRD_EST_004,STR_003,2026-02-28,6,92.5,0
PRD_EST_004,STR_004,2026-02-28,6,99.4,0
PRD_EST_004,STR_005,2026-02-28,6,98.4,0
PRD_EST_004,STR_006,2026-02-28,6,83.5,0
PRD_EST_004,STR_007,2026-02-28,6,83.5,0
PRD_EST_004,STR_008,2026-02-28,6,86.3,0
PRD_EST_004,STR_009,2026-02-28,6,82.0,0
PRD_EST_004,STR_010,2026-02-28,6,96.3,0
PRD_EST_004,STR_011,2026-02-28,6,104.4,0
PRD_EST_004,STR_012,2026-02-28,6,113.7,0
PRD_EST_004,STR_013,2026-02-28,6,95.8,0
PRD_EST_004,STR_014,2026-02-28,6,96.3,0
PRD_EST_004,STR_015,2026-02-28,6,108.7,0
PRD_EST_004,STR_001,2026-03-07,7,95.8,0
PRD_EST_004,STR_002,2026-03-07,7,99.4,0
PRD_EST_004,STR_003,2026-03-07,7,111.7,0
PRD_EST_004,STR_004,2026-03-07,7,113.5,0
PRD_EST_004,STR_005,2026-03-07,7,115.9,0
PRD_EST_004,STR_006,2026-03-07,7,94.1,0
PRD_EST_004,STR_007,2026-03-07,7,87.2,0
PRD_EST_004,STR_008,2026-03-07,7,98.5,0
PRD_EST_004,STR_009,2026-03-07,7,96.3,0
PRD_EST_004,STR_010,2026-03-07,7,98.1,0
PRD_EST_004,STR_011,2026-03-07,7,115.2,0
PRD_EST_004,STR_012,2026-03-07,7,120.6,0
PRD_EST_004,STR_013,2026-03-07,7,111.0,0
PRD_EST_004,STR_014,2026-03-07,7,115.3,0
PRD_EST_004,STR_015,2026-03-07,7,109.7,0
PRD_EST_004,STR_001,2026-03-14,8,88.0,0
PRD_EST_004,STR_002,2026-03-14,8,94.0,0
PRD_EST_004,STR_003,2026-03-14,8,89.5,0
PRD_EST_004,STR_004,2026-03-14,8,93.8,0
PRD_EST_004,STR_005,2026-03-14,8,89.9,0
PRD_EST_004,STR_006,2026-03-14,8,82.0,0
PRD_EST_004,STR_007,2026-03-14,8,79.6,0
PRD_EST_004,STR_008,2026-03-14,8,84.2,0
PRD_EST_004,STR_009,2026-03-14,8,86.4,0
PRD_EST_004,STR_010,2026-03-14,8,87.4,0
PRD_EST_004,STR_011,2026-03-14,8,97.9,0
PRD_EST_004,STR_012,2026-03-14,8,117.5,0
PRD_EST_004,STR_013,2026-03-14,8,90.4,0
PRD_EST_004,STR_014,2026-03-14,8,104.4,0
PRD_EST_004,STR_015,2026-03-14,8,96.8,0
PRD_EST_005,STR_001,2024-12-02,1,355.5,1
PRD_EST_005,STR_002,2024-12-02,1,393.9,1
PRD_EST_005,STR_003,2024-12-02,1,387.5,1
PRD_EST_005,STR_004,2024-12-02,1,478.6,1
PRD_EST_005,STR_005,2024-12-02,1,536.5,1
PRD_EST_005,STR_006,2024-12-02,1,439.5,1
PRD_EST_005,STR_007,2024-12-02,1,368.4,1
PRD_EST_005,STR_008,2024-12-02,1,372.9,1
PRD_EST_005,STR_009,2024-12-02,1,339.9,1
PRD_EST_005,STR_010,2024-12-02,1,361.1,1
PRD_EST_005,STR_011,2024-12-02,1,407.2,1
PRD_EST_005,STR_012,2024-12-02,1,441.8,1
PRD_EST_005,STR_013,2024-12-02,1,480.3,1
PRD_EST_005,STR_014,2024-12-02,1,540.6,1
PRD_EST_005,STR_015,2024-12-02,1,387.1,1
PRD_EST_005,STR_001,2024-12-09,2,353.1,1
PRD_EST_005,STR_002,2024-12-09,2,339.8,1
PRD_EST_005,STR_003,2024-12-09,2,331.0,1
PRD_EST_005,STR_004,2024-12-09,2,438.9,1
PRD_EST_005,STR_005,2024-12-09,2,449.3,1
PRD_EST_005,STR_006,2024-12-09,2,400.0,1
PRD_EST_005,STR_007,2024-12-09,2,314.5,1
PRD_EST_005,STR_008,2024-12-09,2,321.9,1
PRD_EST_005,STR_009,2024-12-09,2,335.2,1
PRD_EST_005,STR_010,2024-12-09,2,323.5,1
PRD_EST_005,STR_011,2024-12-09,2,393.5,1
PRD_EST_005,STR_012,2024-12-09,2,390.6,1
PRD_EST_005,STR_013,2024-12-09,2,434.8,1
PRD_EST_005,STR_014,2024-12-09,2,446.0,1
PRD_EST_005,STR_015,2024-12-09,2,366.1,1
PRD_EST_005,STR_001,2024-12-16,3,173.5,0
PRD_EST_005,STR_002,2024-12-16,3,170.0,0
PRD_EST_005,STR_003,2024-12-16,3,163.6,0
PRD_EST_005,STR_004,2024-12-16,3,203.7,0
PRD_EST_005,STR_005,2024-12-16,3,221.9,0
PRD_EST_005,STR_006,2024-12-16,3,181.1,0
PRD_EST_005,STR_007,2024-12-16,3,146.0,0
PRD_EST_005,STR_008,2024-12-16,3,152.9,0
PRD_EST_005,STR_009,2024-12-16,3,160.1,0
PRD_EST_005,STR_010,2024-12-16,3,180.3,0
PRD_EST_005,STR_011,2024-12-16,3,172.0,0
PRD_EST_005,STR_012,2024-12-16,3,205.6,0
PRD_EST_005,STR_013,2024-12-16,3,216.8,0
PRD_EST_005,STR_014,2024-12-16,3,228.4,0
PRD_EST_005,STR_015,2024-12-16,3,193.5,0
PRD_EST_005,STR_001,2024-12-23,4,175.2,0
PRD_EST_005,STR_002,2024-12-23,4,158.1,0
PRD_EST_005,STR_003,2024-12-23,4,181.8,0
PRD_EST_005,STR_004,2024-12-23,4,225.2,0
PRD_EST_005,STR_005,2024-12-23,4,216.0,0
PRD_EST_005,STR_006,2024-12-23,4,202.6,0
PRD_EST_005,STR_007,2024-12-23,4,151.9,0
PRD_EST_005,STR_008,2024-12-23,4,173.1,0
PRD_EST_005,STR_009,2024-12-23,4,158.1,0
PRD_EST_005,STR_010,2024-12-23,4,179.1,0
PRD_EST_005,STR_011,2024-12-23,4,197.6,0
PRD_EST_005,STR_012,2024-12-23,4,222.2,0
PRD_EST_005,STR_013,2024-12-23,4,210.0,0
PRD_EST_005,STR_014,2024-12-23,4,235.1,0
PRD_EST_005,STR_015,2024-12-23,4,170.2,0
PRD_EST_005,STR_001,2024-12-30,5,182.8,0
PRD_EST_005,STR_002,2024-12-30,5,193.0,0
PRD_EST_005,STR_003,2024-12-30,5,179.6,0
PRD_EST_005,STR_004,2024-12-30,5,237.6,0
PRD_EST_005,STR_005,2024-12-30,5,233.2,0
PRD_EST_005,STR_006,2024-12-30,5,222.9,0
PRD_EST_005,STR_007,2024-12-30,5,156.4,0
PRD_EST_005,STR_008,2024-12-30,5,176.5,0
PRD_EST_005,STR_009,2024-12-30,5,171.9,0
PRD_EST_005,STR_010,2024-12-30,5,166.1,0
PRD_EST_005,STR_011,2024-12-30,5,200.7,0
PRD_EST_005,STR_012,2024-12-30,5,210.5,0
PRD_EST_005,STR_013,2024-12-30,5,229.5,0
PRD_EST_005,STR_014,2024-12-30,5,243.1,0
PRD_EST_005,STR_015,2024-12-30,5,189.2,0
PRD_EST_005,STR_001,2025-01-06,6,167.2,0
PRD_EST_005,STR_002,2025-01-06,6,186.0,0
PRD_EST_005,STR_003,2025-01-06,6,189.2,0
PRD_EST_005,STR_004,2025-01-06,6,233.6,0
PRD_EST_005,STR_005,2025-01-06,6,221.5,0
PRD_EST_005,STR_006,2025-01-06,6,191.8,0
PRD_EST_005,STR_007,2025-01-06,6,160.8,0
PRD_EST_005,STR_008,2025-01-06,6,177.5,0
PRD_EST_005,STR_009,2025-01-06,6,159.5,0
PRD_EST_005,STR_010,2025-01-06,6,180.5,0
PRD_EST_005,STR_011,2025-01-06,6,198.5,0
PRD_EST_005,STR_012,2025-01-06,6,200.2,0
PRD_EST_005,STR_013,2025-01-06,6,240.0,0
PRD_EST_005,STR_014,2025-01-06,6,221.3,0
PRD_EST_005,STR_015,2025-01-06,6,191.4,0
PRD_EST_005,STR_001,2025-01-13,7,217.5,0
PRD_EST_005,STR_002,2025-01-13,7,209.0,0
PRD_EST_005,STR_003,2025-01-13,7,202.1,0
PRD_EST_005,STR_004,2025-01-13,7,289.6,0
PRD_EST_005,STR_005,2025-01-13,7,306.9,0
PRD_EST_005,STR_006,2025-01-13,7,270.9,0
PRD_EST_005,STR_007,2025-01-13,7,203.9,0
PRD_EST_005,STR_008,2025-01-13,7,189.9,0
PRD_EST_005,STR_009,2025-01-13,7,206.2,0
PRD_EST_005,STR_010,2025-01-13,7,215.2,0
PRD_EST_005,STR_011,2025-01-13,7,218.0,0
PRD_EST_005,STR_012,2025-01-13,7,251.9,0
PRD_EST_005,STR_013,2025-01-13,7,303.9,0
PRD_EST_005,STR_014,2025-01-13,7,282.0,0
PRD_EST_005,STR_015,2025-01-13,7,241.3,0
PRD_EST_005,STR_001,2025-01-20,8,204.2,0
PRD_EST_005,STR_002,2025-01-20,8,234.5,0
PRD_EST_005,STR_003,2025-01-20,8,205.1,0
PRD_EST_005,STR_004,2025-01-20,8,274.1,0
PRD_EST_005,STR_005,2025-01-20,8,302.6,0
PRD_EST_005,STR_006,2025-01-20,8,253.8,0
PRD_EST_005,STR_007,2025-01-20,8,194.5,0
PRD_EST_005,STR_008,2025-01-20,8,213.0,0
PRD_EST_005,STR_009,2025-01-20,8,203.7,0
PRD_EST_005,STR_010,2025-01-20,8,222.8,0
PRD_EST_005,STR_011,2025-01-20,8,253.0,0
PRD_EST_005,STR_012,2025-01-20,8,267.4,0
PRD_EST_005,STR_013,2025-01-20,8,290.8,0
PRD_EST_005,STR_014,2025-01-20,8,276.1,0
PRD_EST_005,STR_015,2025-01-20,8,221.9,0
PRD_EST_006,STR_001,2025-12-28,1,478.7,1
PRD_EST_006,STR_002,2025-12-28,1,471.0,1
PRD_EST_006,STR_003,2025-12-28,1,479.6,1
PRD_EST_006,STR_004,2025-12-28,1,447.2,1
PRD_EST_006,STR_005,2025-12-28,1,493.9,1
PRD_EST_006,STR_006,2025-12-28,1,425.5,1
PRD_EST_006,STR_007,2025-12-28,1,397.2,1
PRD_EST_006,STR_008,2025-12-28,1,444.1,1
PRD_EST_006,STR_009,2025-12-28,1,439.5,1
PRD_EST_006,STR_010,2025-12-28,1,450.7,1
PRD_EST_006,STR_011,2025-12-28,1,488.6,1
PRD_EST_006,STR_012,2025-12-28,1,515.1,1
PRD_EST_006,STR_013,2025-12-28,1,452.4,1
PRD_EST_006,STR_014,2025-12-28,1,493.2,1
PRD_EST_006,STR_015,2025-12-28,1,514.1,1
PRD_EST_006,STR_001,2026-01-04,2,370.1,1
PRD_EST_006,STR_002,2026-01-04,2,401.8,1
PRD_EST_006,STR_003,2026-01-04,2,394.8,1
PRD_EST_006,STR_004,2026-01-04,2,450.1,1
PRD_EST_006,STR_005,2026-01-04,2,444.2,1
PRD_EST_006,STR_006,2026-01-04,2,377.5,1
PRD_EST_006,STR_007,2026-01-04,2,337.3,1
PRD_EST_006,STR_008,2026-01-04,2,355.6,1
PRD_EST_006,STR_009,2026-01-04,2,356.1,1
PRD_EST_006,STR_010,2026-01-04,2,399.8,1
PRD_EST_006,STR_011,2026-01-04,2,443.9,1
PRD_EST_006,STR_012,2026-01-04,2,513.1,1
PRD_EST_006,STR_013,2026-01-04,2,397.5,1
PRD_EST_006,STR_014,2026-01-04,2,462.6,1
PRD_EST_006,STR_015,2026-01-04,2,456.1,1
PRD_EST_006,STR_001,2026-01-11,3,337.0,0
PRD_EST_006,STR_002,2026-01-11,3,343.1,0
PRD_EST_006,STR_003,2026-01-11,3,316.6,0
PRD_EST_006,STR_004,2026-01-11,3,244.1,0
PRD_EST_006,STR_005,2026-01-11,3,248.3,0
PRD_EST_006,STR_006,2026-01-11,3,218.1,0
PRD_EST_006,STR_007,2026-01-11,3,266.6,0
PRD_EST_006,STR_008,2026-01-11,3,290.0,0
PRD_EST_006,STR_009,2026-01-11,3,215.7,0
PRD_EST_006,STR_010,2026-01-11,3,300.4,0
PRD_EST_006,STR_011,2026-01-11,3,364.9,0
PRD_EST_006,STR_012,2026-01-11,3,377.8,0
PRD_EST_006,STR_013,2026-01-11,3,236.6,0
PRD_EST_006,STR_014,2026-01-11,3,237.2,0
PRD_EST_006,STR_015,2026-01-11,3,368.8,0
PRD_EST_006,STR_001,2026-01-18,4,257.2,0
PRD_EST_006,STR_002,2026-01-18,4,275.0,0
PRD_EST_006,STR_003,2026-01-18,4,272.0,0
PRD_EST_006,STR_004,2026-01-18,4,201.0,0
PRD_EST_006,STR_005,2026-01-18,4,210.0,0
PRD_EST_006,STR_006,2026-01-18,4,192.4,0
PRD_EST_006,STR_007,2026-01-18,4,214.6,0
PRD_EST_006,STR_008,2026-01-18,4,235.6,0
PRD_EST_006,STR_009,2026-01-18,4,170.6,0
PRD_EST_006,STR_010,2026-01-18,4,279.6,0
PRD_EST_006,STR_011,2026-01-18,4,292.0,0
PRD_EST_006,STR_012,2026-01-18,4,311.8,0
PRD_EST_006,STR_013,2026-01-18,4,213.1,0
PRD_EST_006,STR_014,2026-01-18,4,199.6,0
PRD_EST_006,STR_015,2026-01-18,4,264.3,0
PRD_EST_006,STR_001,2026-01-25,5,433.1,0
PRD_EST_006,STR_002,2026-01-25,5,467.2,0
PRD_EST_006,STR_003,2026-01-25,5,466.0,0
PRD_EST_006,STR_004,2026-01-25,5,443.7,0
PRD_EST_006,STR_005,2026-01-25,5,513.4,0
PRD_EST_006,STR_006,2026-01-25,5,426.9,0
PRD_EST_006,STR_007,2026-01-25,5,409.1,0
PRD_EST_006,STR_008,2026-01-25,5,441.0,0
PRD_EST_006,STR_009,2026-01-25,5,432.0,0
PRD_EST_006,STR_010,2026-01-25,5,473.0,0
PRD_EST_006,STR_011,2026-01-25,5,485.4,0
PRD_EST_006,STR_012,2026-01-25,5,508.4,0
PRD_EST_006,STR_013,2026-01-25,5,470.8,0
PRD_EST_006,STR_014,2026-01-25,5,497.7,0
PRD_EST_006,STR_015,2026-01-25,5,467.5,0
PRD_EST_006,STR_001,2026-02-01,6,253.6,0
PRD_EST_006,STR_002,2026-02-01,6,250.6,0
PRD_EST_006,STR_003,2026-02-01,6,244.1,0
PRD_EST_006,STR_004,2026-02-01,6,279.6,0
PRD_EST_006,STR_005,2026-02-01,6,268.0,0
PRD_EST_006,STR_006,2026-02-01,6,243.9,0
PRD_EST_006,STR_007,2026-02-01,6,222.5,0
PRD_EST_006,STR_008,2026-02-01,6,217.9,0
PRD_EST_006,STR_009,2026-02-01,6,247.2,0
PRD_EST_006,STR_010,2026-02-01,6,231.5,0
PRD_EST_006,STR_011,2026-02-01,6,269.4,0
PRD_EST_006,STR_012,2026-02-01,6,295.7,0
PRD_EST_006,STR_013,2026-02-01,6,273.8,0
PRD_EST_006,STR_014,2026-02-01,6,262.8,0
PRD_EST_006,STR_015,2026-02-01,6,250.3,0
PRD_EST_006,STR_001,2026-02-08,7,259.1,0
PRD_EST_006,STR_002,2026-02-08,7,280.1,0
PRD_EST_006,STR_003,2026-02-08,7,255.9,0
PRD_EST_006,STR_004,2026-02-08,7,289.0,0
PRD_EST_006,STR_005,2026-02-08,7,303.3,0
PRD_EST_006,STR_006,2026-02-08,7,240.3,0
PRD_EST_006,STR_007,2026-02-08,7,237.5,0
PRD_EST_006,STR_008,2026-02-08,7,251.6,0
PRD_EST_006,STR_009,2026-02-08,7,261.1,0
PRD_EST_006,STR_010,2026-02-08,7,287.7,0
PRD_EST_006,STR_011,2026-02-08,7,309.2,0
PRD_EST_006,STR_012,2026-02-08,7,355.7,0
PRD_EST_006,STR_013,2026-02-08,7,287.3,0
PRD_EST_006,STR_014,2026-02-08,7,279.3,0
PRD_EST_006,STR_015,2026-02-08,7,277.1,0
PRD_EST_006,STR_001,2026-02-15,8,267.0,0
PRD_EST_006,STR_002,2026-02-15,8,279.5,0
PRD_EST_006,STR_003,2026-02-15,8,241.7,0
PRD_EST_006,STR_004,2026-02-15,8,259.5,0
PRD_EST_006,STR_005,2026-02-15,8,291.2,0
PRD_EST_006,STR_006,2026-02-15,8,258.8,0
PRD_EST_006,STR_007,2026-02-15,8,225.5,0
PRD_EST_006,STR_008,2026-02-15,8,239.2,0
PRD_EST_006,STR_009,2026-02-15,8,239.8,0
PRD_EST_006,STR_010,2026-02-15,8,274.2,0
PRD_EST_006,STR_011,2026-02-15,8,285.6,0
PRD_EST_006,STR_012,2026-02-15,8,292.1,0
PRD_EST_006,STR_013,2026-02-15,8,281.8,0
PRD_EST_006,STR_014,2026-02-15,8,271.4,0
PRD_EST_006,STR_015,2026-02-15,8,297.3,0
PRD_EST_007,STR_001,2025-07-30,1,150.3,1
PRD_EST_007,STR_002,2025-07-30,1,162.7,1
PRD_EST_007,STR_003,2025-07-30,1,149.5,1
PRD_EST_007,STR_004,2025-07-30,1,151.3,1
PRD_EST_007,STR_005,2025-07-30,1,163.5,1
PRD_EST_007,STR_006,2025-07-30,1,143.4,1
PRD_EST_007,STR_007,2025-07-30,1,149.2,1
PRD_EST_007,STR_008,2025-07-30,1,139.2,1
PRD_EST_007,STR_009,2025-07-30,1,140.3,1
PRD_EST_007,STR_010,2025-07-30,1,145.4,1
PRD_EST_007,STR_011,2025-07-30,1,165.9,1
PRD_EST_007,STR_012,2025-07-30,1,181.6,1
PRD_EST_007,STR_013,2025-07-30,1,162.4,1
PRD_EST_007,STR_014,2025-07-30,1,173.1,1
PRD_EST_007,STR_015,2025-07-30,1,158.3,1
PRD_EST_007,STR_001,2025-08-06,2,119.9,1
PRD_EST_007,STR_002,2025-08-06,2,121.3,1
PRD_EST_007,STR_003,2025-08-06,2,126.7,1
PRD_EST_007,STR_004,2025-08-06,2,136.1,1
PRD_EST_007,STR_005,2025-08-06,2,132.7,1
PRD_EST_007,STR_006,2025-08-06,2,113.0,1
PRD_EST_007,STR_007,2025-08-06,2,111.3,1
PRD_EST_007,STR_008,2025-08-06,2,121.0,1
PRD_EST_007,STR_009,2025-08-06,2,106.1,1
PRD_EST_007,STR_010,2025-08-06,2,125.6,1
PRD_EST_007,STR_011,2025-08-06,2,132.4,1
PRD_EST_007,STR_012,2025-08-06,2,148.1,1
PRD_EST_007,STR_013,2025-08-06,2,134.2,1
PRD_EST_007,STR_014,2025-08-06,2,124.5,1
PRD_EST_007,STR_015,2025-08-06,2,121.8,1
PRD_EST_007,STR_001,2025-08-13,3,86.4,0
PRD_EST_007,STR_002,2025-08-13,3,85.1,0
PRD_EST_007,STR_003,2025-08-13,3,81.9,0
PRD_EST_007,STR_004,2025-08-13,3,81.2,0
PRD_EST_007,STR_005,2025-08-13,3,84.4,0
PRD_EST_007,STR_006,2025-08-13,3,79.1,0
PRD_EST_007,STR_007,2025-08-13,3,72.0,0
PRD_EST_007,STR_008,2025-08-13,3,83.8,0
PRD_EST_007,STR_009,2025-08-13,3,71.5,0
PRD_EST_007,STR_010,2025-08-13,3,78.1,0
PRD_EST_007,STR_011,2025-08-13,3,90.2,0
PRD_EST_007,STR_012,2025-08-13,3,97.9,0
PRD_EST_007,STR_013,2025-08-13,3,86.5,0
PRD_EST_007,STR_014,2025-08-13,3,83.1,0
PRD_EST_007,STR_015,2025-08-13,3,83.9,0
PRD_EST_007,STR_001,2025-08-20,4,70.4,0
PRD_EST_007,STR_002,2025-08-20,4,70.5,0
PRD_EST_007,STR_003,2025-08-20,4,70.1,0
PRD_EST_007,STR_004,2025-08-20,4,81.5,0
PRD_EST_007,STR_005,2025-08-20,4,71.6,0
PRD_EST_007,STR_006,2025-08-20,4,64.5,0
PRD_EST_007,STR_007,2025-08-20,4,64.9,0
PRD_EST_007,STR_008,2025-08-20,4,73.3,0
PRD_EST_007,STR_009,2025-08-20,4,63.8,0
PRD_EST_007,STR_010,2025-08-20,4,75.9,0
PRD_EST_007,STR_011,2025-08-20,4,82.5,0
PRD_EST_007,STR_012,2025-08-20,4,83.9,0
PRD_EST_007,STR_013,2025-08-20,4,78.1,0
PRD_EST_007,STR_014,2025-08-20,4,80.7,0
PRD_EST_007,STR_015,2025-08-20,4,84.5,0
PRD_EST_007,STR_001,2025-08-27,5,71.7,0
PRD_EST_007,STR_002,2025-08-27,5,71.7,0
PRD_EST_007,STR_003,2025-08-27,5,71.0,0
PRD_EST_007,STR_004,2025-08-27,5,75.4,0
PRD_EST_007,STR_005,2025-08-27,5,84.0,0
PRD_EST_007,STR_006,2025-08-27,5,76.8,0
PRD_EST_007,STR_007,2025-08-27,5,71.2,0
PRD_EST_007,STR_008,2025-08-27,5,77.4,0
PRD_EST_007,STR_009,2025-08-27,5,76.7,0
PRD_EST_007,STR_010,2025-08-27,5,78.2,0
PRD_EST_007,STR_011,2025-08-27,5,86.5,0
PRD_EST_007,STR_012,2025-08-27,5,92.8,0
PRD_EST_007,STR_013,2025-08-27,5,77.7,0
PRD_EST_007,STR_014,2025-08-27,5,79.4,0
PRD_EST_007,STR_015,2025-08-27,5,77.5,0
PRD_EST_007,STR_001,2025-09-03,6,82.7,0
PRD_EST_007,STR_002,2025-09-03,6,83.5,0
PRD_EST_007,STR_003,2025-09-03,6,76.7,0
PRD_EST_007,STR_004,2025-09-03,6,82.6,0
PRD_EST_007,STR_005,2025-09-03,6,82.4,0
PRD_EST_007,STR_006,2025-09-03,6,81.4,0
PRD_EST_007,STR_007,2025-09-03,6,75.4,0
PRD_EST_007,STR_008,2025-09-03,6,73.2,0
PRD_EST_007,STR_009,2025-09-03,6,75.5,0
PRD_EST_007,STR_010,2025-09-03,6,79.1,0
PRD_EST_007,STR_011,2025-09-03,6,89.9,0
PRD_EST_007,STR_012,2025-09-03,6,97.3,0
PRD_EST_007,STR_013,2025-09-03,6,91.9,0
PRD_EST_007,STR_014,2025-09-03,6,82.0,0
PRD_EST_007,STR_015,2025-09-03,6,92.5,0
PRD_EST_007,STR_001,2025-09-10,7,85.9,0
PRD_EST_007,STR_002,2025-09-10,7,91.8,0
PRD_EST_007,STR_003,2025-09-10,7,96.6,0
PRD_EST_007,STR_004,2025-09-10,7,97.1,0
PRD_EST_007,STR_005,2025-09-10,7,98.1,0
PRD_EST_007,STR_006,2025-09-10,7,85.9,0
PRD_EST_007,STR_007,2025-09-10,7,84.1,0
PRD_EST_007,STR_008,2025-09-10,7,82.9,0
PRD_EST_007,STR_009,2025-09-10,7,84.7,0
PRD_EST_007,STR_010,2025-09-10,7,87.0,0
PRD_EST_007,STR_011,2025-09-10,7,102.0,0
PRD_EST_007,STR_012,2025-09-10,7,113.2,0
PRD_EST_007,STR_013,2025-09-10,7,92.6,0
PRD_EST_007,STR_014,2025-09-10,7,105.8,0
PRD_EST_007,STR_015,2025-09-10,7,101.4,0
PRD_EST_007,STR_001,2025-09-17,8,83.4,0
PRD_EST_007,STR_002,2025-09-17,8,86.7,0
PRD_EST_007,STR_003,2025-09-17,8,78.2,0
PRD_EST_007,STR_004,2025-09-17,8,86.9,0
PRD_EST_007,STR_005,2025-09-17,8,93.9,0
PRD_EST_007,STR_006,2025-09-17,8,81.8,0
PRD_EST_007,STR_007,2025-09-17,8,74.2,0
PRD_EST_007,STR_008,2025-09-17,8,76.1,0
PRD_EST_007,STR_009,2025-09-17,8,73.5,0
PRD_EST_007,STR_010,2025-09-17,8,89.0,0
PRD_EST_007,STR_011,2025-09-17,8,87.4,0
PRD_EST_007,STR_012,2025-09-17,8,107.7,0
PRD_EST_007,STR_013,2025-09-17,8,88.0,0
PRD_EST_007,STR_014,2025-09-17,8,86.5,0
PRD_EST_007,STR_015,2025-09-17,8,83.5,0
PRD_EST_008,STR_001,2026-01-03,1,141.6,1
PRD_EST_008,STR_002,2026-01-03,1,131.1,1
PRD_EST_008,STR_003,2026-01-03,1,143.7,1
PRD_EST_008,STR_004,2026-01-03,1,117.1,1
PRD_EST_008,STR_005,2026-01-03,1,136.6,1
PRD_EST_008,STR_006,2026-01-03,1,105.5,1
PRD_EST_008,STR_007,2026-01-03,1,128.4,1
PRD_EST_008,STR_008,2026-01-03,1,132.7,1
PRD_EST_008,STR_009,2026-01-03,1,120.9,1
PRD_EST_008,STR_010,2026-01-03,1,128.3,1
PRD_EST_008,STR_011,2026-01-03,1,149.6,1
PRD_EST_008,STR_012,2026-01-03,1,165.7,1
PRD_EST_008,STR_013,2026-01-03,1,118.1,1
PRD_EST_008,STR_014,2026-01-03,1,138.5,1
PRD_EST_008,STR_015,2026-01-03,1,146.0,1
PRD_EST_008,STR_001,2026-01-10,2,101.4,1
PRD_EST_008,STR_002,2026-01-10,2,97.0,1
PRD_EST_008,STR_003,2026-01-10,2,96.1,1
PRD_EST_008,STR_004,2026-01-10,2,98.8,1
PRD_EST_008,STR_005,2026-01-10,2,94.7,1
PRD_EST_008,STR_006,2026-01-10,2,83.6,1
PRD_EST_008,STR_007,2026-01-10,2,91.9,1
PRD_EST_008,STR_008,2026-01-10,2,89.5,1
PRD_EST_008,STR_009,2026-01-10,2,92.3,1
PRD_EST_008,STR_010,2026-01-10,2,99.6,1
PRD_EST_008,STR_011,2026-01-10,2,107.3,1
PRD_EST_008,STR_012,2026-01-10,2,114.2,1
PRD_EST_008,STR_013,2026-01-10,2,100.7,1
PRD_EST_008,STR_014,2026-01-10,2,94.3,1
PRD_EST_008,STR_015,2026-01-10,2,116.4,1
PRD_EST_008,STR_001,2026-01-17,3,63.1,0
PRD_EST_008,STR_002,2026-01-17,3,64.4,0
PRD_EST_008,STR_003,2026-01-17,3,68.2,0
PRD_EST_008,STR_004,2026-01-17,3,61.6,0
PRD_EST_008,STR_005,2026-01-17,3,58.8,0
PRD_EST_008,STR_006,2026-01-17,3,52.7,0
PRD_EST_008,STR_007,2026-01-17,3,54.7,0
PRD_EST_008,STR_008,2026-01-17,3,61.3,0
PRD_EST_008,STR_009,2026-01-17,3,57.6,0
PRD_EST_008,STR_010,2026-01-17,3,60.7,0
PRD_EST_008,STR_011,2026-01-17,3,77.0,0
PRD_EST_008,STR_012,2026-01-17,3,83.7,0
PRD_EST_008,STR_013,2026-01-17,3,61.3,0
PRD_EST_008,STR_014,2026-01-17,3,68.1,0
PRD_EST_008,STR_015,2026-01-17,3,75.0,0
PRD_EST_008,STR_001,2026-01-24,4,64.3,0
PRD_EST_008,STR_002,2026-01-24,4,66.2,0
PRD_EST_008,STR_003,2026-01-24,4,64.1,0
PRD_EST_008,STR_004,2026-01-24,4,55.3,0
PRD_EST_008,STR_005,2026-01-24,4,56.1,0
PRD_EST_008,STR_006,2026-01-24,4,56.1,0
PRD_EST_008,STR_007,2026-01-24,4,54.8,0
PRD_EST_008,STR_008,2026-01-24,4,62.0,0
PRD_EST_008,STR_009,2026-01-24,4,57.8,0
PRD_EST_008,STR_010,2026-01-24,4,57.8,0
PRD_EST_008,STR_011,2026-01-24,4,66.8,0
PRD_EST_008,STR_012,2026-01-24,4,74.3,0
PRD_EST_008,STR_013,2026-01-24,4,56.3,0
PRD_EST_008,STR_014,2026-01-24,4,60.8,0
PRD_EST_008,STR_015,2026-01-24,4,61.8,0
PRD_EST_008,STR_001,2026-01-31,5,55.7,0
PRD_EST_008,STR_002,2026-01-31,5,59.2,0
PRD_EST_008,STR_003,2026-01-31,5,61.5,0
PRD_EST_008,STR_004,2026-01-31,5,56.3,0
PRD_EST_008,STR_005,2026-01-31,5,54.0,0
PRD_EST_008,STR_006,2026-01-31,5,45.2,0
PRD_EST_008,STR_007,2026-01-31,5,48.7,0
PRD_EST_008,STR_008,2026-01-31,5,51.9,0
PRD_EST_008,STR_009,2026-01-31,5,52.4,0
PRD_EST_008,STR_010,2026-01-31,5,57.1,0
PRD_EST_008,STR_011,2026-01-31,5,63.1,0
PRD_EST_008,STR_012,2026-01-31,5,65.4,0
PRD_EST_008,STR_013,2026-01-31,5,51.4,0
PRD_EST_008,STR_014,2026-01-31,5,57.1,0
PRD_EST_008,STR_015,2026-01-31,5,61.4,0
PRD_EST_008,STR_001,2026-02-07,6,65.9,0
PRD_EST_008,STR_002,2026-02-07,6,67.7,0
PRD_EST_008,STR_003,2026-02-07,6,68.4,0
PRD_EST_008,STR_004,2026-02-07,6,65.3,0
PRD_EST_008,STR_005,2026-02-07,6,69.6,0
PRD_EST_008,STR_006,2026-02-07,6,59.1,0
PRD_EST_008,STR_007,2026-02-07,6,62.5,0
PRD_EST_008,STR_008,2026-02-07,6,61.3,0
PRD_EST_008,STR_009,2026-02-07,6,60.3,0
PRD_EST_008,STR_010,2026-02-07,6,67.6,0
PRD_EST_008,STR_011,2026-02-07,6,81.7,0
PRD_EST_008,STR_012,2026-02-07,6,84.2,0
PRD_EST_008,STR_013,2026-02-07,6,64.1,0
PRD_EST_008,STR_014,2026-02-07,6,63.1,0
PRD_EST_008,STR_015,2026-02-07,6,75.5,0
PRD_EST_008,STR_001,2026-02-14,7,68.5,0
PRD_EST_008,STR_002,2026-02-14,7,65.2,0
PRD_EST_008,STR_003,2026-02-14,7,65.2,0
PRD_EST_008,STR_004,2026-02-14,7,68.4,0
PRD_EST_008,STR_005,2026-02-14,7,70.8,0
PRD_EST_008,STR_006,2026-02-14,7,59.3,0
PRD_EST_008,STR_007,2026-02-14,7,59.1,0
PRD_EST_008,STR_008,2026-02-14,7,70.7,0
PRD_EST_008,STR_009,2026-02-14,7,61.9,0
PRD_EST_008,STR_010,2026-02-14,7,75.2,0
PRD_EST_008,STR_011,2026-02-14,7,75.1,0
PRD_EST_008,STR_012,2026-02-14,7,83.6,0
PRD_EST_008,STR_013,2026-02-14,7,68.0,0
PRD_EST_008,STR_014,2026-02-14,7,71.9,0
PRD_EST_008,STR_015,2026-02-14,7,76.9,0
PRD_EST_008,STR_001,2026-02-21,8,71.9,0
PRD_EST_008,STR_002,2026-02-21,8,72.7,0
PRD_EST_008,STR_003,2026-02-21,8,72.5,0
PRD_EST_008,STR_004,2026-02-21,8,68.9,0
PRD_EST_008,STR_005,2026-02-21,8,69.4,0
PRD_EST_008,STR_006,2026-02-21,8,56.3,0
PRD_EST_008,STR_007,2026-02-21,8,62.9,0
PRD_EST_008,STR_008,2026-02-21,8,64.3,0
PRD_EST_008,STR_009,2026-02-21,8,66.9,0
PRD_EST_008,STR_010,2026-02-21,8,70.4,0
PRD_EST_008,STR_011,2026-02-21,8,84.9,0
PRD_EST_008,STR_012,2026-02-21,8,93.0,0
PRD_EST_008,STR_013,2026-02-21,8,70.4,0
PRD_EST_008,STR_014,2026-02-21,8,71.5,0
PRD_EST_008,STR_015,2026-02-21,8,75.3,0
PRD_EST_009,STR_001,2024-11-27,1,295.7,1
PRD_EST_009,STR_002,2024-11-27,1,315.4,1
PRD_EST_009,STR_003,2024-11-27,1,321.8,1
PRD_EST_009,STR_004,2024-11-27,1,309.4,1
PRD_EST_009,STR_005,2024-11-27,1,329.2,1
PRD_EST_009,STR_006,2024-11-27,1,287.5,1
PRD_EST_009,STR_007,2024-11-27,1,273.7,1
PRD_EST_009,STR_008,2024-11-27,1,280.7,1
PRD_EST_009,STR_009,2024-11-27,1,291.3,1
PRD_EST_009,STR_010,2024-11-27,1,317.4,1
PRD_EST_009,STR_011,2024-11-27,1,341.1,1
PRD_EST_009,STR_012,2024-11-27,1,397.9,1
PRD_EST_009,STR_013,2024-11-27,1,340.9,1
PRD_EST_009,STR_014,2024-11-27,1,346.9,1
PRD_EST_009,STR_015,2024-11-27,1,336.8,1
PRD_EST_009,STR_001,2024-12-04,2,245.5,1
PRD_EST_009,STR_002,2024-12-04,2,265.5,1
PRD_EST_009,STR_003,2024-12-04,2,245.0,1
PRD_EST_009,STR_004,2024-12-04,2,251.6,1
PRD_EST_009,STR_005,2024-12-04,2,281.2,1
PRD_EST_009,STR_006,2024-12-04,2,228.2,1
PRD_EST_009,STR_007,2024-12-04,2,220.0,1
PRD_EST_009,STR_008,2024-12-04,2,234.1,1
PRD_EST_009,STR_009,2024-12-04,2,236.1,1
PRD_EST_009,STR_010,2024-12-04,2,260.3,1
PRD_EST_009,STR_011,2024-12-04,2,278.0,1
PRD_EST_009,STR_012,2024-12-04,2,311.6,1
PRD_EST_009,STR_013,2024-12-04,2,249.6,1
PRD_EST_009,STR_014,2024-12-04,2,264.1,1
PRD_EST_009,STR_015,2024-12-04,2,284.2,1
PRD_EST_009,STR_001,2024-12-11,3,118.0,0
PRD_EST_009,STR_002,2024-12-11,3,119.7,0
PRD_EST_009,STR_003,2024-12-11,3,132.4,0
PRD_EST_009,STR_004,2024-12-11,3,139.1,0
PRD_EST_009,STR_005,2024-12-11,3,137.5,0
PRD_EST_009,STR_006,2024-12-11,3,119.3,0
PRD_EST_009,STR_007,2024-12-11,3,113.4,0
PRD_EST_009,STR_008,2024-12-11,3,116.7,0
PRD_EST_009,STR_009,2024-12-11,3,115.1,0
PRD_EST_009,STR_010,2024-12-11,3,124.9,0
PRD_EST_009,STR_011,2024-12-11,3,145.3,0
PRD_EST_009,STR_012,2024-12-11,3,154.8,0
PRD_EST_009,STR_013,2024-12-11,3,126.0,0
PRD_EST_009,STR_014,2024-12-11,3,134.7,0
PRD_EST_009,STR_015,2024-12-11,3,134.1,0
PRD_EST_009,STR_001,2024-12-18,4,117.7,0
PRD_EST_009,STR_002,2024-12-18,4,110.0,0
PRD_EST_009,STR_003,2024-12-18,4,109.2,0
PRD_EST_009,STR_004,2024-12-18,4,122.0,0
PRD_EST_009,STR_005,2024-12-18,4,112.6,0
PRD_EST_009,STR_006,2024-12-18,4,96.9,0
PRD_EST_009,STR_007,2024-12-18,4,106.9,0
PRD_EST_009,STR_008,2024-12-18,4,98.7,0
PRD_EST_009,STR_009,2024-12-18,4,111.6,0
PRD_EST_009,STR_010,2024-12-18,4,114.7,0
PRD_EST_009,STR_011,2024-12-18,4,127.9,0
PRD_EST_009,STR_012,2024-12-18,4,129.1,0
PRD_EST_009,STR_013,2024-12-18,4,124.3,0
PRD_EST_009,STR_014,2024-12-18,4,116.1,0
PRD_EST_009,STR_015,2024-12-18,4,121.7,0
PRD_EST_009,STR_001,2024-12-25,5,124.5,0
PRD_EST_009,STR_002,2024-12-25,5,122.5,0
PRD_EST_009,STR_003,2024-12-25,5,135.7,0
PRD_EST_009,STR_004,2024-12-25,5,130.7,0
PRD_EST_009,STR_005,2024-12-25,5,129.3,0
PRD_EST_009,STR_006,2024-12-25,5,130.0,0
PRD_EST_009,STR_007,2024-12-25,5,111.2,0
PRD_EST_009,STR_008,2024-12-25,5,118.2,0
PRD_EST_009,STR_009,2024-12-25,5,114.3,0
PRD_EST_009,STR_010,2024-12-25,5,127.1,0
PRD_EST_009,STR_011,2024-12-25,5,143.0,0
PRD_EST_009,STR_012,2024-12-25,5,162.5,0
PRD_EST_009,STR_013,2024-12-25,5,129.9,0
PRD_EST_009,STR_014,2024-12-25,5,151.2,0
PRD_EST_009,STR_015,2024-12-25,5,151.5,0
PRD_EST_009,STR_001,2025-01-01,6,129.7,0
PRD_EST_009,STR_002,2025-01-01,6,142.2,0
PRD_EST_009,STR_003,2025-01-01,6,147.2,0
PRD_EST_009,STR_004,2025-01-01,6,144.3,0
PRD_EST_009,STR_005,2025-01-01,6,151.5,0
PRD_EST_009,STR_006,2025-01-01,6,134.9,0
PRD_EST_009,STR_007,2025-01-01,6,119.3,0
PRD_EST_009,STR_008,2025-01-01,6,126.6,0
PRD_EST_009,STR_009,2025-01-01,6,120.5,0
PRD_EST_009,STR_010,2025-01-01,6,144.7,0
PRD_EST_009,STR_011,2025-01-01,6,156.2,0
PRD_EST_009,STR_012,2025-01-01,6,160.6,0
PRD_EST_009,STR_013,2025-01-01,6,152.0,0
PRD_EST_009,STR_014,2025-01-01,6,157.8,0
PRD_EST_009,STR_015,2025-01-01,6,138.4,0
PRD_EST_009,STR_001,2025-01-08,7,157.6,0
PRD_EST_009,STR_002,2025-01-08,7,147.3,0
PRD_EST_009,STR_003,2025-01-08,7,157.3,0
PRD_EST_009,STR_004,2025-01-08,7,166.6,0
PRD_EST_009,STR_005,2025-01-08,7,147.3,0
PRD_EST_009,STR_006,2025-01-08,7,146.9,0
PRD_EST_009,STR_007,2025-01-08,7,139.0,0
PRD_EST_009,STR_008,2025-01-08,7,134.0,0
PRD_EST_009,STR_009,2025-01-08,7,145.0,0
PRD_EST_009,STR_010,2025-01-08,7,158.1,0
PRD_EST_009,STR_011,2025-01-08,7,158.5,0
PRD_EST_009,STR_012,2025-01-08,7,167.0,0
PRD_EST_009,STR_013,2025-01-08,7,152.4,0
PRD_EST_009,STR_014,2025-01-08,7,163.4,0
PRD_EST_009,STR_015,2025-01-08,7,171.7,0
PRD_EST_009,STR_001,2025-01-15,8,151.2,0
PRD_EST_009,STR_002,2025-01-15,8,155.9,0
PRD_EST_009,STR_003,2025-01-15,8,160.6,0
PRD_EST_009,STR_004,2025-01-15,8,164.6,0
PRD_EST_009,STR_005,2025-01-15,8,177.8,0
PRD_EST_009,STR_006,2025-01-15,8,138.1,0
PRD_EST_009,STR_007,2025-01-15,8,139.9,0
PRD_EST_009,STR_008,2025-01-15,8,143.0,0
PRD_EST_009,STR_009,2025-01-15,8,154.0,0
PRD_EST_009,STR_010,2025-01-15,8,152.8,0
PRD_EST_009,STR_011,2025-01-15,8,179.0,0
PRD_EST_009,STR_012,2025-01-15,8,194.4,0
PRD_EST_009,STR_013,2025-01-15,8,171.5,0
PRD_EST_009,STR_014,2025-01-15,8,156.0,0
PRD_EST_009,STR_015,2025-01-15,8,164.7,0
PRD_EST_010,STR_001,2024-12-28,1,194.0,1
PRD_EST_010,STR_002,2024-12-28,1,210.5,1
PRD_EST_010,STR_003,2024-12-28,1,181.3,1
PRD_EST_010,STR_004,2024-12-28,1,252.1,1
PRD_EST_010,STR_005,2024-12-28,1,260.0,1
PRD_EST_010,STR_006,2024-12-28,1,221.2,1
PRD_EST_010,STR_007,2024-12-28,1,170.4,1
PRD_EST_010,STR_008,2024-12-28,1,188.5,1
PRD_EST_010,STR_009,2024-12-28,1,186.0,1
PRD_EST_010,STR_010,2024-12-28,1,189.3,1
PRD_EST_010,STR_011,2024-12-28,1,211.4,1
PRD_EST_010,STR_012,2024-12-28,1,227.9,1
PRD_EST_010,STR_013,2024-12-28,1,266.5,1
PRD_EST_010,STR_014,2024-12-28,1,263.5,1
PRD_EST_010,STR_015,2024-12-28,1,200.4,1
PRD_EST_010,STR_001,2025-01-04,2,154.7,1
PRD_EST_010,STR_002,2025-01-04,2,162.2,1
PRD_EST_010,STR_003,2025-01-04,2,161.3,1
PRD_EST_010,STR_004,2025-01-04,2,206.8,1
PRD_EST_010,STR_005,2025-01-04,2,208.6,1
PRD_EST_010,STR_006,2025-01-04,2,181.3,1
PRD_EST_010,STR_007,2025-01-04,2,144.7,1
PRD_EST_010,STR_008,2025-01-04,2,140.5,1
PRD_EST_010,STR_009,2025-01-04,2,135.5,1
PRD_EST_010,STR_010,2025-01-04,2,163.0,1
PRD_EST_010,STR_011,2025-01-04,2,166.3,1
PRD_EST_010,STR_012,2025-01-04,2,182.3,1
PRD_EST_010,STR_013,2025-01-04,2,216.0,1
PRD_EST_010,STR_014,2025-01-04,2,200.3,1
PRD_EST_010,STR_015,2025-01-04,2,168.9,1
PRD_EST_010,STR_001,2025-01-11,3,94.5,0
PRD_EST_010,STR_002,2025-01-11,3,93.3,0
PRD_EST_010,STR_003,2025-01-11,3,94.0,0
PRD_EST_010,STR_004,2025-01-11,3,123.1,0
PRD_EST_010,STR_005,2025-01-11,3,124.4,0
PRD_EST_010,STR_006,2025-01-11,3,107.7,0
PRD_EST_010,STR_007,2025-01-11,3,81.0,0
PRD_EST_010,STR_008,2025-01-11,3,88.6,0
PRD_EST_010,STR_009,2025-01-11,3,84.1,0
PRD_EST_010,STR_010,2025-01-11,3,90.0,0
PRD_EST_010,STR_011,2025-01-11,3,96.3,0
PRD_EST_010,STR_012,2025-01-11,3,115.6,0
PRD_EST_010,STR_013,2025-01-11,3,110.9,0
PRD_EST_010,STR_014,2025-01-11,3,127.0,0
PRD_EST_010,STR_015,2025-01-11,3,102.8,0
PRD_EST_010,STR_001,2025-01-18,4,80.6,0
PRD_EST_010,STR_002,2025-01-18,4,86.0,0
PRD_EST_010,STR_003,2025-01-18,4,80.9,0
PRD_EST_010,STR_004,2025-01-18,4,118.0,0
PRD_EST_010,STR_005,2025-01-18,4,112.9,0
PRD_EST_010,STR_006,2025-01-18,4,102.8,0
PRD_EST_010,STR_007,2025-01-18,4,78.8,0
PRD_EST_010,STR_008,2025-01-18,4,80.7,0
PRD_EST_010,STR_009,2025-01-18,4,85.0,0
PRD_EST_010,STR_010,2025-01-18,4,84.8,0
PRD_EST_010,STR_011,2025-01-18,4,87.3,0
PRD_EST_010,STR_012,2025-01-18,4,97.3,0
PRD_EST_010,STR_013,2025-01-18,4,111.3,0
PRD_EST_010,STR_014,2025-01-18,4,116.3,0
PRD_EST_010,STR_015,2025-01-18,4,93.0,0
PRD_EST_010,STR_001,2025-01-25,5,87.2,0
PRD_EST_010,STR_002,2025-01-25,5,83.2,0
PRD_EST_010,STR_003,2025-01-25,5,79.2,0
PRD_EST_010,STR_004,2025-01-25,5,107.6,0
PRD_EST_010,STR_005,2025-01-25,5,105.2,0
PRD_EST_010,STR_006,2025-01-25,5,95.7,0
PRD_EST_010,STR_007,2025-01-25,5,71.2,0
PRD_EST_010,STR_008,2025-01-25,5,80.1,0
PRD_EST_010,STR_009,2025-01-25,5,82.7,0
PRD_EST_010,STR_010,2025-01-25,5,86.4,0
PRD_EST_010,STR_011,2025-01-25,5,87.7,0
PRD_EST_010,STR_012,2025-01-25,5,110.3,0
PRD_EST_010,STR_013,2025-01-25,5,122.0,0
PRD_EST_010,STR_014,2025-01-25,5,115.0,0
PRD_EST_010,STR_015,2025-01-25,5,89.3,0
PRD_EST_010,STR_001,2025-02-01,6,85.2,0
PRD_EST_010,STR_002,2025-02-01,6,85.5,0
PRD_EST_010,STR_003,2025-02-01,6,92.9,0
PRD_EST_010,STR_004,2025-02-01,6,122.9,0
PRD_EST_010,STR_005,2025-02-01,6,130.0,0
PRD_EST_010,STR_006,2025-02-01,6,103.9,0
PRD_EST_010,STR_007,2025-02-01,6,85.9,0
PRD_EST_010,STR_008,2025-02-01,6,85.1,0
PRD_EST_010,STR_009,2025-02-01,6,90.5,0
PRD_EST_010,STR_010,2025-02-01,6,89.0,0
PRD_EST_010,STR_011,2025-02-01,6,93.1,0
PRD_EST_010,STR_012,2025-02-01,6,117.9,0
PRD_EST_010,STR_013,2025-02-01,6,126.9,0
PRD_EST_010,STR_014,2025-02-01,6,115.1,0
PRD_EST_010,STR_015,2025-02-01,6,103.4,0
PRD_EST_010,STR_001,2025-02-08,7,84.1,0
PRD_EST_010,STR_002,2025-02-08,7,97.7,0
PRD_EST_010,STR_003,2025-02-08,7,89.0,0
PRD_EST_010,STR_004,2025-02-08,7,111.1,0
PRD_EST_010,STR_005,2025-02-08,7,129.9,0
PRD_EST_010,STR_006,2025-02-08,7,111.4,0
PRD_EST_010,STR_007,2025-02-08,7,83.9,0
PRD_EST_010,STR_008,2025-02-08,7,92.1,0
PRD_EST_010,STR_009,2025-02-08,7,84.1,0
PRD_EST_010,STR_010,2025-02-08,7,93.7,0
PRD_EST_010,STR_011,2025-02-08,7,98.3,0
PRD_EST_010,STR_012,2025-02-08,7,107.3,0
PRD_EST_010,STR_013,2025-02-08,7,114.2,0
PRD_EST_010,STR_014,2025-02-08,7,121.1,0
PRD_EST_010,STR_015,2025-02-08,7,92.1,0
PRD_EST_010,STR_001,2025-02-15,8,89.4,0
PRD_EST_010,STR_002,2025-02-15,8,100.9,0
PRD_EST_010,STR_003,2025-02-15,8,99.2,0
PRD_EST_010,STR_004,2025-02-15,8,114.9,0
PRD_EST_010,STR_005,2025-02-15,8,130.1,0
PRD_EST_010,STR_006,2025-02-15,8,113.2,0
PRD_EST_010,STR_007,2025-02-15,8,90.6,0
PRD_EST_010,STR_008,2025-02-15,8,95.6,0
PRD_EST_010,STR_009,2025-02-15,8,85.2,0
PRD_EST_010,STR_010,2025-02-15,8,88.6,0
PRD_EST_010,STR_011,2025-02-15,8,106.2,0
PRD_EST_010,STR_012,2025-02-15,8,114.1,0
PRD_EST_010,STR_013,2025-02-15,8,129.0,0
PRD_EST_010,STR_014,2025-02-15,8,135.8,0
PRD_EST_010,STR_015,2025-02-15,8,98.3,0
PRD_EST_011,STR_001,2026-01-22,1,84.3,0
PRD_EST_011,STR_002,2026-01-22,1,85.8,0
PRD_EST_011,STR_003,2026-01-22,1,78.2,0
PRD_EST_011,STR_004,2026-01-22,1,81.3,0
PRD_EST_011,STR_005,2026-01-22,1,84.4,0
PRD_EST_011,STR_006,2026-01-22,1,68.9,0
PRD_EST_011,STR_007,2026-01-22,1,71.7,0
PRD_EST_011,STR_008,2026-01-22,1,74.4,0
PRD_EST_011,STR_009,2026-01-22,1,76.9,0
PRD_EST_011,STR_010,2026-01-22,1,82.8,0
PRD_EST_011,STR_011,2026-01-22,1,93.1,0
PRD_EST_011,STR_012,2026-01-22,1,93.5,0
PRD_EST_011,STR_013,2026-01-22,1,79.7,0
PRD_EST_011,STR_014,2026-01-22,1,79.8,0
PRD_EST_011,STR_015,2026-01-22,1,81.5,0
PRD_EST_011,STR_001,2026-01-29,2,68.3,0
PRD_EST_011,STR_002,2026-01-29,2,72.4,0
PRD_EST_011,STR_003,2026-01-29,2,69.5,0
PRD_EST_011,STR_004,2026-01-29,2,66.8,0
PRD_EST_011,STR_005,2026-01-29,2,70.1,0
PRD_EST_011,STR_006,2026-01-29,2,58.6,0
PRD_EST_011,STR_007,2026-01-29,2,61.0,0
PRD_EST_011,STR_008,2026-01-29,2,63.5,0
PRD_EST_011,STR_009,2026-01-29,2,66.5,0
PRD_EST_011,STR_010,2026-01-29,2,67.9,0
PRD_EST_011,STR_011,2026-01-29,2,74.4,0
PRD_EST_011,STR_012,2026-01-29,2,90.5,0
PRD_EST_011,STR_013,2026-01-29,2,63.4,0
PRD_EST_011,STR_014,2026-01-29,2,68.2,0
PRD_EST_011,STR_015,2026-01-29,2,70.8,0
PRD_EST_011,STR_001,2026-02-05,3,53.8,0
PRD_EST_011,STR_002,2026-02-05,3,54.4,0
PRD_EST_011,STR_003,2026-02-05,3,55.4,0
PRD_EST_011,STR_004,2026-02-05,3,50.9,0
PRD_EST_011,STR_005,2026-02-05,3,50.8,0
PRD_EST_011,STR_006,2026-02-05,3,45.1,0
PRD_EST_011,STR_007,2026-02-05,3,45.8,0
PRD_EST_011,STR_008,2026-02-05,3,51.7,0
PRD_EST_011,STR_009,2026-02-05,3,50.4,0
PRD_EST_011,STR_010,2026-02-05,3,55.5,0
PRD_EST_011,STR_011,2026-02-05,3,63.8,0
PRD_EST_011,STR_012,2026-02-05,3,61.9,0
PRD_EST_011,STR_013,2026-02-05,3,51.3,0
PRD_EST_011,STR_014,2026-02-05,3,54.3,0
PRD_EST_011,STR_015,2026-02-05,3,55.0,0
PRD_EST_011,STR_001,2026-02-12,4,48.5,0
PRD_EST_011,STR_002,2026-02-12,4,55.3,0
PRD_EST_011,STR_003,2026-02-12,4,53.4,0
PRD_EST_011,STR_004,2026-02-12,4,50.9,0
PRD_EST_011,STR_005,2026-02-12,4,48.3,0
PRD_EST_011,STR_006,2026-02-12,4,42.2,0
PRD_EST_011,STR_007,2026-02-12,4,50.0,0
PRD_EST_011,STR_008,2026-02-12,4,48.2,0
PRD_EST_011,STR_009,2026-02-12,4,52.4,0
PRD_EST_011,STR_010,2026-02-12,4,50.3,0
PRD_EST_011,STR_011,2026-02-12,4,55.0,0
PRD_EST_011,STR_012,2026-02-12,4,66.2,0
PRD_EST_011,STR_013,2026-02-12,4,52.0,0
PRD_EST_011,STR_014,2026-02-12,4,53.1,0
PRD_EST_011,STR_015,2026-02-12,4,60.5,0
PRD_EST_011,STR_001,2026-02-19,5,49.4,0
PRD_EST_011,STR_002,2026-02-19,5,50.0,0
PRD_EST_011,STR_003,2026-02-19,5,47.6,0
PRD_EST_011,STR_004,2026-02-19,5,43.6,0
PRD_EST_011,STR_005,2026-02-19,5,45.1,0
PRD_EST_011,STR_006,2026-02-19,5,39.3,0
PRD_EST_011,STR_007,2026-02-19,5,42.9,0
PRD_EST_011,STR_008,2026-02-19,5,46.8,0
PRD_EST_011,STR_009,2026-02-19,5,43.8,0
PRD_EST_011,STR_010,2026-02-19,5,47.3,0
PRD_EST_011,STR_011,2026-02-19,5,56.5,0
PRD_EST_011,STR_012,2026-02-19,5,58.2,0
PRD_EST_011,STR_013,2026-02-19,5,48.2,0
PRD_EST_011,STR_014,2026-02-19,5,48.6,0
PRD_EST_011,STR_015,2026-02-19,5,54.3,0
PRD_EST_011,STR_001,2026-02-26,6,58.1,0
PRD_EST_011,STR_002,2026-02-26,6,57.6,0
PRD_EST_011,STR_003,2026-02-26,6,58.7,0
PRD_EST_011,STR_004,2026-02-26,6,52.7,0
PRD_EST_011,STR_005,2026-02-26,6,61.4,0
PRD_EST_011,STR_006,2026-02-26,6,52.8,0
PRD_EST_011,STR_007,2026-02-26,6,49.7,0
PRD_EST_011,STR_008,2026-02-26,6,57.7,0
PRD_EST_011,STR_009,2026-02-26,6,57.3,0
PRD_EST_011,STR_010,2026-02-26,6,62.6,0
PRD_EST_011,STR_011,2026-02-26,6,64.3,0
PRD_EST_011,STR_012,2026-02-26,6,69.6,0
PRD_EST_011,STR_013,2026-02-26,6,55.0,0
PRD_EST_011,STR_014,2026-02-26,6,59.3,0
PRD_EST_011,STR_015,2026-02-26,6,62.5,0
PRD_EST_011,STR_001,2026-03-05,7,52.7,0
PRD_EST_011,STR_002,2026-03-05,7,56.6,0
PRD_EST_011,STR_003,2026-03-05,7,51.5,0
PRD_EST_011,STR_004,2026-03-05,7,51.8,0
PRD_EST_011,STR_005,2026-03-05,7,50.6,0
PRD_EST_011,STR_006,2026-03-05,7,46.0,0
PRD_EST_011,STR_007,2026-03-05,7,48.9,0
PRD_EST_011,STR_008,2026-03-05,7,49.7,0
PRD_EST_011,STR_009,2026-03-05,7,51.2,0
PRD_EST_011,STR_010,2026-03-05,7,51.6,0
PRD_EST_011,STR_011,2026-03-05,7,54.8,0
PRD_EST_011,STR_012,2026-03-05,7,64.4,0
PRD_EST_011,STR_013,2026-03-05,7,47.7,0
PRD_EST_011,STR_014,2026-03-05,7,54.4,0
PRD_EST_011,STR_015,2026-03-05,7,61.4,0
PRD_EST_011,STR_001,2026-03-12,8,68.9,0
PRD_EST_011,STR_002,2026-03-12,8,65.1,0
PRD_EST_011,STR_003,2026-03-12,8,68.4,0
PRD_EST_011,STR_004,2026-03-12,8,56.8,0
PRD_EST_011,STR_005,2026-03-12,8,65.4,0
PRD_EST_011,STR_006,2026-03-12,8,50.6,0
PRD_EST_011,STR_007,2026-03-12,8,53.2,0
PRD_EST_011,STR_008,2026-03-12,8,57.8,0
PRD_EST_011,STR_009,2026-03-12,8,61.9,0
PRD_EST_011,STR_010,2026-03-12,8,60.4,0
PRD_EST_011,STR_011,2026-03-12,8,67.3,0
PRD_EST_011,STR_012,2026-03-12,8,74.9,0
PRD_EST_011,STR_013,2026-03-12,8,61.2,0
PRD_EST_011,STR_014,2026-03-12,8,58.5,0
PRD_EST_011,STR_015,2026-03-12,8,71.4,0
PRD_EST_012,STR_001,2024-11-17,1,272.5,1
PRD_EST_012,STR_002,2024-11-17,1,264.1,1
PRD_EST_012,STR_003,2024-11-17,1,285.9,1
PRD_EST_012,STR_004,2024-11-17,1,264.5,1
PRD_EST_012,STR_005,2024-11-17,1,303.7,1
PRD_EST_012,STR_006,2024-11-17,1,250.5,1
PRD_EST_012,STR_007,2024-11-17,1,227.9,1
PRD_EST_012,STR_008,2024-11-17,1,257.3,1
PRD_EST_012,STR_009,2024-11-17,1,239.6,1
PRD_EST_012,STR_010,2024-11-17,1,260.9,1
PRD_EST_012,STR_011,2024-11-17,1,307.4,1
PRD_EST_012,STR_012,2024-11-17,1,301.1,1
PRD_EST_012,STR_013,2024-11-17,1,302.5,1
PRD_EST_012,STR_014,2024-11-17,1,285.8,1
PRD_EST_012,STR_015,2024-11-17,1,275.8,1
PRD_EST_012,STR_001,2024-11-24,2,220.6,1
PRD_EST_012,STR_002,2024-11-24,2,209.3,1
PRD_EST_012,STR_003,2024-11-24,2,227.6,1
PRD_EST_012,STR_004,2024-11-24,2,210.6,1
PRD_EST_012,STR_005,2024-11-24,2,248.7,1
PRD_EST_012,STR_006,2024-11-24,2,206.8,1
PRD_EST_012,STR_007,2024-11-24,2,178.1,1
PRD_EST_012,STR_008,2024-11-24,2,201.3,1
PRD_EST_012,STR_009,2024-11-24,2,198.0,1
PRD_EST_012,STR_010,2024-11-24,2,215.4,1
PRD_EST_012,STR_011,2024-11-24,2,242.8,1
PRD_EST_012,STR_012,2024-11-24,2,269.9,1
PRD_EST_012,STR_013,2024-11-24,2,212.9,1
PRD_EST_012,STR_014,2024-11-24,2,245.8,1
PRD_EST_012,STR_015,2024-11-24,2,238.3,1
PRD_EST_012,STR_001,2024-12-01,3,110.3,0
PRD_EST_012,STR_002,2024-12-01,3,123.3,0
PRD_EST_012,STR_003,2024-12-01,3,123.3,0
PRD_EST_012,STR_004,2024-12-01,3,127.2,0
PRD_EST_012,STR_005,2024-12-01,3,130.3,0
PRD_EST_012,STR_006,2024-12-01,3,102.4,0
PRD_EST_012,STR_007,2024-12-01,3,108.5,0
PRD_EST_012,STR_008,2024-12-01,3,111.6,0
PRD_EST_012,STR_009,2024-12-01,3,108.2,0
PRD_EST_012,STR_010,2024-12-01,3,110.4,0
PRD_EST_012,STR_011,2024-12-01,3,134.4,0
PRD_EST_012,STR_012,2024-12-01,3,142.6,0
PRD_EST_012,STR_013,2024-12-01,3,116.6,0
PRD_EST_012,STR_014,2024-12-01,3,124.2,0
PRD_EST_012,STR_015,2024-12-01,3,126.5,0
PRD_EST_012,STR_001,2024-12-08,4,114.2,0
PRD_EST_012,STR_002,2024-12-08,4,128.5,0
PRD_EST_012,STR_003,2024-12-08,4,112.2,0
PRD_EST_012,STR_004,2024-12-08,4,121.1,0
PRD_EST_012,STR_005,2024-12-08,4,122.3,0
PRD_EST_012,STR_006,2024-12-08,4,119.5,0
PRD_EST_012,STR_007,2024-12-08,4,113.9,0
PRD_EST_012,STR_008,2024-12-08,4,122.9,0
PRD_EST_012,STR_009,2024-12-08,4,110.0,0
PRD_EST_012,STR_010,2024-12-08,4,122.9,0
PRD_EST_012,STR_011,2024-12-08,4,135.1,0
PRD_EST_012,STR_012,2024-12-08,4,155.3,0
PRD_EST_012,STR_013,2024-12-08,4,132.0,0
PRD_EST_012,STR_014,2024-12-08,4,131.9,0
PRD_EST_012,STR_015,2024-12-08,4,128.6,0
PRD_EST_012,STR_001,2024-12-15,5,128.5,0
PRD_EST_012,STR_002,2024-12-15,5,130.9,0
PRD_EST_012,STR_003,2024-12-15,5,128.9,0
PRD_EST_012,STR_004,2024-12-15,5,121.8,0
PRD_EST_012,STR_005,2024-12-15,5,138.6,0
PRD_EST_012,STR_006,2024-12-15,5,114.0,0
PRD_EST_012,STR_007,2024-12-15,5,104.2,0
PRD_EST_012,STR_008,2024-12-15,5,113.2,0
PRD_EST_012,STR_009,2024-12-15,5,108.9,0
PRD_EST_012,STR_010,2024-12-15,5,127.2,0
PRD_EST_012,STR_011,2024-12-15,5,140.0,0
PRD_EST_012,STR_012,2024-12-15,5,153.6,0
PRD_EST_012,STR_013,2024-12-15,5,141.9,0
PRD_EST_012,STR_014,2024-12-15,5,131.0,0
PRD_EST_012,STR_015,2024-12-15,5,137.6,0
PRD_EST_012,STR_001,2024-12-22,6,125.4,0
PRD_EST_012,STR_002,2024-12-22,6,120.3,0
PRD_EST_012,STR_003,2024-12-22,6,116.0,0
PRD_EST_012,STR_004,2024-12-22,6,127.7,0
PRD_EST_012,STR_005,2024-12-22,6,126.7,0
PRD_EST_012,STR_006,2024-12-22,6,107.6,0
PRD_EST_012,STR_007,2024-12-22,6,109.5,0
PRD_EST_012,STR_008,2024-12-22,6,112.4,0
PRD_EST_012,STR_009,2024-12-22,6,118.2,0
PRD_EST_012,STR_010,2024-12-22,6,117.3,0
PRD_EST_012,STR_011,2024-12-22,6,127.9,0
PRD_EST_012,STR_012,2024-12-22,6,136.6,0
PRD_EST_012,STR_013,2024-12-22,6,123.2,0
PRD_EST_012,STR_014,2024-12-22,6,128.1,0
PRD_EST_012,STR_015,2024-12-22,6,136.6,0
PRD_EST_012,STR_001,2024-12-29,7,135.5,0
PRD_EST_012,STR_002,2024-12-29,7,142.5,0
PRD_EST_012,STR_003,2024-12-29,7,141.8,0
PRD_EST_012,STR_004,2024-12-29,7,141.5,0
PRD_EST_012,STR_005,2024-12-29,7,165.6,0
PRD_EST_012,STR_006,2024-12-29,7,134.3,0
PRD_EST_012,STR_007,2024-12-29,7,134.5,0
PRD_EST_012,STR_008,2024-12-29,7,128.4,0
PRD_EST_012,STR_009,2024-12-29,7,126.5,0
PRD_EST_012,STR_010,2024-12-29,7,143.5,0
PRD_EST_012,STR_011,2024-12-29,7,160.9,0
PRD_EST_012,STR_012,2024-12-29,7,175.7,0
PRD_EST_012,STR_013,2024-12-29,7,143.3,0
PRD_EST_012,STR_014,2024-12-29,7,146.0,0
PRD_EST_012,STR_015,2024-12-29,7,157.6,0
PRD_EST_012,STR_001,2025-01-05,8,144.3,0
PRD_EST_012,STR_002,2025-01-05,8,150.2,0
PRD_EST_012,STR_003,2025-01-05,8,152.1,0
PRD_EST_012,STR_004,2025-01-05,8,138.3,0
PRD_EST_012,STR_005,2025-01-05,8,151.1,0
PRD_EST_012,STR_006,2025-01-05,8,140.2,0
PRD_EST_012,STR_007,2025-01-05,8,132.5,0
PRD_EST_012,STR_008,2025-01-05,8,137.1,0
PRD_EST_012,STR_009,2025-01-05,8,144.8,0
PRD_EST_012,STR_010,2025-01-05,8,137.8,0
PRD_EST_012,STR_011,2025-01-05,8,158.4,0
PRD_EST_012,STR_012,2025-01-05,8,178.8,0
PRD_EST_012,STR_013,2025-01-05,8,143.6,0
PRD_EST_012,STR_014,2025-01-05,8,149.0,0
PRD_EST_012,STR_015,2025-01-05,8,149.0,0
PRD_EST_013,STR_001,2025-06-11,1,80.0,0
PRD_EST_013,STR_002,2025-06-11,1,79.1,0
PRD_EST_013,STR_003,2025-06-11,1,84.5,0
PRD_EST_013,STR_004,2025-06-11,1,85.1,0
PRD_EST_013,STR_005,2025-06-11,1,80.8,0
PRD_EST_013,STR_006,2025-06-11,1,76.4,0
PRD_EST_013,STR_007,2025-06-11,1,75.7,0
PRD_EST_013,STR_008,2025-06-11,1,80.3,0
PRD_EST_013,STR_009,2025-06-11,1,84.4,0
PRD_EST_013,STR_010,2025-06-11,1,88.0,0
PRD_EST_013,STR_011,2025-06-11,1,95.8,0
PRD_EST_013,STR_012,2025-06-11,1,100.5,0
PRD_EST_013,STR_013,2025-06-11,1,82.9,0
PRD_EST_013,STR_014,2025-06-11,1,85.9,0
PRD_EST_013,STR_015,2025-06-11,1,92.2,0
PRD_EST_013,STR_001,2025-06-18,2,70.1,0
PRD_EST_013,STR_002,2025-06-18,2,73.5,0
PRD_EST_013,STR_003,2025-06-18,2,72.5,0
PRD_EST_013,STR_004,2025-06-18,2,72.8,0
PRD_EST_013,STR_005,2025-06-18,2,73.2,0
PRD_EST_013,STR_006,2025-06-18,2,67.5,0
PRD_EST_013,STR_007,2025-06-18,2,69.5,0
PRD_EST_013,STR_008,2025-06-18,2,68.6,0
PRD_EST_013,STR_009,2025-06-18,2,67.3,0
PRD_EST_013,STR_010,2025-06-18,2,78.1,0
PRD_EST_013,STR_011,2025-06-18,2,80.3,0
PRD_EST_013,STR_012,2025-06-18,2,96.6,0
PRD_EST_013,STR_013,2025-06-18,2,67.5,0
PRD_EST_013,STR_014,2025-06-18,2,78.2,0
PRD_EST_013,STR_015,2025-06-18,2,76.3,0
PRD_EST_013,STR_001,2025-06-25,3,57.5,0
PRD_EST_013,STR_002,2025-06-25,3,51.6,0
PRD_EST_013,STR_003,2025-06-25,3,57.8,0
PRD_EST_013,STR_004,2025-06-25,3,56.1,0
PRD_EST_013,STR_005,2025-06-25,3,51.0,0
PRD_EST_013,STR_006,2025-06-25,3,49.1,0
PRD_EST_013,STR_007,2025-06-25,3,52.3,0
PRD_EST_013,STR_008,2025-06-25,3,49.1,0
PRD_EST_013,STR_009,2025-06-25,3,55.0,0
PRD_EST_013,STR_010,2025-06-25,3,58.4,0
PRD_EST_013,STR_011,2025-06-25,3,63.0,0
PRD_EST_013,STR_012,2025-06-25,3,63.5,0
PRD_EST_013,STR_013,2025-06-25,3,51.3,0
PRD_EST_013,STR_014,2025-06-25,3,51.9,0
PRD_EST_013,STR_015,2025-06-25,3,56.7,0
PRD_EST_013,STR_001,2025-07-02,4,57.3,0
PRD_EST_013,STR_002,2025-07-02,4,57.5,0
PRD_EST_013,STR_003,2025-07-02,4,58.2,0
PRD_EST_013,STR_004,2025-07-02,4,56.0,0
PRD_EST_013,STR_005,2025-07-02,4,57.0,0
PRD_EST_013,STR_006,2025-07-02,4,49.6,0
PRD_EST_013,STR_007,2025-07-02,4,55.8,0
PRD_EST_013,STR_008,2025-07-02,4,58.8,0
PRD_EST_013,STR_009,2025-07-02,4,54.1,0
PRD_EST_013,STR_010,2025-07-02,4,54.3,0
PRD_EST_013,STR_011,2025-07-02,4,69.3,0
PRD_EST_013,STR_012,2025-07-02,4,73.2,0
PRD_EST_013,STR_013,2025-07-02,4,58.5,0
PRD_EST_013,STR_014,2025-07-02,4,57.7,0
PRD_EST_013,STR_015,2025-07-02,4,67.4,0
PRD_EST_013,STR_001,2025-07-09,5,52.4,0
PRD_EST_013,STR_002,2025-07-09,5,54.2,0
PRD_EST_013,STR_003,2025-07-09,5,58.0,0
PRD_EST_013,STR_004,2025-07-09,5,50.3,0
PRD_EST_013,STR_005,2025-07-09,5,55.2,0
PRD_EST_013,STR_006,2025-07-09,5,48.0,0
PRD_EST_013,STR_007,2025-07-09,5,51.5,0
PRD_EST_013,STR_008,2025-07-09,5,54.7,0
PRD_EST_013,STR_009,2025-07-09,5,56.7,0
PRD_EST_013,STR_010,2025-07-09,5,55.0,0
PRD_EST_013,STR_011,2025-07-09,5,65.0,0
PRD_EST_013,STR_012,2025-07-09,5,64.0,0
PRD_EST_013,STR_013,2025-07-09,5,50.2,0
PRD_EST_013,STR_014,2025-07-09,5,52.3,0
PRD_EST_013,STR_015,2025-07-09,5,63.3,0
PRD_EST_013,STR_001,2025-07-16,6,66.7,0
PRD_EST_013,STR_002,2025-07-16,6,68.8,0
PRD_EST_013,STR_003,2025-07-16,6,63.8,0
PRD_EST_013,STR_004,2025-07-16,6,61.5,0
PRD_EST_013,STR_005,2025-07-16,6,63.7,0
PRD_EST_013,STR_006,2025-07-16,6,57.8,0
PRD_EST_013,STR_007,2025-07-16,6,61.3,0
PRD_EST_013,STR_008,2025-07-16,6,59.6,0
PRD_EST_013,STR_009,2025-07-16,6,67.4,0
PRD_EST_013,STR_010,2025-07-16,6,66.6,0
PRD_EST_013,STR_011,2025-07-16,6,71.0,0
PRD_EST_013,STR_012,2025-07-16,6,86.2,0
PRD_EST_013,STR_013,2025-07-16,6,59.2,0
PRD_EST_013,STR_014,2025-07-16,6,68.2,0
PRD_EST_013,STR_015,2025-07-16,6,74.6,0
PRD_EST_013,STR_001,2025-07-23,7,63.9,0
PRD_EST_013,STR_002,2025-07-23,7,64.6,0
PRD_EST_013,STR_003,2025-07-23,7,69.3,0
PRD_EST_013,STR_004,2025-07-23,7,62.5,0
PRD_EST_013,STR_005,2025-07-23,7,62.0,0
PRD_EST_013,STR_006,2025-07-23,7,52.1,0
PRD_EST_013,STR_007,2025-07-23,7,61.1,0
PRD_EST_013,STR_008,2025-07-23,7,62.1,0
PRD_EST_013,STR_009,2025-07-23,7,57.6,0
PRD_EST_013,STR_010,2025-07-23,7,61.4,0
PRD_EST_013,STR_011,2025-07-23,7,75.3,0
PRD_EST_013,STR_012,2025-07-23,7,74.0,0
PRD_EST_013,STR_013,2025-07-23,7,61.3,0
PRD_EST_013,STR_014,2025-07-23,7,60.2,0
PRD_EST_013,STR_015,2025-07-23,7,74.8,0
PRD_EST_013,STR_001,2025-07-30,8,68.7,0
PRD_EST_013,STR_002,2025-07-30,8,67.5,0
PRD_EST_013,STR_003,2025-07-30,8,65.1,0
PRD_EST_013,STR_004,2025-07-30,8,61.6,0
PRD_EST_013,STR_005,2025-07-30,8,60.6,0
PRD_EST_013,STR_006,2025-07-30,8,54.0,0
PRD_EST_013,STR_007,2025-07-30,8,57.5,0
PRD_EST_013,STR_008,2025-07-30,8,64.3,0
PRD_EST_013,STR_009,2025-07-30,8,62.0,0
PRD_EST_013,STR_010,2025-07-30,8,61.7,0
PRD_EST_013,STR_011,2025-07-30,8,73.2,0
PRD_EST_013,STR_012,2025-07-30,8,77.2,0
PRD_EST_013,STR_013,2025-07-30,8,64.0,0
PRD_EST_013,STR_014,2025-07-30,8,66.8,0
PRD_EST_013,STR_015,2025-07-30,8,69.4,0
PRD_EST_014,STR_001,2025-06-15,1,313.5,1
PRD_EST_014,STR_002,2025-06-15,1,301.0,1
PRD_EST_014,STR_003,2025-06-15,1,306.3,1
PRD_EST_014,STR_004,2025-06-15,1,317.7,1
PRD_EST_014,STR_005,2025-06-15,1,325.1,1
PRD_EST_014,STR_006,2025-06-15,1,283.8,1
PRD_EST_014,STR_007,2025-06-15,1,260.2,1
PRD_EST_014,STR_008,2025-06-15,1,298.8,1
PRD_EST_014,STR_009,2025-06-15,1,285.1,1
PRD_EST_014,STR_010,2025-06-15,1,314.7,1
PRD_EST_014,STR_011,2025-06-15,1,340.1,1
PRD_EST_014,STR_012,2025-06-15,1,350.5,1
PRD_EST_014,STR_013,2025-06-15,1,321.9,1
PRD_EST_014,STR_014,2025-06-15,1,301.3,1
PRD_EST_014,STR_015,2025-06-15,1,303.8,1
PRD_EST_014,STR_001,2025-06-22,2,247.8,1
PRD_EST_014,STR_002,2025-06-22,2,258.6,1
PRD_EST_014,STR_003,2025-06-22,2,253.3,1
PRD_EST_014,STR_004,2025-06-22,2,287.2,1
PRD_EST_014,STR_005,2025-06-22,2,285.0,1
PRD_EST_014,STR_006,2025-06-22,2,246.0,1
PRD_EST_014,STR_007,2025-06-22,2,223.8,1
PRD_EST_014,STR_008,2025-06-22,2,247.5,1
PRD_EST_014,STR_009,2025-06-22,2,236.7,1
PRD_EST_014,STR_010,2025-06-22,2,272.7,1
PRD_EST_014,STR_011,2025-06-22,2,302.3,1
PRD_EST_014,STR_012,2025-06-22,2,330.1,1
PRD_EST_014,STR_013,2025-06-22,2,304.1,1
PRD_EST_014,STR_014,2025-06-22,2,289.9,1
PRD_EST_014,STR_015,2025-06-22,2,286.9,1
PRD_EST_014,STR_001,2025-06-29,3,152.8,0
PRD_EST_014,STR_002,2025-06-29,3,159.0,0
PRD_EST_014,STR_003,2025-06-29,3,162.6,0
PRD_EST_014,STR_004,2025-06-29,3,214.5,0
PRD_EST_014,STR_005,2025-06-29,3,230.5,0
PRD_EST_014,STR_006,2025-06-29,3,190.4,0
PRD_EST_014,STR_007,2025-06-29,3,137.4,0
PRD_EST_014,STR_008,2025-06-29,3,162.7,0
PRD_EST_014,STR_009,2025-06-29,3,222.0,0
PRD_EST_014,STR_010,2025-06-29,3,164.0,0
PRD_EST_014,STR_011,2025-06-29,3,180.0,0
PRD_EST_014,STR_012,2025-06-29,3,204.0,0
PRD_EST_014,STR_013,2025-06-29,3,230.3,0
PRD_EST_014,STR_014,2025-06-29,3,251.2,0
PRD_EST_014,STR_015,2025-06-29,3,176.2,0
PRD_EST_014,STR_001,2025-07-06,4,282.2,0
PRD_EST_014,STR_002,2025-07-06,4,282.8,0
PRD_EST_014,STR_003,2025-07-06,4,318.5,0
PRD_EST_014,STR_004,2025-07-06,4,416.6,0
PRD_EST_014,STR_005,2025-07-06,4,424.1,0
PRD_EST_014,STR_006,2025-07-06,4,387.9,0
PRD_EST_014,STR_007,2025-07-06,4,257.7,0
PRD_EST_014,STR_008,2025-07-06,4,287.0,0
PRD_EST_014,STR_009,2025-07-06,4,400.5,0
PRD_EST_014,STR_010,2025-07-06,4,318.8,0
PRD_EST_014,STR_011,2025-07-06,4,338.7,0
PRD_EST_014,STR_012,2025-07-06,4,346.7,0
PRD_EST_014,STR_013,2025-07-06,4,408.6,0
PRD_EST_014,STR_014,2025-07-06,4,464.1,0
PRD_EST_014,STR_015,2025-07-06,4,346.3,0
PRD_EST_014,STR_001,2025-07-13,5,176.8,0
PRD_EST_014,STR_002,2025-07-13,5,192.1,0
PRD_EST_014,STR_003,2025-07-13,5,169.2,0
PRD_EST_014,STR_004,2025-07-13,5,197.3,0
PRD_EST_014,STR_005,2025-07-13,5,196.1,0
PRD_EST_014,STR_006,2025-07-13,5,184.0,0
PRD_EST_014,STR_007,2025-07-13,5,152.2,0
PRD_EST_014,STR_008,2025-07-13,5,181.7,0
PRD_EST_014,STR_009,2025-07-13,5,177.5,0
PRD_EST_014,STR_010,2025-07-13,5,176.7,0
PRD_EST_014,STR_011,2025-07-13,5,216.7,0
PRD_EST_014,STR_012,2025-07-13,5,219.0,0
PRD_EST_014,STR_013,2025-07-13,5,188.0,0
PRD_EST_014,STR_014,2025-07-13,5,206.7,0
PRD_EST_014,STR_015,2025-07-13,5,194.8,0
PRD_EST_014,STR_001,2025-07-20,6,196.2,0
PRD_EST_014,STR_002,2025-07-20,6,191.9,0
PRD_EST_014,STR_003,2025-07-20,6,176.1,0
PRD_EST_014,STR_004,2025-07-20,6,201.4,0
PRD_EST_014,STR_005,2025-07-20,6,198.7,0
PRD_EST_014,STR_006,2025-07-20,6,167.6,0
PRD_EST_014,STR_007,2025-07-20,6,169.1,0
PRD_EST_014,STR_008,2025-07-20,6,177.4,0
PRD_EST_014,STR_009,2025-07-20,6,162.5,0
PRD_EST_014,STR_010,2025-07-20,6,173.2,0
PRD_EST_014,STR_011,2025-07-20,6,192.5,0
PRD_EST_014,STR_012,2025-07-20,6,211.8,0
PRD_EST_014,STR_013,2025-07-20,6,180.2,0
PRD_EST_014,STR_014,2025-07-20,6,193.2,0
PRD_EST_014,STR_015,2025-07-20,6,191.0,0
PRD_EST_014,STR_001,2025-07-27,7,198.1,0
PRD_EST_014,STR_002,2025-07-27,7,193.4,0
PRD_EST_014,STR_003,2025-07-27,7,205.5,0
PRD_EST_014,STR_004,2025-07-27,7,200.8,0
PRD_EST_014,STR_005,2025-07-27,7,204.2,0
PRD_EST_014,STR_006,2025-07-27,7,196.5,0
PRD_EST_014,STR_007,2025-07-27,7,190.9,0
PRD_EST_014,STR_008,2025-07-27,7,193.5,0
PRD_EST_014,STR_009,2025-07-27,7,173.9,0
PRD_EST_014,STR_010,2025-07-27,7,213.8,0
PRD_EST_014,STR_011,2025-07-27,7,228.7,0
PRD_EST_014,STR_012,2025-07-27,7,256.7,0
PRD_EST_014,STR_013,2025-07-27,7,226.5,0
PRD_EST_014,STR_014,2025-07-27,7,226.9,0
PRD_EST_014,STR_015,2025-07-27,7,201.5,0
PRD_EST_014,STR_001,2025-08-03,8,202.8,0
PRD_EST_014,STR_002,2025-08-03,8,186.0,0
PRD_EST_014,STR_003,2025-08-03,8,200.3,0
PRD_EST_014,STR_004,2025-08-03,8,212.9,0
PRD_EST_014,STR_005,2025-08-03,8,215.2,0
PRD_EST_014,STR_006,2025-08-03,8,186.1,0
PRD_EST_014,STR_007,2025-08-03,8,172.2,0
PRD_EST_014,STR_008,2025-08-03,8,185.4,0
PRD_EST_014,STR_009,2025-08-03,8,174.3,0
PRD_EST_014,STR_010,2025-08-03,8,191.1,0
PRD_EST_014,STR_011,2025-08-03,8,211.3,0
PRD_EST_014,STR_012,2025-08-03,8,239.2,0
PRD_EST_014,STR_013,2025-08-03,8,216.8,0
PRD_EST_014,STR_014,2025-08-03,8,195.1,0
PRD_EST_014,STR_015,2025-08-03,8,209.2,0
PRD_EST_015,STR_001,2025-09-27,1,234.8,1
PRD_EST_015,STR_002,2025-09-27,1,225.9,1
PRD_EST_015,STR_003,2025-09-27,1,244.2,1
PRD_EST_015,STR_004,2025-09-27,1,302.7,1
PRD_EST_015,STR_005,2025-09-27,1,320.0,1
PRD_EST_015,STR_006,2025-09-27,1,270.5,1
PRD_EST_015,STR_007,2025-09-27,1,208.2,1
PRD_EST_015,STR_008,2025-09-27,1,241.6,1
PRD_EST_015,STR_009,2025-09-27,1,221.0,1
PRD_EST_015,STR_010,2025-09-27,1,245.9,1
PRD_EST_015,STR_011,2025-09-27,1,269.8,1
PRD_EST_015,STR_012,2025-09-27,1,292.9,1
PRD_EST_015,STR_013,2025-09-27,1,312.3,1
PRD_EST_015,STR_014,2025-09-27,1,336.5,1
PRD_EST_015,STR_015,2025-09-27,1,242.7,1
PRD_EST_015,STR_001,2025-10-04,2,171.2,1
PRD_EST_015,STR_002,2025-10-04,2,193.3,1
PRD_EST_015,STR_003,2025-10-04,2,183.7,1
PRD_EST_015,STR_004,2025-10-04,2,226.8,1
PRD_EST_015,STR_005,2025-10-04,2,260.5,1
PRD_EST_015,STR_006,2025-10-04,2,213.9,1
PRD_EST_015,STR_007,2025-10-04,2,151.5,1
PRD_EST_015,STR_008,2025-10-04,2,187.6,1
PRD_EST_015,STR_009,2025-10-04,2,164.5,1
PRD_EST_015,STR_010,2025-10-04,2,190.5,1
PRD_EST_015,STR_011,2025-10-04,2,191.3,1
PRD_EST_015,STR_012,2025-10-04,2,228.9,1
PRD_EST_015,STR_013,2025-10-04,2,230.6,1
PRD_EST_015,STR_014,2025-10-04,2,266.2,1
PRD_EST_015,STR_015,2025-10-04,2,192.0,1
PRD_EST_015,STR_001,2025-10-11,3,128.1,0
PRD_EST_015,STR_002,2025-10-11,3,121.4,0
PRD_EST_015,STR_003,2025-10-11,3,123.8,0
PRD_EST_015,STR_004,2025-10-11,3,175.6,0
PRD_EST_015,STR_005,2025-10-11,3,159.4,0
PRD_EST_015,STR_006,2025-10-11,3,145.1,0
PRD_EST_015,STR_007,2025-10-11,3,109.0,0
PRD_EST_015,STR_008,2025-10-11,3,123.3,0
PRD_EST_015,STR_009,2025-10-11,3,113.0,0
PRD_EST_015,STR_010,2025-10-11,3,129.5,0
PRD_EST_015,STR_011,2025-10-11,3,143.4,0
PRD_EST_015,STR_012,2025-10-11,3,140.6,0
PRD_EST_015,STR_013,2025-10-11,3,166.1,0
PRD_EST_015,STR_014,2025-10-11,3,160.2,0
PRD_EST_015,STR_015,2025-10-11,3,130.2,0
PRD_EST_015,STR_001,2025-10-18,4,107.0,0
PRD_EST_015,STR_002,2025-10-18,4,96.9,0
PRD_EST_015,STR_003,2025-10-18,4,108.5,0
PRD_EST_015,STR_004,2025-10-18,4,144.2,0
PRD_EST_015,STR_005,2025-10-18,4,151.1,0
PRD_EST_015,STR_006,2025-10-18,4,121.3,0
PRD_EST_015,STR_007,2025-10-18,4,88.1,0
PRD_EST_015,STR_008,2025-10-18,4,92.6,0
PRD_EST_015,STR_009,2025-10-18,4,96.4,0
PRD_EST_015,STR_010,2025-10-18,4,109.1,0
PRD_EST_015,STR_011,2025-10-18,4,108.2,0
PRD_EST_015,STR_012,2025-10-18,4,123.4,0
PRD_EST_015,STR_013,2025-10-18,4,147.2,0
PRD_EST_015,STR_014,2025-10-18,4,133.4,0
PRD_EST_015,STR_015,2025-10-18,4,118.2,0
PRD_EST_015,STR_001,2025-10-25,5,106.4,0
PRD_EST_015,STR_002,2025-10-25,5,97.3,0
PRD_EST_015,STR_003,2025-10-25,5,111.5,0
PRD_EST_015,STR_004,2025-10-25,5,127.2,0
PRD_EST_015,STR_005,2025-10-25,5,138.4,0
PRD_EST_015,STR_006,2025-10-25,5,111.2,0
PRD_EST_015,STR_007,2025-10-25,5,94.2,0
PRD_EST_015,STR_008,2025-10-25,5,96.8,0
PRD_EST_015,STR_009,2025-10-25,5,100.0,0
PRD_EST_015,STR_010,2025-10-25,5,105.5,0
PRD_EST_015,STR_011,2025-10-25,5,107.3,0
PRD_EST_015,STR_012,2025-10-25,5,123.2,0
PRD_EST_015,STR_013,2025-10-25,5,140.4,0
PRD_EST_015,STR_014,2025-10-25,5,147.2,0
PRD_EST_015,STR_015,2025-10-25,5,104.0,0
PRD_EST_015,STR_001,2025-11-01,6,118.7,0
PRD_EST_015,STR_002,2025-11-01,6,133.4,0
PRD_EST_015,STR_003,2025-11-01,6,130.1,0
PRD_EST_015,STR_004,2025-11-01,6,164.2,0
PRD_EST_015,STR_005,2025-11-01,6,183.5,0
PRD_EST_015,STR_006,2025-11-01,6,145.3,0
PRD_EST_015,STR_007,2025-11-01,6,107.6,0
PRD_EST_015,STR_008,2025-11-01,6,116.8,0
PRD_EST_015,STR_009,2025-11-01,6,111.8,0
PRD_EST_015,STR_010,2025-11-01,6,129.3,0
PRD_EST_015,STR_011,2025-11-01,6,143.2,0
PRD_EST_015,STR_012,2025-11-01,6,157.7,0
PRD_EST_015,STR_013,2025-11-01,6,176.6,0
PRD_EST_015,STR_014,2025-11-01,6,177.9,0
PRD_EST_015,STR_015,2025-11-01,6,145.8,0
PRD_EST_015,STR_001,2025-11-08,7,133.5,0
PRD_EST_015,STR_002,2025-11-08,7,127.5,0
PRD_EST_015,STR_003,2025-11-08,7,132.1,0
PRD_EST_015,STR_004,2025-11-08,7,172.1,0
PRD_EST_015,STR_005,2025-11-08,7,182.4,0
PRD_EST_015,STR_006,2025-11-08,7,148.7,0
PRD_EST_015,STR_007,2025-11-08,7,108.9,0
PRD_EST_015,STR_008,2025-11-08,7,132.4,0
PRD_EST_015,STR_009,2025-11-08,7,131.9,0
PRD_EST_015,STR_010,2025-11-08,7,131.6,0
PRD_EST_015,STR_011,2025-11-08,7,135.7,0
PRD_EST_015,STR_012,2025-11-08,7,159.2,0
PRD_EST_015,STR_013,2025-11-08,7,176.2,0
PRD_EST_015,STR_014,2025-11-08,7,178.1,0
PRD_EST_015,STR_015,2025-11-08,7,152.6,0
PRD_EST_015,STR_001,2025-11-15,8,145.7,0
PRD_EST_015,STR_002,2025-11-15,8,146.2,0
PRD_EST_015,STR_003,2025-11-15,8,128.6,0
PRD_EST_015,STR_004,2025-11-15,8,188.7,0
PRD_EST_015,STR_005,2025-11-15,8,184.1,0
PRD_EST_015,STR_006,2025-11-15,8,156.2,0
PRD_EST_015,STR_007,2025-11-15,8,125.2,0
PRD_EST_015,STR_008,2025-11-15,8,134.6,0
PRD_EST_015,STR_009,2025-11-15,8,137.0,0
PRD_EST_015,STR_010,2025-11-15,8,142.6,0
PRD_EST_015,STR_011,2025-11-15,8,138.6,0
PRD_EST_015,STR_012,2025-11-15,8,153.8,0
PRD_EST_015,STR_013,2025-11-15,8,173.4,0
PRD_EST_015,STR_014,2025-11-15,8,170.4,0
PRD_EST_015,STR_015,2025-11-15,8,136.8,0
PRD_EST_016,STR_001,2025-05-01,1,514.3,1
PRD_EST_016,STR_002,2025-05-01,1,456.7,1
PRD_EST_016,STR_003,2025-05-01,1,470.0,1
PRD_EST_016,STR_004,2025-05-01,1,511.6,1
PRD_EST_016,STR_005,2025-05-01,1,536.9,1
PRD_EST_016,STR_006,2025-05-01,1,462.3,1
PRD_EST_016,STR_007,2025-05-01,1,440.1,1
PRD_EST_016,STR_008,2025-05-01,1,442.9,1
PRD_EST_016,STR_009,2025-05-01,1,447.0,1
PRD_EST_016,STR_010,2025-05-01,1,518.4,1
PRD_EST_016,STR_011,2025-05-01,1,509.0,1
PRD_EST_016,STR_012,2025-05-01,1,560.4,1
PRD_EST_016,STR_013,2025-05-01,1,544.6,1
PRD_EST_016,STR_014,2025-05-01,1,488.6,1
PRD_EST_016,STR_015,2025-05-01,1,529.9,1
PRD_EST_016,STR_001,2025-05-08,2,386.4,1
PRD_EST_016,STR_002,2025-05-08,2,431.8,1
PRD_EST_016,STR_003,2025-05-08,2,431.3,1
PRD_EST_016,STR_004,2025-05-08,2,416.4,1
PRD_EST_016,STR_005,2025-05-08,2,413.4,1
PRD_EST_016,STR_006,2025-05-08,2,370.1,1
PRD_EST_016,STR_007,2025-05-08,2,345.2,1
PRD_EST_016,STR_008,2025-05-08,2,397.3,1
PRD_EST_016,STR_009,2025-05-08,2,383.3,1
PRD_EST_016,STR_010,2025-05-08,2,421.8,1
PRD_EST_016,STR_011,2025-05-08,2,486.1,1
PRD_EST_016,STR_012,2025-05-08,2,488.9,1
PRD_EST_016,STR_013,2025-05-08,2,434.7,1
PRD_EST_016,STR_014,2025-05-08,2,471.1,1
PRD_EST_016,STR_015,2025-05-08,2,480.1,1
PRD_EST_016,STR_001,2025-05-15,3,308.0,0
PRD_EST_016,STR_002,2025-05-15,3,281.9,0
PRD_EST_016,STR_003,2025-05-15,3,319.5,0
PRD_EST_016,STR_004,2025-05-15,3,226.1,0
PRD_EST_016,STR_005,2025-05-15,3,234.4,0
PRD_EST_016,STR_006,2025-05-15,3,208.5,0
PRD_EST_016,STR_007,2025-05-15,3,257.1,0
PRD_EST_016,STR_008,2025-05-15,3,305.3,0
PRD_EST_016,STR_009,2025-05-15,3,212.0,0
PRD_EST_016,STR_010,2025-05-15,3,300.1,0
PRD_EST_016,STR_011,2025-05-15,3,330.5,0
PRD_EST_016,STR_012,2025-05-15,3,337.1,0
PRD_EST_016,STR_013,2025-05-15,3,248.1,0
PRD_EST_016,STR_014,2025-05-15,3,226.7,0
PRD_EST_016,STR_015,2025-05-15,3,305.6,0
PRD_EST_016,STR_001,2025-05-22,4,475.3,0
PRD_EST_016,STR_002,2025-05-22,4,489.5,0
PRD_EST_016,STR_003,2025-05-22,4,473.3,0
PRD_EST_016,STR_004,2025-05-22,4,334.1,0
PRD_EST_016,STR_005,2025-05-22,4,377.6,0
PRD_EST_016,STR_006,2025-05-22,4,293.2,0
PRD_EST_016,STR_007,2025-05-22,4,433.4,0
PRD_EST_016,STR_008,2025-05-22,4,401.2,0
PRD_EST_016,STR_009,2025-05-22,4,295.4,0
PRD_EST_016,STR_010,2025-05-22,4,450.4,0
PRD_EST_016,STR_011,2025-05-22,4,540.0,0
PRD_EST_016,STR_012,2025-05-22,4,528.0,0
PRD_EST_016,STR_013,2025-05-22,4,386.3,0
PRD_EST_016,STR_014,2025-05-22,4,340.0,0
PRD_EST_016,STR_015,2025-05-22,4,519.9,0
PRD_EST_016,STR_001,2025-05-29,5,237.1,0
PRD_EST_016,STR_002,2025-05-29,5,237.6,0
PRD_EST_016,STR_003,2025-05-29,5,221.6,0
PRD_EST_016,STR_004,2025-05-29,5,232.2,0
PRD_EST_016,STR_005,2025-05-29,5,263.5,0
PRD_EST_016,STR_006,2025-05-29,5,210.3,0
PRD_EST_016,STR_007,2025-05-29,5,217.1,0
PRD_EST_016,STR_008,2025-05-29,5,221.5,0
PRD_EST_016,STR_009,2025-05-29,5,203.3,0
PRD_EST_016,STR_010,2025-05-29,5,238.2,0
PRD_EST_016,STR_011,2025-05-29,5,236.5,0
PRD_EST_016,STR_012,2025-05-29,5,267.8,0
PRD_EST_016,STR_013,2025-05-29,5,245.1,0
PRD_EST_016,STR_014,2025-05-29,5,231.5,0
PRD_EST_016,STR_015,2025-05-29,5,245.6,0
PRD_EST_016,STR_001,2025-06-05,6,224.9,0
PRD_EST_016,STR_002,2025-06-05,6,227.0,0
PRD_EST_016,STR_003,2025-06-05,6,223.9,0
PRD_EST_016,STR_004,2025-06-05,6,217.1,0
PRD_EST_016,STR_005,2025-06-05,6,213.5,0
PRD_EST_016,STR_006,2025-06-05,6,199.0,0
PRD_EST_016,STR_007,2025-06-05,6,186.9,0
PRD_EST_016,STR_008,2025-06-05,6,195.9,0
PRD_EST_016,STR_009,2025-06-05,6,209.5,0
PRD_EST_016,STR_010,2025-06-05,6,222.7,0
PRD_EST_016,STR_011,2025-06-05,6,226.0,0
PRD_EST_016,STR_012,2025-06-05,6,253.8,0
PRD_EST_016,STR_013,2025-06-05,6,243.4,0
PRD_EST_016,STR_014,2025-06-05,6,249.4,0
PRD_EST_016,STR_015,2025-06-05,6,241.2,0
PRD_EST_016,STR_001,2025-06-12,7,248.3,0
PRD_EST_016,STR_002,2025-06-12,7,243.9,0
PRD_EST_016,STR_003,2025-06-12,7,253.5,0
PRD_EST_016,STR_004,2025-06-12,7,238.6,0
PRD_EST_016,STR_005,2025-06-12,7,275.9,0
PRD_EST_016,STR_006,2025-06-12,7,208.9,0
PRD_EST_016,STR_007,2025-06-12,7,216.9,0
PRD_EST_016,STR_008,2025-06-12,7,233.7,0
PRD_EST_016,STR_009,2025-06-12,7,233.1,0
PRD_EST_016,STR_010,2025-06-12,7,223.1,0
PRD_EST_016,STR_011,2025-06-12,7,259.0,0
PRD_EST_016,STR_012,2025-06-12,7,304.7,0
PRD_EST_016,STR_013,2025-06-12,7,250.3,0
PRD_EST_016,STR_014,2025-06-12,7,270.6,0
PRD_EST_016,STR_015,2025-06-12,7,252.7,0
PRD_EST_016,STR_001,2025-06-19,8,241.0,0
PRD_EST_016,STR_002,2025-06-19,8,275.5,0
PRD_EST_016,STR_003,2025-06-19,8,252.4,0
PRD_EST_016,STR_004,2025-06-19,8,286.6,0
PRD_EST_016,STR_005,2025-06-19,8,293.2,0
PRD_EST_016,STR_006,2025-06-19,8,225.2,0
PRD_EST_016,STR_007,2025-06-19,8,219.6,0
PRD_EST_016,STR_008,2025-06-19,8,224.0,0
PRD_EST_016,STR_009,2025-06-19,8,228.6,0
PRD_EST_016,STR_010,2025-06-19,8,269.8,0
PRD_EST_016,STR_011,2025-06-19,8,277.1,0
PRD_EST_016,STR_012,2025-06-19,8,328.7,0
PRD_EST_016,STR_013,2025-06-19,8,268.0,0
PRD_EST_016,STR_014,2025-06-19,8,286.3,0
PRD_EST_016,STR_015,2025-06-19,8,278.9,0
PRD_EST_017,STR_001,2024-10-30,1,257.9,0
PRD_EST_017,STR_002,2024-10-30,1,240.7,0
PRD_EST_017,STR_003,2024-10-30,1,245.7,0
PRD_EST_017,STR_004,2024-10-30,1,309.3,0
PRD_EST_017,STR_005,2024-10-30,1,353.3,0
PRD_EST_017,STR_006,2024-10-30,1,272.3,0
PRD_EST_017,STR_007,2024-10-30,1,229.9,0
PRD_EST_017,STR_008,2024-10-30,1,219.4,0
PRD_EST_017,STR_009,2024-10-30,1,216.7,0
PRD_EST_017,STR_010,2024-10-30,1,245.6,0
PRD_EST_017,STR_011,2024-10-30,1,264.0,0
PRD_EST_017,STR_012,2024-10-30,1,281.1,0
PRD_EST_017,STR_013,2024-10-30,1,319.1,0
PRD_EST_017,STR_014,2024-10-30,1,347.7,0
PRD_EST_017,STR_015,2024-10-30,1,264.6,0
PRD_EST_017,STR_001,2024-11-06,2,197.2,0
PRD_EST_017,STR_002,2024-11-06,2,211.9,0
PRD_EST_017,STR_003,2024-11-06,2,187.4,0
PRD_EST_017,STR_004,2024-11-06,2,274.6,0
PRD_EST_017,STR_005,2024-11-06,2,258.9,0
PRD_EST_017,STR_006,2024-11-06,2,241.8,0
PRD_EST_017,STR_007,2024-11-06,2,181.5,0
PRD_EST_017,STR_008,2024-11-06,2,180.9,0
PRD_EST_017,STR_009,2024-11-06,2,198.0,0
PRD_EST_017,STR_010,2024-11-06,2,189.3,0
PRD_EST_017,STR_011,2024-11-06,2,227.8,0
PRD_EST_017,STR_012,2024-11-06,2,260.6,0
PRD_EST_017,STR_013,2024-11-06,2,260.1,0
PRD_EST_017,STR_014,2024-11-06,2,250.5,0
PRD_EST_017,STR_015,2024-11-06,2,209.0,0
PRD_EST_017,STR_001,2024-11-13,3,161.7,0
PRD_EST_017,STR_002,2024-11-13,3,147.4,0
PRD_EST_017,STR_003,2024-11-13,3,166.8,0
PRD_EST_017,STR_004,2024-11-13,3,214.5,0
PRD_EST_017,STR_005,2024-11-13,3,209.1,0
PRD_EST_017,STR_006,2024-11-13,3,183.0,0
PRD_EST_017,STR_007,2024-11-13,3,129.5,0
PRD_EST_017,STR_008,2024-11-13,3,137.6,0
PRD_EST_017,STR_009,2024-11-13,3,152.1,0
PRD_EST_017,STR_010,2024-11-13,3,146.1,0
PRD_EST_017,STR_011,2024-11-13,3,158.9,0
PRD_EST_017,STR_012,2024-11-13,3,196.4,0
PRD_EST_017,STR_013,2024-11-13,3,196.0,0
PRD_EST_017,STR_014,2024-11-13,3,199.2,0
PRD_EST_017,STR_015,2024-11-13,3,164.8,0
PRD_EST_017,STR_001,2024-11-20,4,132.9,0
PRD_EST_017,STR_002,2024-11-20,4,139.6,0
PRD_EST_017,STR_003,2024-11-20,4,121.8,0
PRD_EST_017,STR_004,2024-11-20,4,172.6,0
PRD_EST_017,STR_005,2024-11-20,4,185.5,0
PRD_EST_017,STR_006,2024-11-20,4,142.0,0
PRD_EST_017,STR_007,2024-11-20,4,125.4,0
PRD_EST_017,STR_008,2024-11-20,4,117.4,0
PRD_EST_017,STR_009,2024-11-20,4,124.7,0
PRD_EST_017,STR_010,2024-11-20,4,137.0,0
PRD_EST_017,STR_011,2024-11-20,4,134.0,0
PRD_EST_017,STR_012,2024-11-20,4,166.5,0
PRD_EST_017,STR_013,2024-11-20,4,180.6,0
PRD_EST_017,STR_014,2024-11-20,4,165.1,0
PRD_EST_017,STR_015,2024-11-20,4,150.5,0
PRD_EST_017,STR_001,2024-11-27,5,144.8,0
PRD_EST_017,STR_002,2024-11-27,5,168.5,0
PRD_EST_017,STR_003,2024-11-27,5,156.1,0
PRD_EST_017,STR_004,2024-11-27,5,213.3,0
PRD_EST_017,STR_005,2024-11-27,5,210.1,0
PRD_EST_017,STR_006,2024-11-27,5,180.8,0
PRD_EST_017,STR_007,2024-11-27,5,138.8,0
PRD_EST_017,STR_008,2024-11-27,5,145.6,0
PRD_EST_017,STR_009,2024-11-27,5,157.0,0
PRD_EST_017,STR_010,2024-11-27,5,152.1,0
PRD_EST_017,STR_011,2024-11-27,5,171.9,0
PRD_EST_017,STR_012,2024-11-27,5,180.0,0
PRD_EST_017,STR_013,2024-11-27,5,211.9,0
PRD_EST_017,STR_014,2024-11-27,5,216.4,0
PRD_EST_017,STR_015,2024-11-27,5,173.9,0
PRD_EST_017,STR_001,2024-12-04,6,147.1,0
PRD_EST_017,STR_002,2024-12-04,6,157.9,0
PRD_EST_017,STR_003,2024-12-04,6,148.3,0
PRD_EST_017,STR_004,2024-12-04,6,181.3,0
PRD_EST_017,STR_005,2024-12-04,6,194.5,0
PRD_EST_017,STR_006,2024-12-04,6,171.5,0
PRD_EST_017,STR_007,2024-12-04,6,135.5,0
PRD_EST_017,STR_008,2024-12-04,6,147.3,0
PRD_EST_017,STR_009,2024-12-04,6,133.4,0
PRD_EST_017,STR_010,2024-12-04,6,160.5,0
PRD_EST_017,STR_011,2024-12-04,6,164.6,0
PRD_EST_017,STR_012,2024-12-04,6,166.0,0
PRD_EST_017,STR_013,2024-12-04,6,192.5,0
PRD_EST_017,STR_014,2024-12-04,6,207.1,0
PRD_EST_017,STR_015,2024-12-04,6,159.7,0
PRD_EST_017,STR_001,2024-12-11,7,161.5,0
PRD_EST_017,STR_002,2024-12-11,7,152.3,0
PRD_EST_017,STR_003,2024-12-11,7,157.9,0
PRD_EST_017,STR_004,2024-12-11,7,198.1,0
PRD_EST_017,STR_005,2024-12-11,7,200.5,0
PRD_EST_017,STR_006,2024-12-11,7,168.6,0
PRD_EST_017,STR_007,2024-12-11,7,141.2,0
PRD_EST_017,STR_008,2024-12-11,7,136.5,0
PRD_EST_017,STR_009,2024-12-11,7,153.2,0
PRD_EST_017,STR_010,2024-12-11,7,150.8,0
PRD_EST_017,STR_011,2024-12-11,7,180.2,0
PRD_EST_017,STR_012,2024-12-11,7,188.0,0
PRD_EST_017,STR_013,2024-12-11,7,201.3,0
PRD_EST_017,STR_014,2024-12-11,7,213.2,0
PRD_EST_017,STR_015,2024-12-11,7,161.1,0
PRD_EST_017,STR_001,2024-12-18,8,174.0,0
PRD_EST_017,STR_002,2024-12-18,8,178.6,0
PRD_EST_017,STR_003,2024-12-18,8,178.4,0
PRD_EST_017,STR_004,2024-12-18,8,244.2,0
PRD_EST_017,STR_005,2024-12-18,8,259.5,0
PRD_EST_017,STR_006,2024-12-18,8,225.5,0
PRD_EST_017,STR_007,2024-12-18,8,172.6,0
PRD_EST_017,STR_008,2024-12-18,8,188.5,0
PRD_EST_017,STR_009,2024-12-18,8,175.9,0
PRD_EST_017,STR_010,2024-12-18,8,200.5,0
PRD_EST_017,STR_011,2024-12-18,8,200.8,0
PRD_EST_017,STR_012,2024-12-18,8,240.6,0
PRD_EST_017,STR_013,2024-12-18,8,264.7,0
PRD_EST_017,STR_014,2024-12-18,8,237.4,0
PRD_EST_017,STR_015,2024-12-18,8,192.0,0
PRD_EST_018,STR_001,2024-09-17,1,189.4,0
PRD_EST_018,STR_002,2024-09-17,1,179.3,0
PRD_EST_018,STR_003,2024-09-17,1,168.8,0
PRD_EST_018,STR_004,2024-09-17,1,155.0,0
PRD_EST_018,STR_005,2024-09-17,1,158.7,0
PRD_EST_018,STR_006,2024-09-17,1,152.1,0
PRD_EST_018,STR_007,2024-09-17,1,146.3,0
PRD_EST_018,STR_008,2024-09-17,1,167.7,0
PRD_EST_018,STR_009,2024-09-17,1,161.9,0
PRD_EST_018,STR_010,2024-09-17,1,181.3,0
PRD_EST_018,STR_011,2024-09-17,1,205.3,0
PRD_EST_018,STR_012,2024-09-17,1,209.8,0
PRD_EST_018,STR_013,2024-09-17,1,160.4,0
PRD_EST_018,STR_014,2024-09-17,1,181.0,0
PRD_EST_018,STR_015,2024-09-17,1,203.1,0
PRD_EST_018,STR_001,2024-09-24,2,129.2,0
PRD_EST_018,STR_002,2024-09-24,2,132.6,0
PRD_EST_018,STR_003,2024-09-24,2,145.1,0
PRD_EST_018,STR_004,2024-09-24,2,124.4,0
PRD_EST_018,STR_005,2024-09-24,2,126.4,0
PRD_EST_018,STR_006,2024-09-24,2,118.6,0
PRD_EST_018,STR_007,2024-09-24,2,122.4,0
PRD_EST_018,STR_008,2024-09-24,2,123.7,0
PRD_EST_018,STR_009,2024-09-24,2,135.5,0
PRD_EST_018,STR_010,2024-09-24,2,144.1,0
PRD_EST_018,STR_011,2024-09-24,2,156.5,0
PRD_EST_018,STR_012,2024-09-24,2,165.4,0
PRD_EST_018,STR_013,2024-09-24,2,129.6,0
PRD_EST_018,STR_014,2024-09-24,2,146.5,0
PRD_EST_018,STR_015,2024-09-24,2,156.9,0
PRD_EST_018,STR_001,2024-10-01,3,107.4,0
PRD_EST_018,STR_002,2024-10-01,3,112.2,0
PRD_EST_018,STR_003,2024-10-01,3,109.5,0
PRD_EST_018,STR_004,2024-10-01,3,100.1,0
PRD_EST_018,STR_005,2024-10-01,3,108.8,0
PRD_EST_018,STR_006,2024-10-01,3,93.2,0
PRD_EST_018,STR_007,2024-10-01,3,103.8,0
PRD_EST_018,STR_008,2024-10-01,3,105.6,0
PRD_EST_018,STR_009,2024-10-01,3,100.2,0
PRD_EST_018,STR_010,2024-10-01,3,112.7,0
PRD_EST_018,STR_011,2024-10-01,3,126.7,0
PRD_EST_018,STR_012,2024-10-01,3,130.1,0
PRD_EST_018,STR_013,2024-10-01,3,108.1,0
PRD_EST_018,STR_014,2024-10-01,3,102.9,0
PRD_EST_018,STR_015,2024-10-01,3,112.1,0
PRD_EST_018,STR_001,2024-10-08,4,97.0,0
PRD_EST_018,STR_002,2024-10-08,4,110.0,0
PRD_EST_018,STR_003,2024-10-08,4,107.8,0
PRD_EST_018,STR_004,2024-10-08,4,105.7,0
PRD_EST_018,STR_005,2024-10-08,4,106.7,0
PRD_EST_018,STR_006,2024-10-08,4,90.5,0
PRD_EST_018,STR_007,2024-10-08,4,90.0,0
PRD_EST_018,STR_008,2024-10-08,4,97.8,0
PRD_EST_018,STR_009,2024-10-08,4,104.5,0
PRD_EST_018,STR_010,2024-10-08,4,108.5,0
PRD_EST_018,STR_011,2024-10-08,4,119.7,0
PRD_EST_018,STR_012,2024-10-08,4,120.7,0
PRD_EST_018,STR_013,2024-10-08,4,101.1,0
PRD_EST_018,STR_014,2024-10-08,4,100.5,0
PRD_EST_018,STR_015,2024-10-08,4,107.0,0
PRD_EST_018,STR_001,2024-10-15,5,100.6,0
PRD_EST_018,STR_002,2024-10-15,5,101.3,0
PRD_EST_018,STR_003,2024-10-15,5,106.6,0
PRD_EST_018,STR_004,2024-10-15,5,105.2,0
PRD_EST_018,STR_005,2024-10-15,5,105.2,0
PRD_EST_018,STR_006,2024-10-15,5,90.1,0
PRD_EST_018,STR_007,2024-10-15,5,96.2,0
PRD_EST_018,STR_008,2024-10-15,5,96.0,0
PRD_EST_018,STR_009,2024-10-15,5,89.8,0
PRD_EST_018,STR_010,2024-10-15,5,99.4,0
PRD_EST_018,STR_011,2024-10-15,5,118.1,0
PRD_EST_018,STR_012,2024-10-15,5,123.0,0
PRD_EST_018,STR_013,2024-10-15,5,103.6,0
PRD_EST_018,STR_014,2024-10-15,5,104.6,0
PRD_EST_018,STR_015,2024-10-15,5,104.2,0
PRD_EST_018,STR_001,2024-10-22,6,112.5,0
PRD_EST_018,STR_002,2024-10-22,6,113.4,0
PRD_EST_018,STR_003,2024-10-22,6,108.7,0
PRD_EST_018,STR_004,2024-10-22,6,106.4,0
PRD_EST_018,STR_005,2024-10-22,6,116.9,0
PRD_EST_018,STR_006,2024-10-22,6,94.2,0
PRD_EST_018,STR_007,2024-10-22,6,100.2,0
PRD_EST_018,STR_008,2024-10-22,6,114.2,0
PRD_EST_018,STR_009,2024-10-22,6,112.2,0
PRD_EST_018,STR_010,2024-10-22,6,116.3,0
PRD_EST_018,STR_011,2024-10-22,6,131.4,0
PRD_EST_018,STR_012,2024-10-22,6,132.7,0
PRD_EST_018,STR_013,2024-10-22,6,108.2,0
PRD_EST_018,STR_014,2024-10-22,6,116.6,0
PRD_EST_018,STR_015,2024-10-22,6,114.4,0
PRD_EST_018,STR_001,2024-10-29,7,96.8,0
PRD_EST_018,STR_002,2024-10-29,7,102.0,0
PRD_EST_018,STR_003,2024-10-29,7,99.3,0
PRD_EST_018,STR_004,2024-10-29,7,97.1,0
PRD_EST_018,STR_005,2024-10-29,7,108.0,0
PRD_EST_018,STR_006,2024-10-29,7,84.3,0
PRD_EST_018,STR_007,2024-10-29,7,87.9,0
PRD_EST_018,STR_008,2024-10-29,7,107.3,0
PRD_EST_018,STR_009,2024-10-29,7,106.6,0
PRD_EST_018,STR_010,2024-10-29,7,103.3,0
PRD_EST_018,STR_011,2024-10-29,7,125.5,0
PRD_EST_018,STR_012,2024-10-29,7,136.2,0
PRD_EST_018,STR_013,2024-10-29,7,103.9,0
PRD_EST_018,STR_014,2024-10-29,7,101.6,0
PRD_EST_018,STR_015,2024-10-29,7,117.0,0
PRD_EST_018,STR_001,2024-11-05,8,135.1,0
PRD_EST_018,STR_002,2024-11-05,8,132.9,0
PRD_EST_018,STR_003,2024-11-05,8,124.7,0
PRD_EST_018,STR_004,2024-11-05,8,122.8,0
PRD_EST_018,STR_005,2024-11-05,8,138.6,0
PRD_EST_018,STR_006,2024-11-05,8,111.3,0
PRD_EST_018,STR_007,2024-11-05,8,120.6,0
PRD_EST_018,STR_008,2024-11-05,8,135.6,0
PRD_EST_018,STR_009,2024-11-05,8,126.3,0
PRD_EST_018,STR_010,2024-11-05,8,137.8,0
PRD_EST_018,STR_011,2024-11-05,8,142.8,0
PRD_EST_018,STR_012,2024-11-05,8,151.9,0
PRD_EST_018,STR_013,2024-11-05,8,125.3,0
PRD_EST_018,STR_014,2024-11-05,8,131.2,0
PRD_EST_018,STR_015,2024-11-05,8,144.4,0
PRD_EST_019,STR_001,2025-02-22,1,52.5,0
PRD_EST_019,STR_002,2025-02-22,1,59.1,0
PRD_EST_019,STR_003,2025-02-22,1,56.2,0
PRD_EST_019,STR_004,2025-02-22,1,62.7,0
PRD_EST_019,STR_005,2025-02-22,1,58.0,0
PRD_EST_019,STR_006,2025-02-22,1,54.0,0
PRD_EST_019,STR_007,2025-02-22,1,49.4,0
PRD_EST_019,STR_008,2025-02-22,1,52.3,0
PRD_EST_019,STR_009,2025-02-22,1,51.8,0
PRD_EST_019,STR_010,2025-02-22,1,53.7,0
PRD_EST_019,STR_011,2025-02-22,1,57.6,0
PRD_EST_019,STR_012,2025-02-22,1,67.7,0
PRD_EST_019,STR_013,2025-02-22,1,57.4,0
PRD_EST_019,STR_014,2025-02-22,1,64.1,0
PRD_EST_019,STR_015,2025-02-22,1,61.5,0
PRD_EST_019,STR_001,2025-03-01,2,45.8,0
PRD_EST_019,STR_002,2025-03-01,2,50.6,0
PRD_EST_019,STR_003,2025-03-01,2,45.9,0
PRD_EST_019,STR_004,2025-03-01,2,52.6,0
PRD_EST_019,STR_005,2025-03-01,2,54.9,0
PRD_EST_019,STR_006,2025-03-01,2,45.2,0
PRD_EST_019,STR_007,2025-03-01,2,45.5,0
PRD_EST_019,STR_008,2025-03-01,2,44.3,0
PRD_EST_019,STR_009,2025-03-01,2,42.6,0
PRD_EST_019,STR_010,2025-03-01,2,48.2,0
PRD_EST_019,STR_011,2025-03-01,2,54.1,0
PRD_EST_019,STR_012,2025-03-01,2,63.7,0
PRD_EST_019,STR_013,2025-03-01,2,53.3,0
PRD_EST_019,STR_014,2025-03-01,2,56.5,0
PRD_EST_019,STR_015,2025-03-01,2,53.4,0
PRD_EST_019,STR_001,2025-03-08,3,40.3,0
PRD_EST_019,STR_002,2025-03-08,3,41.1,0
PRD_EST_019,STR_003,2025-03-08,3,41.8,0
PRD_EST_019,STR_004,2025-03-08,3,46.9,0
PRD_EST_019,STR_005,2025-03-08,3,41.9,0
PRD_EST_019,STR_006,2025-03-08,3,40.1,0
PRD_EST_019,STR_007,2025-03-08,3,37.9,0
PRD_EST_019,STR_008,2025-03-08,3,40.6,0
PRD_EST_019,STR_009,2025-03-08,3,42.8,0
PRD_EST_019,STR_010,2025-03-08,3,40.1,0
PRD_EST_019,STR_011,2025-03-08,3,50.1,0
PRD_EST_019,STR_012,2025-03-08,3,51.0,0
PRD_EST_019,STR_013,2025-03-08,3,48.1,0
PRD_EST_019,STR_014,2025-03-08,3,43.3,0
PRD_EST_019,STR_015,2025-03-08,3,43.7,0
PRD_EST_019,STR_001,2025-03-15,4,36.4,0
PRD_EST_019,STR_002,2025-03-15,4,35.8,0
PRD_EST_019,STR_003,2025-03-15,4,36.1,0
PRD_EST_019,STR_004,2025-03-15,4,41.6,0
PRD_EST_019,STR_005,2025-03-15,4,39.3,0
PRD_EST_019,STR_006,2025-03-15,4,38.0,0
PRD_EST_019,STR_007,2025-03-15,4,32.5,0
PRD_EST_019,STR_008,2025-03-15,4,37.1,0
PRD_EST_019,STR_009,2025-03-15,4,35.1,0
PRD_EST_019,STR_010,2025-03-15,4,40.1,0
PRD_EST_019,STR_011,2025-03-15,4,44.6,0
PRD_EST_019,STR_012,2025-03-15,4,43.7,0
PRD_EST_019,STR_013,2025-03-15,4,41.2,0
PRD_EST_019,STR_014,2025-03-15,4,42.0,0
PRD_EST_019,STR_015,2025-03-15,4,44.0,0
PRD_EST_019,STR_001,2025-03-22,5,39.3,0
PRD_EST_019,STR_002,2025-03-22,5,42.2,0
PRD_EST_019,STR_003,2025-03-22,5,36.5,0
PRD_EST_019,STR_004,2025-03-22,5,42.7,0
PRD_EST_019,STR_005,2025-03-22,5,42.8,0
PRD_EST_019,STR_006,2025-03-22,5,38.6,0
PRD_EST_019,STR_007,2025-03-22,5,33.1,0
PRD_EST_019,STR_008,2025-03-22,5,35.3,0
PRD_EST_019,STR_009,2025-03-22,5,37.4,0
PRD_EST_019,STR_010,2025-03-22,5,40.1,0
PRD_EST_019,STR_011,2025-03-22,5,46.7,0
PRD_EST_019,STR_012,2025-03-22,5,44.8,0
PRD_EST_019,STR_013,2025-03-22,5,39.1,0
PRD_EST_019,STR_014,2025-03-22,5,44.5,0
PRD_EST_019,STR_015,2025-03-22,5,44.6,0
PRD_EST_019,STR_001,2025-03-29,6,40.3,0
PRD_EST_019,STR_002,2025-03-29,6,40.8,0
PRD_EST_019,STR_003,2025-03-29,6,40.8,0
PRD_EST_019,STR_004,2025-03-29,6,38.7,0
PRD_EST_019,STR_005,2025-03-29,6,42.0,0
PRD_EST_019,STR_006,2025-03-29,6,36.4,0
PRD_EST_019,STR_007,2025-03-29,6,34.1,0
PRD_EST_019,STR_008,2025-03-29,6,34.5,0
PRD_EST_019,STR_009,2025-03-29,6,35.4,0
PRD_EST_019,STR_010,2025-03-29,6,39.2,0
PRD_EST_019,STR_011,2025-03-29,6,43.5,0
PRD_EST_019,STR_012,2025-03-29,6,45.8,0
PRD_EST_019,STR_013,2025-03-29,6,39.9,0
PRD_EST_019,STR_014,2025-03-29,6,44.0,0
PRD_EST_019,STR_015,2025-03-29,6,42.7,0
PRD_EST_019,STR_001,2025-04-05,7,36.6,0
PRD_EST_019,STR_002,2025-04-05,7,39.7,0
PRD_EST_019,STR_003,2025-04-05,7,38.4,0
PRD_EST_019,STR_004,2025-04-05,7,40.8,0
PRD_EST_019,STR_005,2025-04-05,7,41.4,0
PRD_EST_019,STR_006,2025-04-05,7,39.0,0
PRD_EST_019,STR_007,2025-04-05,7,34.4,0
PRD_EST_019,STR_008,2025-04-05,7,39.7,0
PRD_EST_019,STR_009,2025-04-05,7,39.4,0
PRD_EST_019,STR_010,2025-04-05,7,41.0,0
PRD_EST_019,STR_011,2025-04-05,7,47.1,0
PRD_EST_019,STR_012,2025-04-05,7,46.1,0
PRD_EST_019,STR_013,2025-04-05,7,40.7,0
PRD_EST_019,STR_014,2025-04-05,7,44.6,0
PRD_EST_019,STR_015,2025-04-05,7,44.8,0
PRD_EST_019,STR_001,2025-04-12,8,44.1,0
PRD_EST_019,STR_002,2025-04-12,8,47.6,0
PRD_EST_019,STR_003,2025-04-12,8,46.7,0
PRD_EST_019,STR_004,2025-04-12,8,44.8,0
PRD_EST_019,STR_005,2025-04-12,8,48.5,0
PRD_EST_019,STR_006,2025-04-12,8,45.8,0
PRD_EST_019,STR_007,2025-04-12,8,40.3,0
PRD_EST_019,STR_008,2025-04-12,8,43.3,0
PRD_EST_019,STR_009,2025-04-12,8,43.0,0
PRD_EST_019,STR_010,2025-04-12,8,45.0,0
PRD_EST_019,STR_011,2025-04-12,8,46.9,0
PRD_EST_019,STR_012,2025-04-12,8,58.1,0
PRD_EST_019,STR_013,2025-04-12,8,45.1,0
PRD_EST_019,STR_014,2025-04-12,8,51.1,0
PRD_EST_019,STR_015,2025-04-12,8,48.7,0
PRD_EST_020,STR_001,2025-07-19,1,317.2,1
PRD_EST_020,STR_002,2025-07-19,1,327.4,1
PRD_EST_020,STR_003,2025-07-19,1,301.2,1
PRD_EST_020,STR_004,2025-07-19,1,278.5,1
PRD_EST_020,STR_005,2025-07-19,1,301.1,1
PRD_EST_020,STR_006,2025-07-19,1,273.4,1
PRD_EST_020,STR_007,2025-07-19,1,270.5,1
PRD_EST_020,STR_008,2025-07-19,1,320.8,1
PRD_EST_020,STR_009,2025-07-19,1,303.5,1
PRD_EST_020,STR_010,2025-07-19,1,312.7,1
PRD_EST_020,STR_011,2025-07-19,1,333.2,1
PRD_EST_020,STR_012,2025-07-19,1,411.8,1
PRD_EST_020,STR_013,2025-07-19,1,316.4,1
PRD_EST_020,STR_014,2025-07-19,1,320.0,1
PRD_EST_020,STR_015,2025-07-19,1,333.2,1
PRD_EST_020,STR_001,2025-07-26,2,266.7,1
PRD_EST_020,STR_002,2025-07-26,2,259.8,1
PRD_EST_020,STR_003,2025-07-26,2,277.8,1
PRD_EST_020,STR_004,2025-07-26,2,277.2,1
PRD_EST_020,STR_005,2025-07-26,2,278.5,1
PRD_EST_020,STR_006,2025-07-26,2,236.3,1
PRD_EST_020,STR_007,2025-07-26,2,251.4,1
PRD_EST_020,STR_008,2025-07-26,2,250.0,1
PRD_EST_020,STR_009,2025-07-26,2,252.8,1
PRD_EST_020,STR_010,2025-07-26,2,253.6,1
PRD_EST_020,STR_011,2025-07-26,2,315.3,1
PRD_EST_020,STR_012,2025-07-26,2,346.2,1
PRD_EST_020,STR_013,2025-07-26,2,240.3,1
PRD_EST_020,STR_014,2025-07-26,2,283.7,1
PRD_EST_020,STR_015,2025-07-26,2,302.8,1
PRD_EST_020,STR_001,2025-08-02,3,185.6,0
PRD_EST_020,STR_002,2025-08-02,3,170.1,0
PRD_EST_020,STR_003,2025-08-02,3,177.3,0
PRD_EST_020,STR_004,2025-08-02,3,134.8,0
PRD_EST_020,STR_005,2025-08-02,3,127.1,0
PRD_EST_020,STR_006,2025-08-02,3,123.6,0
PRD_EST_020,STR_007,2025-08-02,3,168.1,0
PRD_EST_020,STR_008,2025-08-02,3,172.4,0
PRD_EST_020,STR_009,2025-08-02,3,125.2,0
PRD_EST_020,STR_010,2025-08-02,3,180.2,0
PRD_EST_020,STR_011,2025-08-02,3,194.9,0
PRD_EST_020,STR_012,2025-08-02,3,222.0,0
PRD_EST_020,STR_013,2025-08-02,3,133.5,0
PRD_EST_020,STR_014,2025-08-02,3,139.4,0
PRD_EST_020,STR_015,2025-08-02,3,195.6,0
PRD_EST_020,STR_001,2025-08-09,4,381.2,0
PRD_EST_020,STR_002,2025-08-09,4,412.4,0
PRD_EST_020,STR_003,2025-08-09,4,422.4,0
PRD_EST_020,STR_004,2025-08-09,4,302.2,0
PRD_EST_020,STR_005,2025-08-09,4,286.7,0
PRD_EST_020,STR_006,2025-08-09,4,262.4,0
PRD_EST_020,STR_007,2025-08-09,4,372.8,0
PRD_EST_020,STR_008,2025-08-09,4,376.5,0
PRD_EST_020,STR_009,2025-08-09,4,267.0,0
PRD_EST_020,STR_010,2025-08-09,4,382.9,0
PRD_EST_020,STR_011,2025-08-09,4,487.7,0
PRD_EST_020,STR_012,2025-08-09,4,508.8,0
PRD_EST_020,STR_013,2025-08-09,4,306.3,0
PRD_EST_020,STR_014,2025-08-09,4,284.3,0
PRD_EST_020,STR_015,2025-08-09,4,458.3,0
PRD_EST_020,STR_001,2025-08-16,5,144.6,0
PRD_EST_020,STR_002,2025-08-16,5,133.2,0
PRD_EST_020,STR_003,2025-08-16,5,129.9,0
PRD_EST_020,STR_004,2025-08-16,5,134.8,0
PRD_EST_020,STR_005,2025-08-16,5,140.4,0
PRD_EST_020,STR_006,2025-08-16,5,121.3,0
PRD_EST_020,STR_007,2025-08-16,5,128.4,0
PRD_EST_020,STR_008,2025-08-16,5,132.1,0
PRD_EST_020,STR_009,2025-08-16,5,131.8,0
PRD_EST_020,STR_010,2025-08-16,5,141.6,0
PRD_EST_020,STR_011,2025-08-16,5,156.6,0
PRD_EST_020,STR_012,2025-08-16,5,170.5,0
PRD_EST_020,STR_013,2025-08-16,5,141.0,0
PRD_EST_020,STR_014,2025-08-16,5,128.2,0
PRD_EST_020,STR_015,2025-08-16,5,146.2,0
PRD_EST_020,STR_001,2025-08-23,6,136.9,0
PRD_EST_020,STR_002,2025-08-23,6,130.5,0
PRD_EST_020,STR_003,2025-08-23,6,145.7,0
PRD_EST_020,STR_004,2025-08-23,6,134.0,0
PRD_EST_020,STR_005,2025-08-23,6,128.5,0
PRD_EST_020,STR_006,2025-08-23,6,122.8,0
PRD_EST_020,STR_007,2025-08-23,6,119.9,0
PRD_EST_020,STR_008,2025-08-23,6,134.0,0
PRD_EST_020,STR_009,2025-08-23,6,137.7,0
PRD_EST_020,STR_010,2025-08-23,6,150.1,0
PRD_EST_020,STR_011,2025-08-23,6,159.2,0
PRD_EST_020,STR_012,2025-08-23,6,170.6,0
PRD_EST_020,STR_013,2025-08-23,6,141.2,0
PRD_EST_020,STR_014,2025-08-23,6,144.1,0
PRD_EST_020,STR_015,2025-08-23,6,160.9,0
PRD_EST_020,STR_001,2025-08-30,7,131.8,0
PRD_EST_020,STR_002,2025-08-30,7,131.4,0
PRD_EST_020,STR_003,2025-08-30,7,132.1,0
PRD_EST_020,STR_004,2025-08-30,7,126.8,0
PRD_EST_020,STR_005,2025-08-30,7,141.3,0
PRD_EST_020,STR_006,2025-08-30,7,123.0,0
PRD_EST_020,STR_007,2025-08-30,7,118.6,0
PRD_EST_020,STR_008,2025-08-30,7,136.5,0
PRD_EST_020,STR_009,2025-08-30,7,127.7,0
PRD_EST_020,STR_010,2025-08-30,7,131.2,0
PRD_EST_020,STR_011,2025-08-30,7,150.7,0
PRD_EST_020,STR_012,2025-08-30,7,176.4,0
PRD_EST_020,STR_013,2025-08-30,7,129.2,0
PRD_EST_020,STR_014,2025-08-30,7,142.4,0
PRD_EST_020,STR_015,2025-08-30,7,147.1,0
PRD_EST_020,STR_001,2025-09-06,8,137.4,0
PRD_EST_020,STR_002,2025-09-06,8,139.7,0
PRD_EST_020,STR_003,2025-09-06,8,152.5,0
PRD_EST_020,STR_004,2025-09-06,8,135.0,0
PRD_EST_020,STR_005,2025-09-06,8,146.7,0
PRD_EST_020,STR_006,2025-09-06,8,123.0,0
PRD_EST_020,STR_007,2025-09-06,8,137.7,0
PRD_EST_020,STR_008,2025-09-06,8,127.1,0
PRD_EST_020,STR_009,2025-09-06,8,143.3,0
PRD_EST_020,STR_010,2025-09-06,8,144.4,0
PRD_EST_020,STR_011,2025-09-06,8,168.0,0
PRD_EST_020,STR_012,2025-09-06,8,171.3,0
PRD_EST_020,STR_013,2025-09-06,8,132.7,0
PRD_EST_020,STR_014,2025-09-06,8,130.0,0
PRD_EST_020,STR_015,2025-09-06,8,164.3,0
PRD_EST_021,STR_001,2025-12-29,1,93.4,0
PRD_EST_021,STR_002,2025-12-29,1,100.9,0
PRD_EST_021,STR_003,2025-12-29,1,96.9,0
PRD_EST_021,STR_004,2025-12-29,1,110.8,0
PRD_EST_021,STR_005,2025-12-29,1,109.7,0
PRD_EST_021,STR_006,2025-12-29,1,89.8,0
PRD_EST_021,STR_007,2025-12-29,1,94.6,0
PRD_EST_021,STR_008,2025-12-29,1,100.4,0
PRD_EST_021,STR_009,2025-12-29,1,89.3,0
PRD_EST_021,STR_010,2025-12-29,1,100.6,0
PRD_EST_021,STR_011,2025-12-29,1,110.4,0
PRD_EST_021,STR_012,2025-12-29,1,121.5,0
PRD_EST_021,STR_013,2025-12-29,1,106.8,0
PRD_EST_021,STR_014,2025-12-29,1,100.8,0
PRD_EST_021,STR_015,2025-12-29,1,110.1,0
PRD_EST_021,STR_001,2026-01-05,2,92.6,0
PRD_EST_021,STR_002,2026-01-05,2,96.8,0
PRD_EST_021,STR_003,2026-01-05,2,95.9,0
PRD_EST_021,STR_004,2026-01-05,2,98.1,0
PRD_EST_021,STR_005,2026-01-05,2,96.7,0
PRD_EST_021,STR_006,2026-01-05,2,77.8,0
PRD_EST_021,STR_007,2026-01-05,2,74.0,0
PRD_EST_021,STR_008,2026-01-05,2,88.5,0
PRD_EST_021,STR_009,2026-01-05,2,80.6,0
PRD_EST_021,STR_010,2026-01-05,2,95.7,0
PRD_EST_021,STR_011,2026-01-05,2,96.2,0
PRD_EST_021,STR_012,2026-01-05,2,102.2,0
PRD_EST_021,STR_013,2026-01-05,2,95.3,0
PRD_EST_021,STR_014,2026-01-05,2,94.2,0
PRD_EST_021,STR_015,2026-01-05,2,90.5,0
PRD_EST_021,STR_001,2026-01-12,3,63.8,0
PRD_EST_021,STR_002,2026-01-12,3,74.5,0
PRD_EST_021,STR_003,2026-01-12,3,69.0,0
PRD_EST_021,STR_004,2026-01-12,3,98.3,0
PRD_EST_021,STR_005,2026-01-12,3,100.4,0
PRD_EST_021,STR_006,2026-01-12,3,86.7,0
PRD_EST_021,STR_007,2026-01-12,3,63.7,0
PRD_EST_021,STR_008,2026-01-12,3,61.9,0
PRD_EST_021,STR_009,2026-01-12,3,94.6,0
PRD_EST_021,STR_010,2026-01-12,3,69.4,0
PRD_EST_021,STR_011,2026-01-12,3,79.5,0
PRD_EST_021,STR_012,2026-01-12,3,79.5,0
PRD_EST_021,STR_013,2026-01-12,3,105.5,0
PRD_EST_021,STR_014,2026-01-12,3,106.1,0
PRD_EST_021,STR_015,2026-01-12,3,69.1,0
PRD_EST_021,STR_001,2026-01-19,4,120.4,0
PRD_EST_021,STR_002,2026-01-19,4,137.2,0
PRD_EST_021,STR_003,2026-01-19,4,121.4,0
PRD_EST_021,STR_004,2026-01-19,4,165.7,0
PRD_EST_021,STR_005,2026-01-19,4,183.3,0
PRD_EST_021,STR_006,2026-01-19,4,150.9,0
PRD_EST_021,STR_007,2026-01-19,4,117.1,0
PRD_EST_021,STR_008,2026-01-19,4,125.9,0
PRD_EST_021,STR_009,2026-01-19,4,157.3,0
PRD_EST_021,STR_010,2026-01-19,4,130.2,0
PRD_EST_021,STR_011,2026-01-19,4,146.0,0
PRD_EST_021,STR_012,2026-01-19,4,156.9,0
PRD_EST_021,STR_013,2026-01-19,4,184.0,0
PRD_EST_021,STR_014,2026-01-19,4,171.7,0
PRD_EST_021,STR_015,2026-01-19,4,128.5,0
PRD_EST_021,STR_001,2026-01-26,5,70.8,0
PRD_EST_021,STR_002,2026-01-26,5,63.0,0
PRD_EST_021,STR_003,2026-01-26,5,63.7,0
PRD_EST_021,STR_004,2026-01-26,5,70.2,0
PRD_EST_021,STR_005,2026-01-26,5,68.0,0
PRD_EST_021,STR_006,2026-01-26,5,60.9,0
PRD_EST_021,STR_007,2026-01-26,5,62.4,0
PRD_EST_021,STR_008,2026-01-26,5,61.1,0
PRD_EST_021,STR_009,2026-01-26,5,65.3,0
PRD_EST_021,STR_010,2026-01-26,5,62.6,0
PRD_EST_021,STR_011,2026-01-26,5,73.7,0
PRD_EST_021,STR_012,2026-01-26,5,76.8,0
PRD_EST_021,STR_013,2026-01-26,5,71.8,0
PRD_EST_021,STR_014,2026-01-26,5,74.5,0
PRD_EST_021,STR_015,2026-01-26,5,75.5,0
PRD_EST_021,STR_001,2026-02-02,6,67.8,0
PRD_EST_021,STR_002,2026-02-02,6,73.9,0
PRD_EST_021,STR_003,2026-02-02,6,69.6,0
PRD_EST_021,STR_004,2026-02-02,6,73.9,0
PRD_EST_021,STR_005,2026-02-02,6,71.4,0
PRD_EST_021,STR_006,2026-02-02,6,67.8,0
PRD_EST_021,STR_007,2026-02-02,6,61.8,0
PRD_EST_021,STR_008,2026-02-02,6,66.8,0
PRD_EST_021,STR_009,2026-02-02,6,67.7,0
PRD_EST_021,STR_010,2026-02-02,6,73.1,0
PRD_EST_021,STR_011,2026-02-02,6,82.1,0
PRD_EST_021,STR_012,2026-02-02,6,82.0,0
PRD_EST_021,STR_013,2026-02-02,6,72.2,0
PRD_EST_021,STR_014,2026-02-02,6,70.7,0
PRD_EST_021,STR_015,2026-02-02,6,75.3,0
PRD_EST_021,STR_001,2026-02-09,7,82.0,0
PRD_EST_021,STR_002,2026-02-09,7,80.1,0
PRD_EST_021,STR_003,2026-02-09,7,77.6,0
PRD_EST_021,STR_004,2026-02-09,7,77.8,0
PRD_EST_021,STR_005,2026-02-09,7,76.5,0
PRD_EST_021,STR_006,2026-02-09,7,67.9,0
PRD_EST_021,STR_007,2026-02-09,7,64.9,0
PRD_EST_021,STR_008,2026-02-09,7,74.4,0
PRD_EST_021,STR_009,2026-02-09,7,72.6,0
PRD_EST_021,STR_010,2026-02-09,7,83.4,0
PRD_EST_021,STR_011,2026-02-09,7,89.3,0
PRD_EST_021,STR_012,2026-02-09,7,87.7,0
PRD_EST_021,STR_013,2026-02-09,7,85.0,0
PRD_EST_021,STR_014,2026-02-09,7,89.2,0
PRD_EST_021,STR_015,2026-02-09,7,85.7,0
PRD_EST_021,STR_001,2026-02-16,8,80.6,0
PRD_EST_021,STR_002,2026-02-16,8,88.4,0
PRD_EST_021,STR_003,2026-02-16,8,79.0,0
PRD_EST_021,STR_004,2026-02-16,8,79.5,0
PRD_EST_021,STR_005,2026-02-16,8,91.9,0
PRD_EST_021,STR_006,2026-02-16,8,81.3,0
PRD_EST_021,STR_007,2026-02-16,8,77.2,0
PRD_EST_021,STR_008,2026-02-16,8,75.8,0
PRD_EST_021,STR_009,2026-02-16,8,78.8,0
PRD_EST_021,STR_010,2026-02-16,8,81.1,0
PRD_EST_021,STR_011,2026-02-16,8,84.7,0
PRD_EST_021,STR_012,2026-02-16,8,104.8,0
PRD_EST_021,STR_013,2026-02-16,8,92.0,0
PRD_EST_021,STR_014,2026-02-16,8,81.5,0
PRD_EST_021,STR_015,2026-02-16,8,83.3,0
PRD_EST_022,STR_001,2024-11-12,1,342.1,1
PRD_EST_022,STR_002,2024-11-12,1,338.3,1
PRD_EST_022,STR_003,2024-11-12,1,327.2,1
PRD_EST_022,STR_004,2024-11-12,1,423.0,1
PRD_EST_022,STR_005,2024-11-12,1,464.4,1
PRD_EST_022,STR_006,2024-11-12,1,362.9,1
PRD_EST_022,STR_007,2024-11-12,1,275.0,1
PRD_EST_022,STR_008,2024-11-12,1,321.5,1
PRD_EST_022,STR_009,2024-11-12,1,330.3,1
PRD_EST_022,STR_010,2024-11-12,1,346.4,1
PRD_EST_022,STR_011,2024-11-12,1,337.9,1
PRD_EST_022,STR_012,2024-11-12,1,422.9,1
PRD_EST_022,STR_013,2024-11-12,1,431.7,1
PRD_EST_022,STR_014,2024-11-12,1,446.8,1
PRD_EST_022,STR_015,2024-11-12,1,350.0,1
PRD_EST_022,STR_001,2024-11-19,2,313.4,1
PRD_EST_022,STR_002,2024-11-19,2,325.3,1
PRD_EST_022,STR_003,2024-11-19,2,316.9,1
PRD_EST_022,STR_004,2024-11-19,2,429.9,1
PRD_EST_022,STR_005,2024-11-19,2,440.1,1
PRD_EST_022,STR_006,2024-11-19,2,376.7,1
PRD_EST_022,STR_007,2024-11-19,2,294.5,1
PRD_EST_022,STR_008,2024-11-19,2,293.4,1
PRD_EST_022,STR_009,2024-11-19,2,290.3,1
PRD_EST_022,STR_010,2024-11-19,2,330.7,1
PRD_EST_022,STR_011,2024-11-19,2,338.9,1
PRD_EST_022,STR_012,2024-11-19,2,350.1,1
PRD_EST_022,STR_013,2024-11-19,2,420.8,1
PRD_EST_022,STR_014,2024-11-19,2,386.4,1
PRD_EST_022,STR_015,2024-11-19,2,355.1,1
PRD_EST_022,STR_001,2024-11-26,3,191.3,0
PRD_EST_022,STR_002,2024-11-26,3,200.2,0
PRD_EST_022,STR_003,2024-11-26,3,199.5,0
PRD_EST_022,STR_004,2024-11-26,3,240.3,0
PRD_EST_022,STR_005,2024-11-26,3,275.4,0
PRD_EST_022,STR_006,2024-11-26,3,238.4,0
PRD_EST_022,STR_007,2024-11-26,3,172.0,0
PRD_EST_022,STR_008,2024-11-26,3,187.5,0
PRD_EST_022,STR_009,2024-11-26,3,183.3,0
PRD_EST_022,STR_010,2024-11-26,3,190.6,0
PRD_EST_022,STR_011,2024-11-26,3,219.4,0
PRD_EST_022,STR_012,2024-11-26,3,232.2,0
PRD_EST_022,STR_013,2024-11-26,3,260.7,0
PRD_EST_022,STR_014,2024-11-26,3,265.2,0
PRD_EST_022,STR_015,2024-11-26,3,195.8,0
PRD_EST_022,STR_001,2024-12-03,4,164.4,0
PRD_EST_022,STR_002,2024-12-03,4,167.9,0
PRD_EST_022,STR_003,2024-12-03,4,160.8,0
PRD_EST_022,STR_004,2024-12-03,4,190.0,0
PRD_EST_022,STR_005,2024-12-03,4,225.1,0
PRD_EST_022,STR_006,2024-12-03,4,184.6,0
PRD_EST_022,STR_007,2024-12-03,4,139.9,0
PRD_EST_022,STR_008,2024-12-03,4,149.2,0
PRD_EST_022,STR_009,2024-12-03,4,139.7,0
PRD_EST_022,STR_010,2024-12-03,4,164.3,0
PRD_EST_022,STR_011,2024-12-03,4,168.6,0
PRD_EST_022,STR_012,2024-12-03,4,185.8,0
PRD_EST_022,STR_013,2024-12-03,4,200.9,0
PRD_EST_022,STR_014,2024-12-03,4,212.9,0
PRD_EST_022,STR_015,2024-12-03,4,171.5,0
PRD_EST_022,STR_001,2024-12-10,5,178.8,0
PRD_EST_022,STR_002,2024-12-10,5,193.7,0
PRD_EST_022,STR_003,2024-12-10,5,171.9,0
PRD_EST_022,STR_004,2024-12-10,5,238.4,0
PRD_EST_022,STR_005,2024-12-10,5,248.5,0
PRD_EST_022,STR_006,2024-12-10,5,201.1,0
PRD_EST_022,STR_007,2024-12-10,5,164.1,0
PRD_EST_022,STR_008,2024-12-10,5,169.1,0
PRD_EST_022,STR_009,2024-12-10,5,185.5,0
PRD_EST_022,STR_010,2024-12-10,5,191.6,0
PRD_EST_022,STR_011,2024-12-10,5,187.0,0
PRD_EST_022,STR_012,2024-12-10,5,219.4,0
PRD_EST_022,STR_013,2024-12-10,5,225.1,0
PRD_EST_022,STR_014,2024-12-10,5,250.1,0
PRD_EST_022,STR_015,2024-12-10,5,208.9,0
PRD_EST_022,STR_001,2024-12-17,6,186.6,0
PRD_EST_022,STR_002,2024-12-17,6,193.6,0
PRD_EST_022,STR_003,2024-12-17,6,184.2,0
PRD_EST_022,STR_004,2024-12-17,6,249.9,0
PRD_EST_022,STR_005,2024-12-17,6,242.6,0
PRD_EST_022,STR_006,2024-12-17,6,215.7,0
PRD_EST_022,STR_007,2024-12-17,6,159.3,0
PRD_EST_022,STR_008,2024-12-17,6,166.0,0
PRD_EST_022,STR_009,2024-12-17,6,177.1,0
PRD_EST_022,STR_010,2024-12-17,6,189.4,0
PRD_EST_022,STR_011,2024-12-17,6,209.0,0
PRD_EST_022,STR_012,2024-12-17,6,212.1,0
PRD_EST_022,STR_013,2024-12-17,6,247.9,0
PRD_EST_022,STR_014,2024-12-17,6,246.6,0
PRD_EST_022,STR_015,2024-12-17,6,200.9,0
PRD_EST_022,STR_001,2024-12-24,7,176.4,0
PRD_EST_022,STR_002,2024-12-24,7,181.0,0
PRD_EST_022,STR_003,2024-12-24,7,170.6,0
PRD_EST_022,STR_004,2024-12-24,7,244.0,0
PRD_EST_022,STR_005,2024-12-24,7,223.6,0
PRD_EST_022,STR_006,2024-12-24,7,208.0,0
PRD_EST_022,STR_007,2024-12-24,7,165.8,0
PRD_EST_022,STR_008,2024-12-24,7,180.6,0
PRD_EST_022,STR_009,2024-12-24,7,171.6,0
PRD_EST_022,STR_010,2024-12-24,7,178.7,0
PRD_EST_022,STR_011,2024-12-24,7,187.8,0
PRD_EST_022,STR_012,2024-12-24,7,234.4,0
PRD_EST_022,STR_013,2024-12-24,7,240.2,0
PRD_EST_022,STR_014,2024-12-24,7,258.1,0
PRD_EST_022,STR_015,2024-12-24,7,204.0,0
PRD_EST_022,STR_001,2024-12-31,8,171.6,0
PRD_EST_022,STR_002,2024-12-31,8,169.2,0
PRD_EST_022,STR_003,2024-12-31,8,167.5,0
PRD_EST_022,STR_004,2024-12-31,8,215.8,0
PRD_EST_022,STR_005,2024-12-31,8,247.8,0
PRD_EST_022,STR_006,2024-12-31,8,196.2,0
PRD_EST_022,STR_007,2024-12-31,8,164.9,0
PRD_EST_022,STR_008,2024-12-31,8,158.2,0
PRD_EST_022,STR_009,2024-12-31,8,160.2,0
PRD_EST_022,STR_010,2024-12-31,8,183.3,0
PRD_EST_022,STR_011,2024-12-31,8,179.5,0
PRD_EST_022,STR_012,2024-12-31,8,217.4,0
PRD_EST_022,STR_013,2024-12-31,8,238.6,0
PRD_EST_022,STR_014,2024-12-31,8,222.7,0
PRD_EST_022,STR_015,2024-12-31,8,201.5,0
PRD_EST_023,STR_001,2025-01-15,1,218.1,0
PRD_EST_023,STR_002,2025-01-15,1,244.4,0
PRD_EST_023,STR_003,2025-01-15,1,217.9,0
PRD_EST_023,STR_004,2025-01-15,1,311.3,0
PRD_EST_023,STR_005,2025-01-15,1,315.3,0
PRD_EST_023,STR_006,2025-01-15,1,263.9,0
PRD_EST_023,STR_007,2025-01-15,1,219.8,0
PRD_EST_023,STR_008,2025-01-15,1,217.0,0
PRD_EST_023,STR_009,2025-01-15,1,221.1,0
PRD_EST_023,STR_010,2025-01-15,1,239.9,0
PRD_EST_023,STR_011,2025-01-15,1,245.4,0
PRD_EST_023,STR_012,2025-01-15,1,276.7,0
PRD_EST_023,STR_013,2025-01-15,1,299.1,0
PRD_EST_023,STR_014,2025-01-15,1,302.9,0
PRD_EST_023,STR_015,2025-01-15,1,262.8,0
PRD_EST_023,STR_001,2025-01-22,2,181.2,0
PRD_EST_023,STR_002,2025-01-22,2,197.7,0
PRD_EST_023,STR_003,2025-01-22,2,206.5,0
PRD_EST_023,STR_004,2025-01-22,2,254.3,0
PRD_EST_023,STR_005,2025-01-22,2,273.3,0
PRD_EST_023,STR_006,2025-01-22,2,228.8,0
PRD_EST_023,STR_007,2025-01-22,2,167.9,0
PRD_EST_023,STR_008,2025-01-22,2,190.7,0
PRD_EST_023,STR_009,2025-01-22,2,183.2,0
PRD_EST_023,STR_010,2025-01-22,2,185.7,0
PRD_EST_023,STR_011,2025-01-22,2,203.8,0
PRD_EST_023,STR_012,2025-01-22,2,243.1,0
PRD_EST_023,STR_013,2025-01-22,2,264.1,0
PRD_EST_023,STR_014,2025-01-22,2,279.4,0
PRD_EST_023,STR_015,2025-01-22,2,197.1,0
PRD_EST_023,STR_001,2025-01-29,3,219.3,0
PRD_EST_023,STR_002,2025-01-29,3,230.8,0
PRD_EST_023,STR_003,2025-01-29,3,150.7,0
PRD_EST_023,STR_004,2025-01-29,3,281.8,0
PRD_EST_023,STR_005,2025-01-29,3,292.1,0
PRD_EST_023,STR_006,2025-01-29,3,258.9,0
PRD_EST_023,STR_007,2025-01-29,3,198.9,0
PRD_EST_023,STR_008,2025-01-29,3,204.7,0
PRD_EST_023,STR_009,2025-01-29,3,150.4,0
PRD_EST_023,STR_010,2025-01-29,3,229.7,0
PRD_EST_023,STR_011,2025-01-29,3,243.6,0
PRD_EST_023,STR_012,2025-01-29,3,266.5,0
PRD_EST_023,STR_013,2025-01-29,3,300.7,0
PRD_EST_023,STR_014,2025-01-29,3,290.3,0
PRD_EST_023,STR_015,2025-01-29,3,244.9,0
PRD_EST_023,STR_001,2025-02-05,4,160.9,0
PRD_EST_023,STR_002,2025-02-05,4,151.9,0
PRD_EST_023,STR_003,2025-02-05,4,114.3,0
PRD_EST_023,STR_004,2025-02-05,4,210.9,0
PRD_EST_023,STR_005,2025-02-05,4,203.8,0
PRD_EST_023,STR_006,2025-02-05,4,178.7,0
PRD_EST_023,STR_007,2025-02-05,4,141.2,0
PRD_EST_023,STR_008,2025-02-05,4,162.8,0
PRD_EST_023,STR_009,2025-02-05,4,122.8,0
PRD_EST_023,STR_010,2025-02-05,4,169.6,0
PRD_EST_023,STR_011,2025-02-05,4,170.8,0
PRD_EST_023,STR_012,2025-02-05,4,185.2,0
PRD_EST_023,STR_013,2025-02-05,4,227.1,0
PRD_EST_023,STR_014,2025-02-05,4,211.3,0
PRD_EST_023,STR_015,2025-02-05,4,178.6,0
PRD_EST_023,STR_001,2025-02-12,5,303.8,0
PRD_EST_023,STR_002,2025-02-12,5,311.9,0
PRD_EST_023,STR_003,2025-02-12,5,320.2,0
PRD_EST_023,STR_004,2025-02-12,5,421.7,0
PRD_EST_023,STR_005,2025-02-12,5,422.9,0
PRD_EST_023,STR_006,2025-02-12,5,350.8,0
PRD_EST_023,STR_007,2025-02-12,5,286.4,0
PRD_EST_023,STR_008,2025-02-12,5,291.8,0
PRD_EST_023,STR_009,2025-02-12,5,294.1,0
PRD_EST_023,STR_010,2025-02-12,5,329.2,0
PRD_EST_023,STR_011,2025-02-12,5,356.2,0
PRD_EST_023,STR_012,2025-02-12,5,391.7,0
PRD_EST_023,STR_013,2025-02-12,5,384.4,0
PRD_EST_023,STR_014,2025-02-12,5,415.1,0
PRD_EST_023,STR_015,2025-02-12,5,334.0,0
PRD_EST_023,STR_001,2025-02-19,6,159.3,0
PRD_EST_023,STR_002,2025-02-19,6,158.5,0
PRD_EST_023,STR_003,2025-02-19,6,165.4,0
PRD_EST_023,STR_004,2025-02-19,6,186.6,0
PRD_EST_023,STR_005,2025-02-19,6,213.2,0
PRD_EST_023,STR_006,2025-02-19,6,171.2,0
PRD_EST_023,STR_007,2025-02-19,6,145.1,0
PRD_EST_023,STR_008,2025-02-19,6,153.9,0
PRD_EST_023,STR_009,2025-02-19,6,142.5,0
PRD_EST_023,STR_010,2025-02-19,6,147.2,0
PRD_EST_023,STR_011,2025-02-19,6,172.8,0
PRD_EST_023,STR_012,2025-02-19,6,192.4,0
PRD_EST_023,STR_013,2025-02-19,6,198.7,0
PRD_EST_023,STR_014,2025-02-19,6,210.2,0
PRD_EST_023,STR_015,2025-02-19,6,172.1,0
PRD_EST_023,STR_001,2025-02-26,7,144.5,0
PRD_EST_023,STR_002,2025-02-26,7,159.1,0
PRD_EST_023,STR_003,2025-02-26,7,146.1,0
PRD_EST_023,STR_004,2025-02-26,7,198.8,0
PRD_EST_023,STR_005,2025-02-26,7,220.5,0
PRD_EST_023,STR_006,2025-02-26,7,167.1,0
PRD_EST_023,STR_007,2025-02-26,7,146.8,0
PRD_EST_023,STR_008,2025-02-26,7,150.6,0
PRD_EST_023,STR_009,2025-02-26,7,134.7,0
PRD_EST_023,STR_010,2025-02-26,7,142.3,0
PRD_EST_023,STR_011,2025-02-26,7,162.8,0
PRD_EST_023,STR_012,2025-02-26,7,178.7,0
PRD_EST_023,STR_013,2025-02-26,7,191.6,0
PRD_EST_023,STR_014,2025-02-26,7,218.2,0
PRD_EST_023,STR_015,2025-02-26,7,152.3,0
PRD_EST_023,STR_001,2025-03-05,8,162.5,0
PRD_EST_023,STR_002,2025-03-05,8,176.7,0
PRD_EST_023,STR_003,2025-03-05,8,153.0,0
PRD_EST_023,STR_004,2025-03-05,8,230.3,0
PRD_EST_023,STR_005,2025-03-05,8,223.5,0
PRD_EST_023,STR_006,2025-03-05,8,201.3,0
PRD_EST_023,STR_007,2025-03-05,8,150.0,0
PRD_EST_023,STR_008,2025-03-05,8,164.7,0
PRD_EST_023,STR_009,2025-03-05,8,149.4,0
PRD_EST_023,STR_010,2025-03-05,8,172.8,0
PRD_EST_023,STR_011,2025-03-05,8,183.0,0
PRD_EST_023,STR_012,2025-03-05,8,186.0,0
PRD_EST_023,STR_013,2025-03-05,8,225.0,0
PRD_EST_023,STR_014,2025-03-05,8,223.2,0
PRD_EST_023,STR_015,2025-03-05,8,190.9,0
PRD_EST_024,STR_001,2025-11-20,1,194.6,1
PRD_EST_024,STR_002,2025-11-20,1,192.3,1
PRD_EST_024,STR_003,2025-11-20,1,195.0,1
PRD_EST_024,STR_004,2025-11-20,1,188.7,1
PRD_EST_024,STR_005,2025-11-20,1,189.6,1
PRD_EST_024,STR_006,2025-11-20,1,152.3,1
PRD_EST_024,STR_007,2025-11-20,1,167.6,1
PRD_EST_024,STR_008,2025-11-20,1,174.9,1
PRD_EST_024,STR_009,2025-11-20,1,184.4,1
PRD_EST_024,STR_010,2025-11-20,1,206.0,1
PRD_EST_024,STR_011,2025-11-20,1,203.5,1
PRD_EST_024,STR_012,2025-11-20,1,216.2,1
PRD_EST_024,STR_013,2025-11-20,1,194.6,1
PRD_EST_024,STR_014,2025-11-20,1,183.6,1
PRD_EST_024,STR_015,2025-11-20,1,217.8,1
PRD_EST_024,STR_001,2025-11-27,2,134.3,1
PRD_EST_024,STR_002,2025-11-27,2,139.1,1
PRD_EST_024,STR_003,2025-11-27,2,150.0,1
PRD_EST_024,STR_004,2025-11-27,2,125.7,1
PRD_EST_024,STR_005,2025-11-27,2,139.3,1
PRD_EST_024,STR_006,2025-11-27,2,127.0,1
PRD_EST_024,STR_007,2025-11-27,2,129.2,1
PRD_EST_024,STR_008,2025-11-27,2,137.0,1
PRD_EST_024,STR_009,2025-11-27,2,134.9,1
PRD_EST_024,STR_010,2025-11-27,2,140.1,1
PRD_EST_024,STR_011,2025-11-27,2,162.9,1
PRD_EST_024,STR_012,2025-11-27,2,170.0,1
PRD_EST_024,STR_013,2025-11-27,2,128.3,1
PRD_EST_024,STR_014,2025-11-27,2,131.2,1
PRD_EST_024,STR_015,2025-11-27,2,167.7,1
PRD_EST_024,STR_001,2025-12-04,3,87.5,0
PRD_EST_024,STR_002,2025-12-04,3,85.3,0
PRD_EST_024,STR_003,2025-12-04,3,86.5,0
PRD_EST_024,STR_004,2025-12-04,3,76.0,0
PRD_EST_024,STR_005,2025-12-04,3,83.0,0
PRD_EST_024,STR_006,2025-12-04,3,68.0,0
PRD_EST_024,STR_007,2025-12-04,3,77.7,0
PRD_EST_024,STR_008,2025-12-04,3,84.5,0
PRD_EST_024,STR_009,2025-12-04,3,75.5,0
PRD_EST_024,STR_010,2025-12-04,3,89.3,0
PRD_EST_024,STR_011,2025-12-04,3,98.8,0
PRD_EST_024,STR_012,2025-12-04,3,106.5,0
PRD_EST_024,STR_013,2025-12-04,3,79.7,0
PRD_EST_024,STR_014,2025-12-04,3,86.4,0
PRD_EST_024,STR_015,2025-12-04,3,85.1,0
PRD_EST_024,STR_001,2025-12-11,4,79.4,0
PRD_EST_024,STR_002,2025-12-11,4,72.0,0
PRD_EST_024,STR_003,2025-12-11,4,80.7,0
PRD_EST_024,STR_004,2025-12-11,4,67.9,0
PRD_EST_024,STR_005,2025-12-11,4,69.7,0
PRD_EST_024,STR_006,2025-12-11,4,62.2,0
PRD_EST_024,STR_007,2025-12-11,4,66.7,0
PRD_EST_024,STR_008,2025-12-11,4,68.6,0
PRD_EST_024,STR_009,2025-12-11,4,76.6,0
PRD_EST_024,STR_010,2025-12-11,4,83.1,0
PRD_EST_024,STR_011,2025-12-11,4,84.4,0
PRD_EST_024,STR_012,2025-12-11,4,93.5,0
PRD_EST_024,STR_013,2025-12-11,4,72.9,0
PRD_EST_024,STR_014,2025-12-11,4,73.4,0
PRD_EST_024,STR_015,2025-12-11,4,82.5,0
PRD_EST_024,STR_001,2025-12-18,5,75.6,0
PRD_EST_024,STR_002,2025-12-18,5,75.0,0
PRD_EST_024,STR_003,2025-12-18,5,84.3,0
PRD_EST_024,STR_004,2025-12-18,5,71.2,0
PRD_EST_024,STR_005,2025-12-18,5,81.2,0
PRD_EST_024,STR_006,2025-12-18,5,63.5,0
PRD_EST_024,STR_007,2025-12-18,5,76.5,0
PRD_EST_024,STR_008,2025-12-18,5,75.2,0
PRD_EST_024,STR_009,2025-12-18,5,76.1,0
PRD_EST_024,STR_010,2025-12-18,5,78.7,0
PRD_EST_024,STR_011,2025-12-18,5,92.2,0
PRD_EST_024,STR_012,2025-12-18,5,100.1,0
PRD_EST_024,STR_013,2025-12-18,5,74.6,0
PRD_EST_024,STR_014,2025-12-18,5,84.3,0
PRD_EST_024,STR_015,2025-12-18,5,86.0,0
PRD_EST_024,STR_001,2025-12-25,6,99.1,0
PRD_EST_024,STR_002,2025-12-25,6,88.1,0
PRD_EST_024,STR_003,2025-12-25,6,90.0,0
PRD_EST_024,STR_004,2025-12-25,6,85.5,0
PRD_EST_024,STR_005,2025-12-25,6,95.0,0
PRD_EST_024,STR_006,2025-12-25,6,83.9,0
PRD_EST_024,STR_007,2025-12-25,6,89.5,0
PRD_EST_024,STR_008,2025-12-25,6,87.1,0
PRD_EST_024,STR_009,2025-12-25,6,90.9,0
PRD_EST_024,STR_010,2025-12-25,6,92.2,0
PRD_EST_024,STR_011,2025-12-25,6,111.2,0
PRD_EST_024,STR_012,2025-12-25,6,123.7,0
PRD_EST_024,STR_013,2025-12-25,6,95.8,0
PRD_EST_024,STR_014,2025-12-25,6,94.5,0
PRD_EST_024,STR_015,2025-12-25,6,110.1,0
PRD_EST_024,STR_001,2026-01-01,7,86.0,0
PRD_EST_024,STR_002,2026-01-01,7,100.0,0
PRD_EST_024,STR_003,2026-01-01,7,89.0,0
PRD_EST_024,STR_004,2026-01-01,7,82.2,0
PRD_EST_024,STR_005,2026-01-01,7,91.6,0
PRD_EST_024,STR_006,2026-01-01,7,78.0,0
PRD_EST_024,STR_007,2026-01-01,7,84.6,0
PRD_EST_024,STR_008,2026-01-01,7,83.3,0
PRD_EST_024,STR_009,2026-01-01,7,84.1,0
PRD_EST_024,STR_010,2026-01-01,7,98.0,0
PRD_EST_024,STR_011,2026-01-01,7,107.4,0
PRD_EST_024,STR_012,2026-01-01,7,108.8,0
PRD_EST_024,STR_013,2026-01-01,7,95.4,0
PRD_EST_024,STR_014,2026-01-01,7,96.6,0
PRD_EST_024,STR_015,2026-01-01,7,95.8,0
PRD_EST_024,STR_001,2026-01-08,8,84.2,0
PRD_EST_024,STR_002,2026-01-08,8,91.3,0
PRD_EST_024,STR_003,2026-01-08,8,86.1,0
PRD_EST_024,STR_004,2026-01-08,8,79.0,0
PRD_EST_024,STR_005,2026-01-08,8,88.3,0
PRD_EST_024,STR_006,2026-01-08,8,76.2,0
PRD_EST_024,STR_007,2026-01-08,8,74.1,0
PRD_EST_024,STR_008,2026-01-08,8,88.1,0
PRD_EST_024,STR_009,2026-01-08,8,90.3,0
PRD_EST_024,STR_010,2026-01-08,8,90.3,0
PRD_EST_024,STR_011,2026-01-08,8,100.8,0
PRD_EST_024,STR_012,2026-01-08,8,101.0,0
PRD_EST_024,STR_013,2026-01-08,8,87.4,0
PRD_EST_024,STR_014,2026-01-08,8,83.4,0
PRD_EST_024,STR_015,2026-01-08,8,91.9,0
PRD_EST_025,STR_001,2025-05-30,1,262.7,1
PRD_EST_025,STR_002,2025-05-30,1,243.3,1
PRD_EST_025,STR_003,2025-05-30,1,260.4,1
PRD_EST_025,STR_004,2025-05-30,1,352.7,1
PRD_EST_025,STR_005,2025-05-30,1,368.4,1
PRD_EST_025,STR_006,2025-05-30,1,284.8,1
PRD_EST_025,STR_007,2025-05-30,1,222.5,1
PRD_EST_025,STR_008,2025-05-30,1,254.6,1
PRD_EST_025,STR_009,2025-05-30,1,248.8,1
PRD_EST_025,STR_010,2025-05-30,1,263.4,1
PRD_EST_025,STR_011,2025-05-30,1,273.0,1
PRD_EST_025,STR_012,2025-05-30,1,304.4,1
PRD_EST_025,STR_013,2025-05-30,1,349.5,1
PRD_EST_025,STR_014,2025-05-30,1,337.4,1
PRD_EST_025,STR_015,2025-05-30,1,276.5,1
PRD_EST_025,STR_001,2025-06-06,2,191.4,1
PRD_EST_025,STR_002,2025-06-06,2,203.8,1
PRD_EST_025,STR_003,2025-06-06,2,194.8,1
PRD_EST_025,STR_004,2025-06-06,2,238.8,1
PRD_EST_025,STR_005,2025-06-06,2,266.1,1
PRD_EST_025,STR_006,2025-06-06,2,212.7,1
PRD_EST_025,STR_007,2025-06-06,2,167.6,1
PRD_EST_025,STR_008,2025-06-06,2,194.1,1
PRD_EST_025,STR_009,2025-06-06,2,193.7,1
PRD_EST_025,STR_010,2025-06-06,2,185.7,1
PRD_EST_025,STR_011,2025-06-06,2,222.5,1
PRD_EST_025,STR_012,2025-06-06,2,240.7,1
PRD_EST_025,STR_013,2025-06-06,2,266.8,1
PRD_EST_025,STR_014,2025-06-06,2,279.2,1
PRD_EST_025,STR_015,2025-06-06,2,222.0,1
PRD_EST_025,STR_001,2025-06-13,3,127.8,0
PRD_EST_025,STR_002,2025-06-13,3,132.9,0
PRD_EST_025,STR_003,2025-06-13,3,128.2,0
PRD_EST_025,STR_004,2025-06-13,3,172.3,0
PRD_EST_025,STR_005,2025-06-13,3,160.9,0
PRD_EST_025,STR_006,2025-06-13,3,136.8,0
PRD_EST_025,STR_007,2025-06-13,3,108.4,0
PRD_EST_025,STR_008,2025-06-13,3,127.2,0
PRD_EST_025,STR_009,2025-06-13,3,119.0,0
PRD_EST_025,STR_010,2025-06-13,3,129.7,0
PRD_EST_025,STR_011,2025-06-13,3,131.3,0
PRD_EST_025,STR_012,2025-06-13,3,150.4,0
PRD_EST_025,STR_013,2025-06-13,3,177.4,0
PRD_EST_025,STR_014,2025-06-13,3,172.8,0
PRD_EST_025,STR_015,2025-06-13,3,144.1,0
PRD_EST_025,STR_001,2025-06-20,4,101.4,0
PRD_EST_025,STR_002,2025-06-20,4,108.9,0
PRD_EST_025,STR_003,2025-06-20,4,101.8,0
PRD_EST_025,STR_004,2025-06-20,4,139.0,0
PRD_EST_025,STR_005,2025-06-20,4,133.8,0
PRD_EST_025,STR_006,2025-06-20,4,121.9,0
PRD_EST_025,STR_007,2025-06-20,4,104.2,0
PRD_EST_025,STR_008,2025-06-20,4,110.9,0
PRD_EST_025,STR_009,2025-06-20,4,104.7,0
PRD_EST_025,STR_010,2025-06-20,4,113.4,0
PRD_EST_025,STR_011,2025-06-20,4,112.8,0
PRD_EST_025,STR_012,2025-06-20,4,124.5,0
PRD_EST_025,STR_013,2025-06-20,4,145.2,0
PRD_EST_025,STR_014,2025-06-20,4,148.2,0
PRD_EST_025,STR_015,2025-06-20,4,124.3,0
PRD_EST_025,STR_001,2025-06-27,5,108.8,0
PRD_EST_025,STR_002,2025-06-27,5,120.9,0
PRD_EST_025,STR_003,2025-06-27,5,124.8,0
PRD_EST_025,STR_004,2025-06-27,5,140.9,0
PRD_EST_025,STR_005,2025-06-27,5,161.8,0
PRD_EST_025,STR_006,2025-06-27,5,130.3,0
PRD_EST_025,STR_007,2025-06-27,5,99.8,0
PRD_EST_025,STR_008,2025-06-27,5,105.5,0
PRD_EST_025,STR_009,2025-06-27,5,111.8,0
PRD_EST_025,STR_010,2025-06-27,5,116.9,0
PRD_EST_025,STR_011,2025-06-27,5,134.1,0
PRD_EST_025,STR_012,2025-06-27,5,138.4,0
PRD_EST_025,STR_013,2025-06-27,5,164.0,0
PRD_EST_025,STR_014,2025-06-27,5,166.5,0
PRD_EST_025,STR_015,2025-06-27,5,116.3,0
PRD_EST_025,STR_001,2025-07-04,6,119.0,0
PRD_EST_025,STR_002,2025-07-04,6,110.0,0
PRD_EST_025,STR_003,2025-07-04,6,126.3,0
PRD_EST_025,STR_004,2025-07-04,6,156.6,0
PRD_EST_025,STR_005,2025-07-04,6,150.9,0
PRD_EST_025,STR_006,2025-07-04,6,142.5,0
PRD_EST_025,STR_007,2025-07-04,6,105.9,0
PRD_EST_025,STR_008,2025-07-04,6,112.3,0
PRD_EST_025,STR_009,2025-07-04,6,107.6,0
PRD_EST_025,STR_010,2025-07-04,6,115.2,0
PRD_EST_025,STR_011,2025-07-04,6,130.9,0
PRD_EST_025,STR_012,2025-07-04,6,151.1,0
PRD_EST_025,STR_013,2025-07-04,6,144.5,0
PRD_EST_025,STR_014,2025-07-04,6,151.9,0
PRD_EST_025,STR_015,2025-07-04,6,136.1,0
PRD_EST_025,STR_001,2025-07-11,7,115.3,0
PRD_EST_025,STR_002,2025-07-11,7,120.1,0
PRD_EST_025,STR_003,2025-07-11,7,128.1,0
PRD_EST_025,STR_004,2025-07-11,7,155.2,0
PRD_EST_025,STR_005,2025-07-11,7,170.1,0
PRD_EST_025,STR_006,2025-07-11,7,151.2,0
PRD_EST_025,STR_007,2025-07-11,7,100.0,0
PRD_EST_025,STR_008,2025-07-11,7,122.3,0
PRD_EST_025,STR_009,2025-07-11,7,112.8,0
PRD_EST_025,STR_010,2025-07-11,7,116.7,0
PRD_EST_025,STR_011,2025-07-11,7,134.3,0
PRD_EST_025,STR_012,2025-07-11,7,142.2,0
PRD_EST_025,STR_013,2025-07-11,7,151.8,0
PRD_EST_025,STR_014,2025-07-11,7,155.2,0
PRD_EST_025,STR_015,2025-07-11,7,133.5,0
PRD_EST_025,STR_001,2025-07-18,8,141.1,0
PRD_EST_025,STR_002,2025-07-18,8,139.3,0
PRD_EST_025,STR_003,2025-07-18,8,133.9,0
PRD_EST_025,STR_004,2025-07-18,8,172.4,0
PRD_EST_025,STR_005,2025-07-18,8,169.7,0
PRD_EST_025,STR_006,2025-07-18,8,163.0,0
PRD_EST_025,STR_007,2025-07-18,8,120.4,0
PRD_EST_025,STR_008,2025-07-18,8,130.2,0
PRD_EST_025,STR_009,2025-07-18,8,129.8,0
PRD_EST_025,STR_010,2025-07-18,8,133.8,0
PRD_EST_025,STR_011,2025-07-18,8,143.1,0
PRD_EST_025,STR_012,2025-07-18,8,154.3,0
PRD_EST_025,STR_013,2025-07-18,8,181.7,0
PRD_EST_025,STR_014,2025-07-18,8,172.1,0
PRD_EST_025,STR_015,2025-07-18,8,146.5,0
PRD_EST_026,STR_001,2025-12-01,1,185.6,0
PRD_EST_026,STR_002,2025-12-01,1,167.1,0
PRD_EST_026,STR_003,2025-12-01,1,178.1,0
PRD_EST_026,STR_004,2025-12-01,1,181.9,0
PRD_EST_026,STR_005,2025-12-01,1,186.1,0
PRD_EST_026,STR_006,2025-12-01,1,156.2,0
PRD_EST_026,STR_007,2025-12-01,1,153.6,0
PRD_EST_026,STR_008,2025-12-01,1,156.0,0
PRD_EST_026,STR_009,2025-12-01,1,165.7,0
PRD_EST_026,STR_010,2025-12-01,1,182.6,0
PRD_EST_026,STR_011,2025-12-01,1,196.2,0
PRD_EST_026,STR_012,2025-12-01,1,212.0,0
PRD_EST_026,STR_013,2025-12-01,1,174.9,0
PRD_EST_026,STR_014,2025-12-01,1,194.2,0
PRD_EST_026,STR_015,2025-12-01,1,201.3,0
PRD_EST_026,STR_001,2025-12-08,2,150.2,0
PRD_EST_026,STR_002,2025-12-08,2,139.3,0
PRD_EST_026,STR_003,2025-12-08,2,146.7,0
PRD_EST_026,STR_004,2025-12-08,2,147.0,0
PRD_EST_026,STR_005,2025-12-08,2,147.1,0
PRD_EST_026,STR_006,2025-12-08,2,140.2,0
PRD_EST_026,STR_007,2025-12-08,2,141.9,0
PRD_EST_026,STR_008,2025-12-08,2,145.6,0
PRD_EST_026,STR_009,2025-12-08,2,147.0,0
PRD_EST_026,STR_010,2025-12-08,2,152.1,0
PRD_EST_026,STR_011,2025-12-08,2,155.9,0
PRD_EST_026,STR_012,2025-12-08,2,192.5,0
PRD_EST_026,STR_013,2025-12-08,2,160.3,0
PRD_EST_026,STR_014,2025-12-08,2,170.8,0
PRD_EST_026,STR_015,2025-12-08,2,161.9,0
PRD_EST_026,STR_001,2025-12-15,3,133.6,0
PRD_EST_026,STR_002,2025-12-15,3,121.4,0
PRD_EST_026,STR_003,2025-12-15,3,133.2,0
PRD_EST_026,STR_004,2025-12-15,3,144.3,0
PRD_EST_026,STR_005,2025-12-15,3,139.3,0
PRD_EST_026,STR_006,2025-12-15,3,111.6,0
PRD_EST_026,STR_007,2025-12-15,3,123.7,0
PRD_EST_026,STR_008,2025-12-15,3,126.2,0
PRD_EST_026,STR_009,2025-12-15,3,120.0,0
PRD_EST_026,STR_010,2025-12-15,3,128.2,0
PRD_EST_026,STR_011,2025-12-15,3,151.3,0
PRD_EST_026,STR_012,2025-12-15,3,161.9,0
PRD_EST_026,STR_013,2025-12-15,3,135.4,0
PRD_EST_026,STR_014,2025-12-15,3,149.7,0
PRD_EST_026,STR_015,2025-12-15,3,139.4,0
PRD_EST_026,STR_001,2025-12-22,4,117.0,0
PRD_EST_026,STR_002,2025-12-22,4,110.7,0
PRD_EST_026,STR_003,2025-12-22,4,118.9,0
PRD_EST_026,STR_004,2025-12-22,4,126.1,0
PRD_EST_026,STR_005,2025-12-22,4,127.4,0
PRD_EST_026,STR_006,2025-12-22,4,107.2,0
PRD_EST_026,STR_007,2025-12-22,4,99.7,0
PRD_EST_026,STR_008,2025-12-22,4,102.9,0
PRD_EST_026,STR_009,2025-12-22,4,110.4,0
PRD_EST_026,STR_010,2025-12-22,4,120.8,0
PRD_EST_026,STR_011,2025-12-22,4,116.3,0
PRD_EST_026,STR_012,2025-12-22,4,139.2,0
PRD_EST_026,STR_013,2025-12-22,4,120.5,0
PRD_EST_026,STR_014,2025-12-22,4,117.4,0
PRD_EST_026,STR_015,2025-12-22,4,112.4,0
PRD_EST_026,STR_001,2025-12-29,5,120.2,0
PRD_EST_026,STR_002,2025-12-29,5,107.7,0
PRD_EST_026,STR_003,2025-12-29,5,117.4,0
PRD_EST_026,STR_004,2025-12-29,5,122.5,0
PRD_EST_026,STR_005,2025-12-29,5,122.2,0
PRD_EST_026,STR_006,2025-12-29,5,104.1,0
PRD_EST_026,STR_007,2025-12-29,5,109.2,0
PRD_EST_026,STR_008,2025-12-29,5,108.9,0
PRD_EST_026,STR_009,2025-12-29,5,102.3,0
PRD_EST_026,STR_010,2025-12-29,5,115.6,0
PRD_EST_026,STR_011,2025-12-29,5,130.3,0
PRD_EST_026,STR_012,2025-12-29,5,136.0,0
PRD_EST_026,STR_013,2025-12-29,5,124.1,0
PRD_EST_026,STR_014,2025-12-29,5,127.2,0
PRD_EST_026,STR_015,2025-12-29,5,128.2,0
PRD_EST_026,STR_001,2026-01-05,6,146.5,0
PRD_EST_026,STR_002,2026-01-05,6,135.1,0
PRD_EST_026,STR_003,2026-01-05,6,130.8,0
PRD_EST_026,STR_004,2026-01-05,6,144.6,0
PRD_EST_026,STR_005,2026-01-05,6,147.7,0
PRD_EST_026,STR_006,2026-01-05,6,121.7,0
PRD_EST_026,STR_007,2026-01-05,6,123.4,0
PRD_EST_026,STR_008,2026-01-05,6,129.4,0
PRD_EST_026,STR_009,2026-01-05,6,138.3,0
PRD_EST_026,STR_010,2026-01-05,6,139.0,0
PRD_EST_026,STR_011,2026-01-05,6,157.5,0
PRD_EST_026,STR_012,2026-01-05,6,163.3,0
PRD_EST_026,STR_013,2026-01-05,6,136.5,0
PRD_EST_026,STR_014,2026-01-05,6,156.5,0
PRD_EST_026,STR_015,2026-01-05,6,138.9,0
PRD_EST_026,STR_001,2026-01-12,7,125.9,0
PRD_EST_026,STR_002,2026-01-12,7,139.1,0
PRD_EST_026,STR_003,2026-01-12,7,142.6,0
PRD_EST_026,STR_004,2026-01-12,7,130.0,0
PRD_EST_026,STR_005,2026-01-12,7,142.0,0
PRD_EST_026,STR_006,2026-01-12,7,130.0,0
PRD_EST_026,STR_007,2026-01-12,7,124.1,0
PRD_EST_026,STR_008,2026-01-12,7,128.0,0
PRD_EST_026,STR_009,2026-01-12,7,127.9,0
PRD_EST_026,STR_010,2026-01-12,7,123.5,0
PRD_EST_026,STR_011,2026-01-12,7,143.6,0
PRD_EST_026,STR_012,2026-01-12,7,164.3,0
PRD_EST_026,STR_013,2026-01-12,7,147.2,0
PRD_EST_026,STR_014,2026-01-12,7,150.7,0
PRD_EST_026,STR_015,2026-01-12,7,142.6,0
PRD_EST_026,STR_001,2026-01-19,8,147.1,0
PRD_EST_026,STR_002,2026-01-19,8,136.8,0
PRD_EST_026,STR_003,2026-01-19,8,140.9,0
PRD_EST_026,STR_004,2026-01-19,8,149.7,0
PRD_EST_026,STR_005,2026-01-19,8,158.8,0
PRD_EST_026,STR_006,2026-01-19,8,141.7,0
PRD_EST_026,STR_007,2026-01-19,8,139.3,0
PRD_EST_026,STR_008,2026-01-19,8,136.2,0
PRD_EST_026,STR_009,2026-01-19,8,140.2,0
PRD_EST_026,STR_010,2026-01-19,8,141.4,0
PRD_EST_026,STR_011,2026-01-19,8,172.8,0
PRD_EST_026,STR_012,2026-01-19,8,164.5,0
PRD_EST_026,STR_013,2026-01-19,8,161.2,0
PRD_EST_026,STR_014,2026-01-19,8,149.5,0
PRD_EST_026,STR_015,2026-01-19,8,157.5,0
PRD_EST_027,STR_001,2025-01-25,1,184.0,1
PRD_EST_027,STR_002,2025-01-25,1,212.5,1
PRD_EST_027,STR_003,2025-01-25,1,205.7,1
PRD_EST_027,STR_004,2025-01-25,1,200.7,1
PRD_EST_027,STR_005,2025-01-25,1,206.3,1
PRD_EST_027,STR_006,2025-01-25,1,186.4,1
PRD_EST_027,STR_007,2025-01-25,1,175.7,1
PRD_EST_027,STR_008,2025-01-25,1,193.1,1
PRD_EST_027,STR_009,2025-01-25,1,171.2,1
PRD_EST_027,STR_010,2025-01-25,1,184.0,1
PRD_EST_027,STR_011,2025-01-25,1,208.9,1
PRD_EST_027,STR_012,2025-01-25,1,250.5,1
PRD_EST_027,STR_013,2025-01-25,1,221.5,1
PRD_EST_027,STR_014,2025-01-25,1,206.9,1
PRD_EST_027,STR_015,2025-01-25,1,227.7,1
PRD_EST_027,STR_001,2025-02-01,2,161.7,1
PRD_EST_027,STR_002,2025-02-01,2,172.4,1
PRD_EST_027,STR_003,2025-02-01,2,161.3,1
PRD_EST_027,STR_004,2025-02-01,2,189.2,1
PRD_EST_027,STR_005,2025-02-01,2,182.9,1
PRD_EST_027,STR_006,2025-02-01,2,152.3,1
PRD_EST_027,STR_007,2025-02-01,2,148.7,1
PRD_EST_027,STR_008,2025-02-01,2,150.1,1
PRD_EST_027,STR_009,2025-02-01,2,147.5,1
PRD_EST_027,STR_010,2025-02-01,2,164.0,1
PRD_EST_027,STR_011,2025-02-01,2,199.6,1
PRD_EST_027,STR_012,2025-02-01,2,214.9,1
PRD_EST_027,STR_013,2025-02-01,2,191.9,1
PRD_EST_027,STR_014,2025-02-01,2,193.6,1
PRD_EST_027,STR_015,2025-02-01,2,191.7,1
PRD_EST_027,STR_001,2025-02-08,3,129.0,0
PRD_EST_027,STR_002,2025-02-08,3,132.9,0
PRD_EST_027,STR_003,2025-02-08,3,102.6,0
PRD_EST_027,STR_004,2025-02-08,3,135.9,0
PRD_EST_027,STR_005,2025-02-08,3,143.3,0
PRD_EST_027,STR_006,2025-02-08,3,125.3,0
PRD_EST_027,STR_007,2025-02-08,3,123.2,0
PRD_EST_027,STR_008,2025-02-08,3,121.0,0
PRD_EST_027,STR_009,2025-02-08,3,88.6,0
PRD_EST_027,STR_010,2025-02-08,3,130.7,0
PRD_EST_027,STR_011,2025-02-08,3,130.9,0
PRD_EST_027,STR_012,2025-02-08,3,146.2,0
PRD_EST_027,STR_013,2025-02-08,3,126.5,0
PRD_EST_027,STR_014,2025-02-08,3,141.8,0
PRD_EST_027,STR_015,2025-02-08,3,149.8,0
PRD_EST_027,STR_001,2025-02-15,4,115.3,0
PRD_EST_027,STR_002,2025-02-15,4,108.5,0
PRD_EST_027,STR_003,2025-02-15,4,81.5,0
PRD_EST_027,STR_004,2025-02-15,4,127.0,0
PRD_EST_027,STR_005,2025-02-15,4,121.2,0
PRD_EST_027,STR_006,2025-02-15,4,97.6,0
PRD_EST_027,STR_007,2025-02-15,4,106.3,0
PRD_EST_027,STR_008,2025-02-15,4,102.8,0
PRD_EST_027,STR_009,2025-02-15,4,73.3,0
PRD_EST_027,STR_010,2025-02-15,4,116.5,0
PRD_EST_027,STR_011,2025-02-15,4,131.0,0
PRD_EST_027,STR_012,2025-02-15,4,127.8,0
PRD_EST_027,STR_013,2025-02-15,4,127.9,0
PRD_EST_027,STR_014,2025-02-15,4,121.7,0
PRD_EST_027,STR_015,2025-02-15,4,119.3,0
PRD_EST_027,STR_001,2025-02-22,5,171.8,0
PRD_EST_027,STR_002,2025-02-22,5,157.4,0
PRD_EST_027,STR_003,2025-02-22,5,175.1,0
PRD_EST_027,STR_004,2025-02-22,5,175.6,0
PRD_EST_027,STR_005,2025-02-22,5,185.6,0
PRD_EST_027,STR_006,2025-02-22,5,152.6,0
PRD_EST_027,STR_007,2025-02-22,5,138.5,0
PRD_EST_027,STR_008,2025-02-22,5,160.3,0
PRD_EST_027,STR_009,2025-02-22,5,161.8,0
PRD_EST_027,STR_010,2025-02-22,5,155.8,0
PRD_EST_027,STR_011,2025-02-22,5,171.1,0
PRD_EST_027,STR_012,2025-02-22,5,189.6,0
PRD_EST_027,STR_013,2025-02-22,5,175.7,0
PRD_EST_027,STR_014,2025-02-22,5,166.3,0
PRD_EST_027,STR_015,2025-02-22,5,164.9,0
PRD_EST_027,STR_001,2025-03-01,6,105.9,0
PRD_EST_027,STR_002,2025-03-01,6,103.2,0
PRD_EST_027,STR_003,2025-03-01,6,103.0,0
PRD_EST_027,STR_004,2025-03-01,6,106.7,0
PRD_EST_027,STR_005,2025-03-01,6,111.5,0
PRD_EST_027,STR_006,2025-03-01,6,94.4,0
PRD_EST_027,STR_007,2025-03-01,6,82.8,0
PRD_EST_027,STR_008,2025-03-01,6,94.6,0
PRD_EST_027,STR_009,2025-03-01,6,95.6,0
PRD_EST_027,STR_010,2025-03-01,6,100.2,0
PRD_EST_027,STR_011,2025-03-01,6,118.9,0
PRD_EST_027,STR_012,2025-03-01,6,129.0,0
PRD_EST_027,STR_013,2025-03-01,6,112.1,0
PRD_EST_027,STR_014,2025-03-01,6,107.9,0
PRD_EST_027,STR_015,2025-03-01,6,116.5,0
PRD_EST_027,STR_001,2025-03-08,7,113.5,0
PRD_EST_027,STR_002,2025-03-08,7,103.8,0
PRD_EST_027,STR_003,2025-03-08,7,102.8,0
PRD_EST_027,STR_004,2025-03-08,7,113.7,0
PRD_EST_027,STR_005,2025-03-08,7,106.5,0
PRD_EST_027,STR_006,2025-03-08,7,105.3,0
PRD_EST_027,STR_007,2025-03-08,7,95.4,0
PRD_EST_027,STR_008,2025-03-08,7,102.3,0
PRD_EST_027,STR_009,2025-03-08,7,100.5,0
PRD_EST_027,STR_010,2025-03-08,7,105.7,0
PRD_EST_027,STR_011,2025-03-08,7,121.7,0
PRD_EST_027,STR_012,2025-03-08,7,123.3,0
PRD_EST_027,STR_013,2025-03-08,7,122.1,0
PRD_EST_027,STR_014,2025-03-08,7,119.5,0
PRD_EST_027,STR_015,2025-03-08,7,115.1,0
PRD_EST_027,STR_001,2025-03-15,8,111.5,0
PRD_EST_027,STR_002,2025-03-15,8,100.8,0
PRD_EST_027,STR_003,2025-03-15,8,104.3,0
PRD_EST_027,STR_004,2025-03-15,8,115.7,0
PRD_EST_027,STR_005,2025-03-15,8,113.3,0
PRD_EST_027,STR_006,2025-03-15,8,104.0,0
PRD_EST_027,STR_007,2025-03-15,8,93.6,0
PRD_EST_027,STR_008,2025-03-15,8,104.2,0
PRD_EST_027,STR_009,2025-03-15,8,97.9,0
PRD_EST_027,STR_010,2025-03-15,8,108.9,0
PRD_EST_027,STR_011,2025-03-15,8,122.4,0
PRD_EST_027,STR_012,2025-03-15,8,129.4,0
PRD_EST_027,STR_013,2025-03-15,8,115.4,0
PRD_EST_027,STR_014,2025-03-15,8,112.3,0
PRD_EST_027,STR_015,2025-03-15,8,121.6,0
PRD_EST_028,STR_001,2024-12-01,1,229.5,1
PRD_EST_028,STR_002,2024-12-01,1,223.1,1
PRD_EST_028,STR_003,2024-12-01,1,253.9,1
PRD_EST_028,STR_004,2024-12-01,1,233.1,1
PRD_EST_028,STR_005,2024-12-01,1,264.5,1
PRD_EST_028,STR_006,2024-12-01,1,209.5,1
PRD_EST_028,STR_007,2024-12-01,1,210.5,1
PRD_EST_028,STR_008,2024-12-01,1,241.3,1
PRD_EST_028,STR_009,2024-12-01,1,233.3,1
PRD_EST_028,STR_010,2024-12-01,1,237.2,1
PRD_EST_028,STR_011,2024-12-01,1,269.1,1
PRD_EST_028,STR_012,2024-12-01,1,299.0,1
PRD_EST_028,STR_013,2024-12-01,1,241.6,1
PRD_EST_028,STR_014,2024-12-01,1,257.3,1
PRD_EST_028,STR_015,2024-12-01,1,257.5,1
PRD_EST_028,STR_001,2024-12-08,2,174.8,1
PRD_EST_028,STR_002,2024-12-08,2,185.2,1
PRD_EST_028,STR_003,2024-12-08,2,167.0,1
PRD_EST_028,STR_004,2024-12-08,2,197.0,1
PRD_EST_028,STR_005,2024-12-08,2,190.8,1
PRD_EST_028,STR_006,2024-12-08,2,171.3,1
PRD_EST_028,STR_007,2024-12-08,2,158.7,1
PRD_EST_028,STR_008,2024-12-08,2,165.3,1
PRD_EST_028,STR_009,2024-12-08,2,164.1,1
PRD_EST_028,STR_010,2024-12-08,2,181.4,1
PRD_EST_028,STR_011,2024-12-08,2,211.1,1
PRD_EST_028,STR_012,2024-12-08,2,208.8,1
PRD_EST_028,STR_013,2024-12-08,2,175.0,1
PRD_EST_028,STR_014,2024-12-08,2,181.8,1
PRD_EST_028,STR_015,2024-12-08,2,204.9,1
PRD_EST_028,STR_001,2024-12-15,3,113.2,0
PRD_EST_028,STR_002,2024-12-15,3,101.4,0
PRD_EST_028,STR_003,2024-12-15,3,107.9,0
PRD_EST_028,STR_004,2024-12-15,3,113.9,0
PRD_EST_028,STR_005,2024-12-15,3,107.7,0
PRD_EST_028,STR_006,2024-12-15,3,104.0,0
PRD_EST_028,STR_007,2024-12-15,3,92.7,0
PRD_EST_028,STR_008,2024-12-15,3,103.5,0
PRD_EST_028,STR_009,2024-12-15,3,99.3,0
PRD_EST_028,STR_010,2024-12-15,3,110.6,0
PRD_EST_028,STR_011,2024-12-15,3,124.4,0
PRD_EST_028,STR_012,2024-12-15,3,126.4,0
PRD_EST_028,STR_013,2024-12-15,3,108.6,0
PRD_EST_028,STR_014,2024-12-15,3,117.2,0
PRD_EST_028,STR_015,2024-12-15,3,108.2,0
PRD_EST_028,STR_001,2024-12-22,4,93.1,0
PRD_EST_028,STR_002,2024-12-22,4,104.3,0
PRD_EST_028,STR_003,2024-12-22,4,96.8,0
PRD_EST_028,STR_004,2024-12-22,4,105.9,0
PRD_EST_028,STR_005,2024-12-22,4,107.1,0
PRD_EST_028,STR_006,2024-12-22,4,98.0,0
PRD_EST_028,STR_007,2024-12-22,4,82.4,0
PRD_EST_028,STR_008,2024-12-22,4,88.8,0
PRD_EST_028,STR_009,2024-12-22,4,88.8,0
PRD_EST_028,STR_010,2024-12-22,4,96.5,0
PRD_EST_028,STR_011,2024-12-22,4,105.6,0
PRD_EST_028,STR_012,2024-12-22,4,115.7,0
PRD_EST_028,STR_013,2024-12-22,4,107.3,0
PRD_EST_028,STR_014,2024-12-22,4,103.1,0
PRD_EST_028,STR_015,2024-12-22,4,106.1,0
PRD_EST_028,STR_001,2024-12-29,5,121.4,0
PRD_EST_028,STR_002,2024-12-29,5,113.5,0
PRD_EST_028,STR_003,2024-12-29,5,117.6,0
PRD_EST_028,STR_004,2024-12-29,5,130.1,0
PRD_EST_028,STR_005,2024-12-29,5,122.0,0
PRD_EST_028,STR_006,2024-12-29,5,102.9,0
PRD_EST_028,STR_007,2024-12-29,5,95.4,0
PRD_EST_028,STR_008,2024-12-29,5,113.6,0
PRD_EST_028,STR_009,2024-12-29,5,111.2,0
PRD_EST_028,STR_010,2024-12-29,5,124.2,0
PRD_EST_028,STR_011,2024-12-29,5,131.6,0
PRD_EST_028,STR_012,2024-12-29,5,130.8,0
PRD_EST_028,STR_013,2024-12-29,5,115.9,0
PRD_EST_028,STR_014,2024-12-29,5,117.0,0
PRD_EST_028,STR_015,2024-12-29,5,116.2,0
PRD_EST_028,STR_001,2025-01-05,6,119.3,0
PRD_EST_028,STR_002,2025-01-05,6,114.6,0
PRD_EST_028,STR_003,2025-01-05,6,105.1,0
PRD_EST_028,STR_004,2025-01-05,6,116.8,0
PRD_EST_028,STR_005,2025-01-05,6,126.4,0
PRD_EST_028,STR_006,2025-01-05,6,99.2,0
PRD_EST_028,STR_007,2025-01-05,6,97.4,0
PRD_EST_028,STR_008,2025-01-05,6,101.6,0
PRD_EST_028,STR_009,2025-01-05,6,108.9,0
PRD_EST_028,STR_010,2025-01-05,6,120.8,0
PRD_EST_028,STR_011,2025-01-05,6,121.2,0
PRD_EST_028,STR_012,2025-01-05,6,131.9,0
PRD_EST_028,STR_013,2025-01-05,6,115.9,0
PRD_EST_028,STR_014,2025-01-05,6,125.0,0
PRD_EST_028,STR_015,2025-01-05,6,115.3,0
PRD_EST_028,STR_001,2025-01-12,7,115.9,0
PRD_EST_028,STR_002,2025-01-12,7,102.8,0
PRD_EST_028,STR_003,2025-01-12,7,114.1,0
PRD_EST_028,STR_004,2025-01-12,7,122.8,0
PRD_EST_028,STR_005,2025-01-12,7,115.2,0
PRD_EST_028,STR_006,2025-01-12,7,103.5,0
PRD_EST_028,STR_007,2025-01-12,7,106.5,0
PRD_EST_028,STR_008,2025-01-12,7,105.8,0
PRD_EST_028,STR_009,2025-01-12,7,100.1,0
PRD_EST_028,STR_010,2025-01-12,7,110.2,0
PRD_EST_028,STR_011,2025-01-12,7,131.4,0
PRD_EST_028,STR_012,2025-01-12,7,138.7,0
PRD_EST_028,STR_013,2025-01-12,7,111.3,0
PRD_EST_028,STR_014,2025-01-12,7,121.6,0
PRD_EST_028,STR_015,2025-01-12,7,122.3,0
PRD_EST_028,STR_001,2025-01-19,8,120.9,0
PRD_EST_028,STR_002,2025-01-19,8,120.9,0
PRD_EST_028,STR_003,2025-01-19,8,120.1,0
PRD_EST_028,STR_004,2025-01-19,8,127.7,0
PRD_EST_028,STR_005,2025-01-19,8,123.7,0
PRD_EST_028,STR_006,2025-01-19,8,109.0,0
PRD_EST_028,STR_007,2025-01-19,8,107.2,0
PRD_EST_028,STR_008,2025-01-19,8,118.6,0
PRD_EST_028,STR_009,2025-01-19,8,110.7,0
PRD_EST_028,STR_010,2025-01-19,8,117.1,0
PRD_EST_028,STR_011,2025-01-19,8,126.4,0
PRD_EST_028,STR_012,2025-01-19,8,140.1,0
PRD_EST_028,STR_013,2025-01-19,8,116.1,0
PRD_EST_028,STR_014,2025-01-19,8,135.4,0
PRD_EST_028,STR_015,2025-01-19,8,136.0,0
PRD_EST_029,STR_001,2025-08-29,1,212.4,1
PRD_EST_029,STR_002,2025-08-29,1,216.1,1
PRD_EST_029,STR_003,2025-08-29,1,221.3,1
PRD_EST_029,STR_004,2025-08-29,1,202.4,1
PRD_EST_029,STR_005,2025-08-29,1,198.9,1
PRD_EST_029,STR_006,2025-08-29,1,191.2,1
PRD_EST_029,STR_007,2025-08-29,1,191.6,1
PRD_EST_029,STR_008,2025-08-29,1,203.1,1
PRD_EST_029,STR_009,2025-08-29,1,196.9,1
PRD_EST_029,STR_010,2025-08-29,1,216.4,1
PRD_EST_029,STR_011,2025-08-29,1,230.8,1
PRD_EST_029,STR_012,2025-08-29,1,276.1,1
PRD_EST_029,STR_013,2025-08-29,1,221.7,1
PRD_EST_029,STR_014,2025-08-29,1,222.9,1
PRD_EST_029,STR_015,2025-08-29,1,243.0,1
PRD_EST_029,STR_001,2025-09-05,2,161.8,1
PRD_EST_029,STR_002,2025-09-05,2,176.0,1
PRD_EST_029,STR_003,2025-09-05,2,177.8,1
PRD_EST_029,STR_004,2025-09-05,2,157.0,1
PRD_EST_029,STR_005,2025-09-05,2,171.7,1
PRD_EST_029,STR_006,2025-09-05,2,135.2,1
PRD_EST_029,STR_007,2025-09-05,2,145.7,1
PRD_EST_029,STR_008,2025-09-05,2,163.6,1
PRD_EST_029,STR_009,2025-09-05,2,161.3,1
PRD_EST_029,STR_010,2025-09-05,2,163.3,1
PRD_EST_029,STR_011,2025-09-05,2,189.9,1
PRD_EST_029,STR_012,2025-09-05,2,194.6,1
PRD_EST_029,STR_013,2025-09-05,2,148.5,1
PRD_EST_029,STR_014,2025-09-05,2,152.4,1
PRD_EST_029,STR_015,2025-09-05,2,183.5,1
PRD_EST_029,STR_001,2025-09-12,3,116.6,0
PRD_EST_029,STR_002,2025-09-12,3,116.2,0
PRD_EST_029,STR_003,2025-09-12,3,119.5,0
PRD_EST_029,STR_004,2025-09-12,3,120.6,0
PRD_EST_029,STR_005,2025-09-12,3,123.4,0
PRD_EST_029,STR_006,2025-09-12,3,99.9,0
PRD_EST_029,STR_007,2025-09-12,3,104.3,0
PRD_EST_029,STR_008,2025-09-12,3,117.2,0
PRD_EST_029,STR_009,2025-09-12,3,113.0,0
PRD_EST_029,STR_010,2025-09-12,3,120.4,0
PRD_EST_029,STR_011,2025-09-12,3,142.9,0
PRD_EST_029,STR_012,2025-09-12,3,162.0,0
PRD_EST_029,STR_013,2025-09-12,3,117.2,0
PRD_EST_029,STR_014,2025-09-12,3,125.9,0
PRD_EST_029,STR_015,2025-09-12,3,130.0,0
PRD_EST_029,STR_001,2025-09-19,4,123.9,0
PRD_EST_029,STR_002,2025-09-19,4,127.3,0
PRD_EST_029,STR_003,2025-09-19,4,110.3,0
PRD_EST_029,STR_004,2025-09-19,4,116.5,0
PRD_EST_029,STR_005,2025-09-19,4,106.1,0
PRD_EST_029,STR_006,2025-09-19,4,99.4,0
PRD_EST_029,STR_007,2025-09-19,4,100.5,0
PRD_EST_029,STR_008,2025-09-19,4,118.4,0
PRD_EST_029,STR_009,2025-09-19,4,116.6,0
PRD_EST_029,STR_010,2025-09-19,4,125.0,0
PRD_EST_029,STR_011,2025-09-19,4,122.6,0
PRD_EST_029,STR_012,2025-09-19,4,149.7,0
PRD_EST_029,STR_013,2025-09-19,4,108.2,0
PRD_EST_029,STR_014,2025-09-19,4,120.1,0
PRD_EST_029,STR_015,2025-09-19,4,126.7,0
PRD_EST_029,STR_001,2025-09-26,5,116.5,0
PRD_EST_029,STR_002,2025-09-26,5,105.0,0
PRD_EST_029,STR_003,2025-09-26,5,112.8,0
PRD_EST_029,STR_004,2025-09-26,5,111.2,0
PRD_EST_029,STR_005,2025-09-26,5,109.2,0
PRD_EST_029,STR_006,2025-09-26,5,102.8,0
PRD_EST_029,STR_007,2025-09-26,5,100.6,0
PRD_EST_029,STR_008,2025-09-26,5,110.4,0
PRD_EST_029,STR_009,2025-09-26,5,102.8,0
PRD_EST_029,STR_010,2025-09-26,5,110.3,0
PRD_EST_029,STR_011,2025-09-26,5,127.3,0
PRD_EST_029,STR_012,2025-09-26,5,127.1,0
PRD_EST_029,STR_013,2025-09-26,5,115.3,0
PRD_EST_029,STR_014,2025-09-26,5,110.4,0
PRD_EST_029,STR_015,2025-09-26,5,117.4,0
PRD_EST_029,STR_001,2025-10-03,6,109.5,0
PRD_EST_029,STR_002,2025-10-03,6,103.1,0
PRD_EST_029,STR_003,2025-10-03,6,115.0,0
PRD_EST_029,STR_004,2025-10-03,6,107.7,0
PRD_EST_029,STR_005,2025-10-03,6,99.2,0
PRD_EST_029,STR_006,2025-10-03,6,85.4,0
PRD_EST_029,STR_007,2025-10-03,6,98.4,0
PRD_EST_029,STR_008,2025-10-03,6,99.5,0
PRD_EST_029,STR_009,2025-10-03,6,95.8,0
PRD_EST_029,STR_010,2025-10-03,6,104.4,0
PRD_EST_029,STR_011,2025-10-03,6,111.8,0
PRD_EST_029,STR_012,2025-10-03,6,137.0,0
PRD_EST_029,STR_013,2025-10-03,6,94.7,0
PRD_EST_029,STR_014,2025-10-03,6,97.3,0
PRD_EST_029,STR_015,2025-10-03,6,121.9,0
PRD_EST_029,STR_001,2025-10-10,7,119.1,0
PRD_EST_029,STR_002,2025-10-10,7,122.8,0
PRD_EST_029,STR_003,2025-10-10,7,118.5,0
PRD_EST_029,STR_004,2025-10-10,7,106.2,0
PRD_EST_029,STR_005,2025-10-10,7,109.7,0
PRD_EST_029,STR_006,2025-10-10,7,95.0,0
PRD_EST_029,STR_007,2025-10-10,7,109.7,0
PRD_EST_029,STR_008,2025-10-10,7,122.2,0
PRD_EST_029,STR_009,2025-10-10,7,121.9,0
PRD_EST_029,STR_010,2025-10-10,7,123.4,0
PRD_EST_029,STR_011,2025-10-10,7,123.5,0
PRD_EST_029,STR_012,2025-10-10,7,149.6,0
PRD_EST_029,STR_013,2025-10-10,7,118.5,0
PRD_EST_029,STR_014,2025-10-10,7,122.7,0
PRD_EST_029,STR_015,2025-10-10,7,122.4,0
PRD_EST_029,STR_001,2025-10-17,8,113.9,0
PRD_EST_029,STR_002,2025-10-17,8,129.6,0
PRD_EST_029,STR_003,2025-10-17,8,125.9,0
PRD_EST_029,STR_004,2025-10-17,8,117.7,0
PRD_EST_029,STR_005,2025-10-17,8,121.1,0
PRD_EST_029,STR_006,2025-10-17,8,100.1,0
PRD_EST_029,STR_007,2025-10-17,8,101.8,0
PRD_EST_029,STR_008,2025-10-17,8,117.1,0
PRD_EST_029,STR_009,2025-10-17,8,109.8,0
PRD_EST_029,STR_010,2025-10-17,8,113.3,0
PRD_EST_029,STR_011,2025-10-17,8,140.6,0
PRD_EST_029,STR_012,2025-10-17,8,145.1,0
PRD_EST_029,STR_013,2025-10-17,8,113.1,0
PRD_EST_029,STR_014,2025-10-17,8,112.8,0
PRD_EST_029,STR_015,2025-10-17,8,133.6,0
PRD_EST_030,STR_001,2025-04-24,1,209.7,1
PRD_EST_030,STR_002,2025-04-24,1,215.7,1
PRD_EST_030,STR_003,2025-04-24,1,202.8,1
PRD_EST_030,STR_004,2025-04-24,1,211.6,1
PRD_EST_030,STR_005,2025-04-24,1,207.3,1
PRD_EST_030,STR_006,2025-04-24,1,175.9,1
PRD_EST_030,STR_007,2025-04-24,1,181.1,1
PRD_EST_030,STR_008,2025-04-24,1,220.2,1
PRD_EST_030,STR_009,2025-04-24,1,214.9,1
PRD_EST_030,STR_010,2025-04-24,1,211.2,1
PRD_EST_030,STR_011,2025-04-24,1,250.7,1
PRD_EST_030,STR_012,2025-04-24,1,273.1,1
PRD_EST_030,STR_013,2025-04-24,1,210.5,1
PRD_EST_030,STR_014,2025-04-24,1,209.8,1
PRD_EST_030,STR_015,2025-04-24,1,238.3,1
PRD_EST_030,STR_001,2025-05-01,2,191.6,1
PRD_EST_030,STR_002,2025-05-01,2,195.5,1
PRD_EST_030,STR_003,2025-05-01,2,197.4,1
PRD_EST_030,STR_004,2025-05-01,2,177.0,1
PRD_EST_030,STR_005,2025-05-01,2,190.2,1
PRD_EST_030,STR_006,2025-05-01,2,152.8,1
PRD_EST_030,STR_007,2025-05-01,2,173.2,1
PRD_EST_030,STR_008,2025-05-01,2,170.5,1
PRD_EST_030,STR_009,2025-05-01,2,190.8,1
PRD_EST_030,STR_010,2025-05-01,2,182.4,1
PRD_EST_030,STR_011,2025-05-01,2,225.8,1
PRD_EST_030,STR_012,2025-05-01,2,223.2,1
PRD_EST_030,STR_013,2025-05-01,2,183.6,1
PRD_EST_030,STR_014,2025-05-01,2,175.8,1
PRD_EST_030,STR_015,2025-05-01,2,211.1,1
PRD_EST_030,STR_001,2025-05-08,3,132.9,0
PRD_EST_030,STR_002,2025-05-08,3,130.7,0
PRD_EST_030,STR_003,2025-05-08,3,128.0,0
PRD_EST_030,STR_004,2025-05-08,3,123.6,0
PRD_EST_030,STR_005,2025-05-08,3,117.5,0
PRD_EST_030,STR_006,2025-05-08,3,104.9,0
PRD_EST_030,STR_007,2025-05-08,3,115.4,0
PRD_EST_030,STR_008,2025-05-08,3,112.2,0
PRD_EST_030,STR_009,2025-05-08,3,127.3,0
PRD_EST_030,STR_010,2025-05-08,3,121.5,0
PRD_EST_030,STR_011,2025-05-08,3,139.9,0
PRD_EST_030,STR_012,2025-05-08,3,163.7,0
PRD_EST_030,STR_013,2025-05-08,3,112.9,0
PRD_EST_030,STR_014,2025-05-08,3,129.5,0
PRD_EST_030,STR_015,2025-05-08,3,127.6,0
PRD_EST_030,STR_001,2025-05-15,4,109.2,0
PRD_EST_030,STR_002,2025-05-15,4,117.1,0
PRD_EST_030,STR_003,2025-05-15,4,107.9,0
PRD_EST_030,STR_004,2025-05-15,4,100.6,0
PRD_EST_030,STR_005,2025-05-15,4,108.4,0
PRD_EST_030,STR_006,2025-05-15,4,96.7,0
PRD_EST_030,STR_007,2025-05-15,4,93.7,0
PRD_EST_030,STR_008,2025-05-15,4,95.8,0
PRD_EST_030,STR_009,2025-05-15,4,95.1,0
PRD_EST_030,STR_010,2025-05-15,4,106.0,0
PRD_EST_030,STR_011,2025-05-15,4,128.8,0
PRD_EST_030,STR_012,2025-05-15,4,142.0,0
PRD_EST_030,STR_013,2025-05-15,4,97.2,0
PRD_EST_030,STR_014,2025-05-15,4,109.8,0
PRD_EST_030,STR_015,2025-05-15,4,118.4,0
PRD_EST_030,STR_001,2025-05-22,5,122.2,0
PRD_EST_030,STR_002,2025-05-22,5,130.6,0
PRD_EST_030,STR_003,2025-05-22,5,124.8,0
PRD_EST_030,STR_004,2025-05-22,5,124.6,0
PRD_EST_030,STR_005,2025-05-22,5,118.3,0
PRD_EST_030,STR_006,2025-05-22,5,113.7,0
PRD_EST_030,STR_007,2025-05-22,5,114.2,0
PRD_EST_030,STR_008,2025-05-22,5,115.1,0
PRD_EST_030,STR_009,2025-05-22,5,124.2,0
PRD_EST_030,STR_010,2025-05-22,5,127.1,0
PRD_EST_030,STR_011,2025-05-22,5,142.0,0
PRD_EST_030,STR_012,2025-05-22,5,161.3,0
PRD_EST_030,STR_013,2025-05-22,5,131.0,0
PRD_EST_030,STR_014,2025-05-22,5,119.3,0
PRD_EST_030,STR_015,2025-05-22,5,132.9,0
PRD_EST_030,STR_001,2025-05-29,6,134.9,0
PRD_EST_030,STR_002,2025-05-29,6,135.0,0
PRD_EST_030,STR_003,2025-05-29,6,131.0,0
PRD_EST_030,STR_004,2025-05-29,6,140.6,0
PRD_EST_030,STR_005,2025-05-29,6,131.7,0
PRD_EST_030,STR_006,2025-05-29,6,113.8,0
PRD_EST_030,STR_007,2025-05-29,6,119.7,0
PRD_EST_030,STR_008,2025-05-29,6,141.3,0
PRD_EST_030,STR_009,2025-05-29,6,125.8,0
PRD_EST_030,STR_010,2025-05-29,6,135.7,0
PRD_EST_030,STR_011,2025-05-29,6,158.7,0
PRD_EST_030,STR_012,2025-05-29,6,165.7,0
PRD_EST_030,STR_013,2025-05-29,6,136.3,0
PRD_EST_030,STR_014,2025-05-29,6,136.7,0
PRD_EST_030,STR_015,2025-05-29,6,150.8,0
PRD_EST_030,STR_001,2025-06-05,7,125.4,0
PRD_EST_030,STR_002,2025-06-05,7,138.5,0
PRD_EST_030,STR_003,2025-06-05,7,141.9,0
PRD_EST_030,STR_004,2025-06-05,7,119.9,0
PRD_EST_030,STR_005,2025-06-05,7,136.9,0
PRD_EST_030,STR_006,2025-06-05,7,110.8,0
PRD_EST_030,STR_007,2025-06-05,7,116.3,0
PRD_EST_030,STR_008,2025-06-05,7,130.1,0
PRD_EST_030,STR_009,2025-06-05,7,133.7,0
PRD_EST_030,STR_010,2025-06-05,7,134.9,0
PRD_EST_030,STR_011,2025-06-05,7,146.4,0
PRD_EST_030,STR_012,2025-06-05,7,173.3,0
PRD_EST_030,STR_013,2025-06-05,7,122.1,0
PRD_EST_030,STR_014,2025-06-05,7,124.7,0
PRD_EST_030,STR_015,2025-06-05,7,136.7,0
PRD_EST_030,STR_001,2025-06-12,8,125.7,0
PRD_EST_030,STR_002,2025-06-12,8,111.0,0
PRD_EST_030,STR_003,2025-06-12,8,126.4,0
PRD_EST_030,STR_004,2025-06-12,8,116.4,0
PRD_EST_030,STR_005,2025-06-12,8,111.2,0
PRD_EST_030,STR_006,2025-06-12,8,101.9,0
PRD_EST_030,STR_007,2025-06-12,8,108.0,0
PRD_EST_030,STR_008,2025-06-12,8,121.3,0
PRD_EST_030,STR_009,2025-06-12,8,106.1,0
PRD_EST_030,STR_010,2025-06-12,8,111.3,0
PRD_EST_030,STR_011,2025-06-12,8,129.0,0
PRD_EST_030,STR_012,2025-06-12,8,136.9,0
PRD_EST_030,STR_013,2025-06-12,8,111.7,0
PRD_EST_030,STR_014,2025-06-12,8,118.0,0
PRD_EST_030,STR_015,2025-06-12,8,123.9,0
PRD_EST_031,STR_001,2025-12-31,1,245.4,0
PRD_EST_031,STR_002,2025-12-31,1,224.6,0
PRD_EST_031,STR_003,2025-12-31,1,254.6,0
PRD_EST_031,STR_004,2025-12-31,1,248.5,0
PRD_EST_031,STR_005,2025-12-31,1,270.2,0
PRD_EST_031,STR_006,2025-12-31,1,241.9,0
PRD_EST_031,STR_007,2025-12-31,1,210.2,0
PRD_EST_031,STR_008,2025-12-31,1,243.2,0
PRD_EST_031,STR_009,2025-12-31,1,224.2,0
PRD_EST_031,STR_010,2025-12-31,1,259.3,0
PRD_EST_031,STR_011,2025-12-31,1,250.4,0
PRD_EST_031,STR_012,2025-12-31,1,305.9,0
PRD_EST_031,STR_013,2025-12-31,1,266.1,0
PRD_EST_031,STR_014,2025-12-31,1,275.9,0
PRD_EST_031,STR_015,2025-12-31,1,279.2,0
PRD_EST_031,STR_001,2026-01-07,2,222.4,0
PRD_EST_031,STR_002,2026-01-07,2,224.8,0
PRD_EST_031,STR_003,2026-01-07,2,204.4,0
PRD_EST_031,STR_004,2026-01-07,2,230.7,0
PRD_EST_031,STR_005,2026-01-07,2,227.9,0
PRD_EST_031,STR_006,2026-01-07,2,207.8,0
PRD_EST_031,STR_007,2026-01-07,2,190.5,0
PRD_EST_031,STR_008,2026-01-07,2,214.6,0
PRD_EST_031,STR_009,2026-01-07,2,194.2,0
PRD_EST_031,STR_010,2026-01-07,2,226.2,0
PRD_EST_031,STR_011,2026-01-07,2,261.2,0
PRD_EST_031,STR_012,2026-01-07,2,286.1,0
PRD_EST_031,STR_013,2026-01-07,2,241.6,0
PRD_EST_031,STR_014,2026-01-07,2,239.9,0
PRD_EST_031,STR_015,2026-01-07,2,221.5,0
PRD_EST_031,STR_001,2026-01-14,3,178.0,0
PRD_EST_031,STR_002,2026-01-14,3,190.3,0
PRD_EST_031,STR_003,2026-01-14,3,171.8,0
PRD_EST_031,STR_004,2026-01-14,3,249.8,0
PRD_EST_031,STR_005,2026-01-14,3,260.9,0
PRD_EST_031,STR_006,2026-01-14,3,238.5,0
PRD_EST_031,STR_007,2026-01-14,3,163.2,0
PRD_EST_031,STR_008,2026-01-14,3,165.5,0
PRD_EST_031,STR_009,2026-01-14,3,225.8,0
PRD_EST_031,STR_010,2026-01-14,3,180.1,0
PRD_EST_031,STR_011,2026-01-14,3,206.3,0
PRD_EST_031,STR_012,2026-01-14,3,229.2,0
PRD_EST_031,STR_013,2026-01-14,3,258.4,0
PRD_EST_031,STR_014,2026-01-14,3,251.8,0
PRD_EST_031,STR_015,2026-01-14,3,192.7,0
PRD_EST_031,STR_001,2026-01-21,4,166.9,0
PRD_EST_031,STR_002,2026-01-21,4,168.4,0
PRD_EST_031,STR_003,2026-01-21,4,180.1,0
PRD_EST_031,STR_004,2026-01-21,4,236.0,0
PRD_EST_031,STR_005,2026-01-21,4,230.1,0
PRD_EST_031,STR_006,2026-01-21,4,202.5,0
PRD_EST_031,STR_007,2026-01-21,4,146.8,0
PRD_EST_031,STR_008,2026-01-21,4,162.3,0
PRD_EST_031,STR_009,2026-01-21,4,212.9,0
PRD_EST_031,STR_010,2026-01-21,4,156.5,0
PRD_EST_031,STR_011,2026-01-21,4,180.8,0
PRD_EST_031,STR_012,2026-01-21,4,197.3,0
PRD_EST_031,STR_013,2026-01-21,4,225.8,0
PRD_EST_031,STR_014,2026-01-21,4,236.5,0
PRD_EST_031,STR_015,2026-01-21,4,184.1,0
PRD_EST_031,STR_001,2026-01-28,5,365.4,0
PRD_EST_031,STR_002,2026-01-28,5,335.4,0
PRD_EST_031,STR_003,2026-01-28,5,345.7,0
PRD_EST_031,STR_004,2026-01-28,5,388.8,0
PRD_EST_031,STR_005,2026-01-28,5,395.8,0
PRD_EST_031,STR_006,2026-01-28,5,337.3,0
PRD_EST_031,STR_007,2026-01-28,5,312.2,0
PRD_EST_031,STR_008,2026-01-28,5,357.4,0
PRD_EST_031,STR_009,2026-01-28,5,316.7,0
PRD_EST_031,STR_010,2026-01-28,5,364.7,0
PRD_EST_031,STR_011,2026-01-28,5,367.8,0
PRD_EST_031,STR_012,2026-01-28,5,443.8,0
PRD_EST_031,STR_013,2026-01-28,5,348.9,0
PRD_EST_031,STR_014,2026-01-28,5,396.0,0
PRD_EST_031,STR_015,2026-01-28,5,365.7,0
PRD_EST_031,STR_001,2026-02-04,6,188.0,0
PRD_EST_031,STR_002,2026-02-04,6,175.9,0
PRD_EST_031,STR_003,2026-02-04,6,196.4,0
PRD_EST_031,STR_004,2026-02-04,6,188.0,0
PRD_EST_031,STR_005,2026-02-04,6,193.8,0
PRD_EST_031,STR_006,2026-02-04,6,182.6,0
PRD_EST_031,STR_007,2026-02-04,6,160.8,0
PRD_EST_031,STR_008,2026-02-04,6,175.4,0
PRD_EST_031,STR_009,2026-02-04,6,169.5,0
PRD_EST_031,STR_010,2026-02-04,6,193.6,0
PRD_EST_031,STR_011,2026-02-04,6,195.5,0
PRD_EST_031,STR_012,2026-02-04,6,227.1,0
PRD_EST_031,STR_013,2026-02-04,6,204.6,0
PRD_EST_031,STR_014,2026-02-04,6,202.4,0
PRD_EST_031,STR_015,2026-02-04,6,204.8,0
PRD_EST_031,STR_001,2026-02-11,7,177.3,0
PRD_EST_031,STR_002,2026-02-11,7,171.4,0
PRD_EST_031,STR_003,2026-02-11,7,170.6,0
PRD_EST_031,STR_004,2026-02-11,7,170.0,0
PRD_EST_031,STR_005,2026-02-11,7,188.6,0
PRD_EST_031,STR_006,2026-02-11,7,155.9,0
PRD_EST_031,STR_007,2026-02-11,7,142.1,0
PRD_EST_031,STR_008,2026-02-11,7,146.0,0
PRD_EST_031,STR_009,2026-02-11,7,147.8,0
PRD_EST_031,STR_010,2026-02-11,7,171.4,0
PRD_EST_031,STR_011,2026-02-11,7,175.9,0
PRD_EST_031,STR_012,2026-02-11,7,199.7,0
PRD_EST_031,STR_013,2026-02-11,7,187.8,0
PRD_EST_031,STR_014,2026-02-11,7,166.5,0
PRD_EST_031,STR_015,2026-02-11,7,183.5,0
PRD_EST_031,STR_001,2026-02-18,8,205.7,0
PRD_EST_031,STR_002,2026-02-18,8,216.1,0
PRD_EST_031,STR_003,2026-02-18,8,198.2,0
PRD_EST_031,STR_004,2026-02-18,8,198.4,0
PRD_EST_031,STR_005,2026-02-18,8,208.9,0
PRD_EST_031,STR_006,2026-02-18,8,201.0,0
PRD_EST_031,STR_007,2026-02-18,8,177.2,0
PRD_EST_031,STR_008,2026-02-18,8,206.3,0
PRD_EST_031,STR_009,2026-02-18,8,189.6,0
PRD_EST_031,STR_010,2026-02-18,8,209.6,0
PRD_EST_031,STR_011,2026-02-18,8,237.2,0
PRD_EST_031,STR_012,2026-02-18,8,244.5,0
PRD_EST_031,STR_013,2026-02-18,8,217.2,0
PRD_EST_031,STR_014,2026-02-18,8,204.0,0
PRD_EST_031,STR_015,2026-02-18,8,207.8,0
PRD_EST_032,STR_001,2026-01-30,1,384.7,0
PRD_EST_032,STR_002,2026-01-30,1,433.6,0
PRD_EST_032,STR_003,2026-01-30,1,432.4,0
PRD_EST_032,STR_004,2026-01-30,1,404.3,0
PRD_EST_032,STR_005,2026-01-30,1,398.2,0
PRD_EST_032,STR_006,2026-01-30,1,360.6,0
PRD_EST_032,STR_007,2026-01-30,1,351.1,0
PRD_EST_032,STR_008,2026-01-30,1,410.0,0
PRD_EST_032,STR_009,2026-01-30,1,404.6,0
PRD_EST_032,STR_010,2026-01-30,1,430.2,0
PRD_EST_032,STR_011,2026-01-30,1,473.1,0
PRD_EST_032,STR_012,2026-01-30,1,464.2,0
PRD_EST_032,STR_013,2026-01-30,1,413.0,0
PRD_EST_032,STR_014,2026-01-30,1,425.2,0
PRD_EST_032,STR_015,2026-01-30,1,407.5,0
PRD_EST_032,STR_001,2026-02-06,2,360.3,0
PRD_EST_032,STR_002,2026-02-06,2,352.5,0
PRD_EST_032,STR_003,2026-02-06,2,361.4,0
PRD_EST_032,STR_004,2026-02-06,2,388.7,0
PRD_EST_032,STR_005,2026-02-06,2,385.7,0
PRD_EST_032,STR_006,2026-02-06,2,323.8,0
PRD_EST_032,STR_007,2026-02-06,2,316.4,0
PRD_EST_032,STR_008,2026-02-06,2,328.1,0
PRD_EST_032,STR_009,2026-02-06,2,318.3,0
PRD_EST_032,STR_010,2026-02-06,2,357.3,0
PRD_EST_032,STR_011,2026-02-06,2,383.0,0
PRD_EST_032,STR_012,2026-02-06,2,399.7,0
PRD_EST_032,STR_013,2026-02-06,2,379.7,0
PRD_EST_032,STR_014,2026-02-06,2,383.3,0
PRD_EST_032,STR_015,2026-02-06,2,389.5,0
PRD_EST_032,STR_001,2026-02-13,3,213.8,0
PRD_EST_032,STR_002,2026-02-13,3,213.8,0
PRD_EST_032,STR_003,2026-02-13,3,233.8,0
PRD_EST_032,STR_004,2026-02-13,3,252.0,0
PRD_EST_032,STR_005,2026-02-13,3,257.8,0
PRD_EST_032,STR_006,2026-02-13,3,209.6,0
PRD_EST_032,STR_007,2026-02-13,3,215.2,0
PRD_EST_032,STR_008,2026-02-13,3,223.8,0
PRD_EST_032,STR_009,2026-02-13,3,217.3,0
PRD_EST_032,STR_010,2026-02-13,3,229.3,0
PRD_EST_032,STR_011,2026-02-13,3,235.8,0
PRD_EST_032,STR_012,2026-02-13,3,255.4,0
PRD_EST_032,STR_013,2026-02-13,3,240.7,0
PRD_EST_032,STR_014,2026-02-13,3,253.0,0
PRD_EST_032,STR_015,2026-02-13,3,232.1,0
PRD_EST_032,STR_001,2026-02-20,4,271.6,0
PRD_EST_032,STR_002,2026-02-20,4,245.7,0
PRD_EST_032,STR_003,2026-02-20,4,240.8,0
PRD_EST_032,STR_004,2026-02-20,4,264.0,0
PRD_EST_032,STR_005,2026-02-20,4,298.6,0
PRD_EST_032,STR_006,2026-02-20,4,261.2,0
PRD_EST_032,STR_007,2026-02-20,4,224.5,0
PRD_EST_032,STR_008,2026-02-20,4,255.8,0
PRD_EST_032,STR_009,2026-02-20,4,255.8,0
PRD_EST_032,STR_010,2026-02-20,4,266.1,0
PRD_EST_032,STR_011,2026-02-20,4,297.1,0
PRD_EST_032,STR_012,2026-02-20,4,297.3,0
PRD_EST_032,STR_013,2026-02-20,4,261.0,0
PRD_EST_032,STR_014,2026-02-20,4,263.9,0
PRD_EST_032,STR_015,2026-02-20,4,259.2,0
PRD_EST_032,STR_001,2026-02-27,5,256.9,0
PRD_EST_032,STR_002,2026-02-27,5,245.5,0
PRD_EST_032,STR_003,2026-02-27,5,245.0,0
PRD_EST_032,STR_004,2026-02-27,5,256.1,0
PRD_EST_032,STR_005,2026-02-27,5,260.8,0
PRD_EST_032,STR_006,2026-02-27,5,215.4,0
PRD_EST_032,STR_007,2026-02-27,5,198.2,0
PRD_EST_032,STR_008,2026-02-27,5,212.4,0
PRD_EST_032,STR_009,2026-02-27,5,235.2,0
PRD_EST_032,STR_010,2026-02-27,5,226.9,0
PRD_EST_032,STR_011,2026-02-27,5,279.5,0
PRD_EST_032,STR_012,2026-02-27,5,289.8,0
PRD_EST_032,STR_013,2026-02-27,5,260.3,0
PRD_EST_032,STR_014,2026-02-27,5,246.4,0
PRD_EST_032,STR_015,2026-02-27,5,254.8,0
PRD_EST_032,STR_001,2026-03-06,6,260.0,0
PRD_EST_032,STR_002,2026-03-06,6,249.8,0
PRD_EST_032,STR_003,2026-03-06,6,252.4,0
PRD_EST_032,STR_004,2026-03-06,6,271.6,0
PRD_EST_032,STR_005,2026-03-06,6,302.5,0
PRD_EST_032,STR_006,2026-03-06,6,263.4,0
PRD_EST_032,STR_007,2026-03-06,6,251.9,0
PRD_EST_032,STR_008,2026-03-06,6,238.4,0
PRD_EST_032,STR_009,2026-03-06,6,253.3,0
PRD_EST_032,STR_010,2026-03-06,6,251.4,0
PRD_EST_032,STR_011,2026-03-06,6,276.4,0
PRD_EST_032,STR_012,2026-03-06,6,302.6,0
PRD_EST_032,STR_013,2026-03-06,6,298.8,0
PRD_EST_032,STR_014,2026-03-06,6,281.5,0
PRD_EST_032,STR_015,2026-03-06,6,289.6,0
PRD_EST_032,STR_001,2026-03-13,7,292.8,0
PRD_EST_032,STR_002,2026-03-13,7,304.2,0
PRD_EST_032,STR_003,2026-03-13,7,305.2,0
PRD_EST_032,STR_004,2026-03-13,7,296.5,0
PRD_EST_032,STR_005,2026-03-13,7,319.9,0
PRD_EST_032,STR_006,2026-03-13,7,273.1,0
PRD_EST_032,STR_007,2026-03-13,7,269.1,0
PRD_EST_032,STR_008,2026-03-13,7,281.2,0
PRD_EST_032,STR_009,2026-03-13,7,263.9,0
PRD_EST_032,STR_010,2026-03-13,7,307.6,0
PRD_EST_032,STR_011,2026-03-13,7,319.4,0
PRD_EST_032,STR_012,2026-03-13,7,349.4,0
PRD_EST_032,STR_013,2026-03-13,7,310.0,0
PRD_EST_032,STR_014,2026-03-13,7,319.6,0
PRD_EST_032,STR_015,2026-03-13,7,286.6,0
PRD_EST_032,STR_001,2026-03-20,8,227.0,0
PRD_EST_032,STR_002,2026-03-20,8,243.1,0
PRD_EST_032,STR_003,2026-03-20,8,259.6,0
PRD_EST_032,STR_004,2026-03-20,8,271.0,0
PRD_EST_032,STR_005,2026-03-20,8,250.3,0
PRD_EST_032,STR_006,2026-03-20,8,230.0,0
PRD_EST_032,STR_007,2026-03-20,8,234.8,0
PRD_EST_032,STR_008,2026-03-20,8,214.3,0
PRD_EST_032,STR_009,2026-03-20,8,224.5,0
PRD_EST_032,STR_010,2026-03-20,8,255.2,0
PRD_EST_032,STR_011,2026-03-20,8,288.9,0
PRD_EST_032,STR_012,2026-03-20,8,281.2,0
PRD_EST_032,STR_013,2026-03-20,8,255.7,0
PRD_EST_032,STR_014,2026-03-20,8,279.8,0
PRD_EST_032,STR_015,2026-03-20,8,275.2,0
PRD_EST_033,STR_001,2025-01-30,1,210.5,0
PRD_EST_033,STR_002,2025-01-30,1,194.3,0
PRD_EST_033,STR_003,2025-01-30,1,203.5,0
PRD_EST_033,STR_004,2025-01-30,1,213.8,0
PRD_EST_033,STR_005,2025-01-30,1,208.7,0
PRD_EST_033,STR_006,2025-01-30,1,195.6,0
PRD_EST_033,STR_007,2025-01-30,1,190.0,0
PRD_EST_033,STR_008,2025-01-30,1,185.7,0
PRD_EST_033,STR_009,2025-01-30,1,191.4,0
PRD_EST_033,STR_010,2025-01-30,1,198.1,0
PRD_EST_033,STR_011,2025-01-30,1,233.8,0
PRD_EST_033,STR_012,2025-01-30,1,265.7,0
PRD_EST_033,STR_013,2025-01-30,1,228.1,0
PRD_EST_033,STR_014,2025-01-30,1,230.0,0
PRD_EST_033,STR_015,2025-01-30,1,208.9,0
PRD_EST_033,STR_001,2025-02-06,2,167.5,0
PRD_EST_033,STR_002,2025-02-06,2,179.0,0
PRD_EST_033,STR_003,2025-02-06,2,176.5,0
PRD_EST_033,STR_004,2025-02-06,2,189.1,0
PRD_EST_033,STR_005,2025-02-06,2,188.8,0
PRD_EST_033,STR_006,2025-02-06,2,176.4,0
PRD_EST_033,STR_007,2025-02-06,2,160.9,0
PRD_EST_033,STR_008,2025-02-06,2,182.8,0
PRD_EST_033,STR_009,2025-02-06,2,165.3,0
PRD_EST_033,STR_010,2025-02-06,2,177.0,0
PRD_EST_033,STR_011,2025-02-06,2,206.8,0
PRD_EST_033,STR_012,2025-02-06,2,232.5,0
PRD_EST_033,STR_013,2025-02-06,2,192.4,0
PRD_EST_033,STR_014,2025-02-06,2,199.3,0
PRD_EST_033,STR_015,2025-02-06,2,183.5,0
PRD_EST_033,STR_001,2025-02-13,3,215.5,0
PRD_EST_033,STR_002,2025-02-13,3,195.2,0
PRD_EST_033,STR_003,2025-02-13,3,212.8,0
PRD_EST_033,STR_004,2025-02-13,3,157.1,0
PRD_EST_033,STR_005,2025-02-13,3,157.5,0
PRD_EST_033,STR_006,2025-02-13,3,148.5,0
PRD_EST_033,STR_007,2025-02-13,3,181.6,0
PRD_EST_033,STR_008,2025-02-13,3,198.4,0
PRD_EST_033,STR_009,2025-02-13,3,133.7,0
PRD_EST_033,STR_010,2025-02-13,3,193.6,0
PRD_EST_033,STR_011,2025-02-13,3,215.4,0
PRD_EST_033,STR_012,2025-02-13,3,253.6,0
PRD_EST_033,STR_013,2025-02-13,3,154.4,0
PRD_EST_033,STR_014,2025-02-13,3,163.1,0
PRD_EST_033,STR_015,2025-02-13,3,234.2,0
PRD_EST_033,STR_001,2025-02-20,4,186.0,0
PRD_EST_033,STR_002,2025-02-20,4,172.0,0
PRD_EST_033,STR_003,2025-02-20,4,198.2,0
PRD_EST_033,STR_004,2025-02-20,4,138.3,0
PRD_EST_033,STR_005,2025-02-20,4,149.5,0
PRD_EST_033,STR_006,2025-02-20,4,128.7,0
PRD_EST_033,STR_007,2025-02-20,4,163.8,0
PRD_EST_033,STR_008,2025-02-20,4,164.6,0
PRD_EST_033,STR_009,2025-02-20,4,131.3,0
PRD_EST_033,STR_010,2025-02-20,4,179.1,0
PRD_EST_033,STR_011,2025-02-20,4,206.8,0
PRD_EST_033,STR_012,2025-02-20,4,230.0,0
PRD_EST_033,STR_013,2025-02-20,4,147.3,0
PRD_EST_033,STR_014,2025-02-20,4,156.7,0
PRD_EST_033,STR_015,2025-02-20,4,186.6,0
PRD_EST_033,STR_001,2025-02-27,5,236.6,0
PRD_EST_033,STR_002,2025-02-27,5,259.7,0
PRD_EST_033,STR_003,2025-02-27,5,234.7,0
PRD_EST_033,STR_004,2025-02-27,5,279.7,0
PRD_EST_033,STR_005,2025-02-27,5,277.5,0
PRD_EST_033,STR_006,2025-02-27,5,249.6,0
PRD_EST_033,STR_007,2025-02-27,5,218.4,0
PRD_EST_033,STR_008,2025-02-27,5,255.7,0
PRD_EST_033,STR_009,2025-02-27,5,219.7,0
PRD_EST_033,STR_010,2025-02-27,5,250.2,0
PRD_EST_033,STR_011,2025-02-27,5,264.3,0
PRD_EST_033,STR_012,2025-02-27,5,314.9,0
PRD_EST_033,STR_013,2025-02-27,5,272.2,0
PRD_EST_033,STR_014,2025-02-27,5,281.4,0
PRD_EST_033,STR_015,2025-02-27,5,277.2,0
PRD_EST_033,STR_001,2025-03-06,6,151.5,0
PRD_EST_033,STR_002,2025-03-06,6,138.9,0
PRD_EST_033,STR_003,2025-03-06,6,145.4,0
PRD_EST_033,STR_004,2025-03-06,6,154.8,0
PRD_EST_033,STR_005,2025-03-06,6,166.8,0
PRD_EST_033,STR_006,2025-03-06,6,127.9,0
PRD_EST_033,STR_007,2025-03-06,6,126.1,0
PRD_EST_033,STR_008,2025-03-06,6,135.5,0
PRD_EST_033,STR_009,2025-03-06,6,134.1,0
PRD_EST_033,STR_010,2025-03-06,6,136.3,0
PRD_EST_033,STR_011,2025-03-06,6,159.0,0
PRD_EST_033,STR_012,2025-03-06,6,178.4,0
PRD_EST_033,STR_013,2025-03-06,6,149.3,0
PRD_EST_033,STR_014,2025-03-06,6,148.5,0
PRD_EST_033,STR_015,2025-03-06,6,162.6,0
PRD_EST_033,STR_001,2025-03-13,7,149.2,0
PRD_EST_033,STR_002,2025-03-13,7,157.2,0
PRD_EST_033,STR_003,2025-03-13,7,157.1,0
PRD_EST_033,STR_004,2025-03-13,7,168.5,0
PRD_EST_033,STR_005,2025-03-13,7,169.8,0
PRD_EST_033,STR_006,2025-03-13,7,137.1,0
PRD_EST_033,STR_007,2025-03-13,7,144.4,0
PRD_EST_033,STR_008,2025-03-13,7,151.0,0
PRD_EST_033,STR_009,2025-03-13,7,157.6,0
PRD_EST_033,STR_010,2025-03-13,7,156.1,0
PRD_EST_033,STR_011,2025-03-13,7,177.2,0
PRD_EST_033,STR_012,2025-03-13,7,202.3,0
PRD_EST_033,STR_013,2025-03-13,7,178.0,0
PRD_EST_033,STR_014,2025-03-13,7,162.8,0
PRD_EST_033,STR_015,2025-03-13,7,171.5,0
PRD_EST_033,STR_001,2025-03-20,8,133.8,0
PRD_EST_033,STR_002,2025-03-20,8,140.0,0
PRD_EST_033,STR_003,2025-03-20,8,150.5,0
PRD_EST_033,STR_004,2025-03-20,8,142.1,0
PRD_EST_033,STR_005,2025-03-20,8,139.8,0
PRD_EST_033,STR_006,2025-03-20,8,131.5,0
PRD_EST_033,STR_007,2025-03-20,8,124.5,0
PRD_EST_033,STR_008,2025-03-20,8,134.5,0
PRD_EST_033,STR_009,2025-03-20,8,130.1,0
PRD_EST_033,STR_010,2025-03-20,8,132.3,0
PRD_EST_033,STR_011,2025-03-20,8,155.9,0
PRD_EST_033,STR_012,2025-03-20,8,174.1,0
PRD_EST_033,STR_013,2025-03-20,8,158.3,0
PRD_EST_033,STR_014,2025-03-20,8,138.2,0
PRD_EST_033,STR_015,2025-03-20,8,138.7,0
PRD_EST_034,STR_001,2026-03-02,1,152.3,1
PRD_EST_034,STR_002,2026-03-02,1,166.9,1
PRD_EST_034,STR_003,2026-03-02,1,154.6,1
PRD_EST_034,STR_004,2026-03-02,1,166.7,1
PRD_EST_034,STR_005,2026-03-02,1,165.2,1
PRD_EST_034,STR_006,2026-03-02,1,137.2,1
PRD_EST_034,STR_007,2026-03-02,1,146.2,1
PRD_EST_034,STR_008,2026-03-02,1,146.9,1
PRD_EST_034,STR_009,2026-03-02,1,154.4,1
PRD_EST_034,STR_010,2026-03-02,1,162.5,1
PRD_EST_034,STR_011,2026-03-02,1,162.1,1
PRD_EST_034,STR_012,2026-03-02,1,182.8,1
PRD_EST_034,STR_013,2026-03-02,1,163.7,1
PRD_EST_034,STR_014,2026-03-02,1,167.3,1
PRD_EST_034,STR_015,2026-03-02,1,176.5,1
PRD_EST_034,STR_001,2026-03-09,2,165.5,1
PRD_EST_034,STR_002,2026-03-09,2,164.3,1
PRD_EST_034,STR_003,2026-03-09,2,160.5,1
PRD_EST_034,STR_004,2026-03-09,2,163.3,1
PRD_EST_034,STR_005,2026-03-09,2,170.6,1
PRD_EST_034,STR_006,2026-03-09,2,155.7,1
PRD_EST_034,STR_007,2026-03-09,2,140.4,1
PRD_EST_034,STR_008,2026-03-09,2,144.3,1
PRD_EST_034,STR_009,2026-03-09,2,153.2,1
PRD_EST_034,STR_010,2026-03-09,2,154.7,1
PRD_EST_034,STR_011,2026-03-09,2,179.0,1
PRD_EST_034,STR_012,2026-03-09,2,199.8,1
PRD_EST_034,STR_013,2026-03-09,2,160.2,1
PRD_EST_034,STR_014,2026-03-09,2,175.0,1
PRD_EST_034,STR_015,2026-03-09,2,163.9,1
PRD_EST_034,STR_001,2026-03-16,3,94.4,0
PRD_EST_034,STR_002,2026-03-16,3,90.5,0
PRD_EST_034,STR_003,2026-03-16,3,97.7,0
PRD_EST_034,STR_004,2026-03-16,3,103.8,0
PRD_EST_034,STR_005,2026-03-16,3,107.5,0
PRD_EST_034,STR_006,2026-03-16,3,86.6,0
PRD_EST_034,STR_007,2026-03-16,3,90.8,0
PRD_EST_034,STR_008,2026-03-16,3,86.5,0
PRD_EST_034,STR_009,2026-03-16,3,82.0,0
PRD_EST_034,STR_010,2026-03-16,3,102.3,0
PRD_EST_034,STR_011,2026-03-16,3,106.4,0
PRD_EST_034,STR_012,2026-03-16,3,121.0,0
PRD_EST_034,STR_013,2026-03-16,3,101.3,0
PRD_EST_034,STR_014,2026-03-16,3,100.4,0
PRD_EST_034,STR_015,2026-03-16,3,103.8,0
PRD_EST_034,STR_001,2026-03-23,4,98.4,0
PRD_EST_034,STR_002,2026-03-23,4,97.8,0
PRD_EST_034,STR_003,2026-03-23,4,97.1,0
PRD_EST_034,STR_004,2026-03-23,4,95.2,0
PRD_EST_034,STR_005,2026-03-23,4,92.7,0
PRD_EST_034,STR_006,2026-03-23,4,86.6,0
PRD_EST_034,STR_007,2026-03-23,4,83.6,0
PRD_EST_034,STR_008,2026-03-23,4,85.1,0
PRD_EST_034,STR_009,2026-03-23,4,87.1,0
PRD_EST_034,STR_010,2026-03-23,4,100.8,0
PRD_EST_034,STR_011,2026-03-23,4,98.6,0
PRD_EST_034,STR_012,2026-03-23,4,110.0,0
PRD_EST_034,STR_013,2026-03-23,4,93.0,0
PRD_EST_034,STR_014,2026-03-23,4,105.8,0
PRD_EST_034,STR_015,2026-03-23,4,105.7,0
PRD_EST_034,STR_001,2026-03-30,5,92.5,0
PRD_EST_034,STR_002,2026-03-30,5,86.9,0
PRD_EST_034,STR_003,2026-03-30,5,81.1,0
PRD_EST_034,STR_004,2026-03-30,5,91.3,0
PRD_EST_034,STR_005,2026-03-30,5,93.5,0
PRD_EST_034,STR_006,2026-03-30,5,77.9,0
PRD_EST_034,STR_007,2026-03-30,5,83.4,0
PRD_EST_034,STR_008,2026-03-30,5,86.0,0
PRD_EST_034,STR_009,2026-03-30,5,82.2,0
PRD_EST_034,STR_010,2026-03-30,5,91.6,0
PRD_EST_034,STR_011,2026-03-30,5,90.9,0
PRD_EST_034,STR_012,2026-03-30,5,112.3,0
PRD_EST_034,STR_013,2026-03-30,5,97.3,0
PRD_EST_034,STR_014,2026-03-30,5,101.1,0
PRD_EST_034,STR_015,2026-03-30,5,97.1,0
PRD_EST_034,STR_001,2026-04-06,6,84.6,0
PRD_EST_034,STR_002,2026-04-06,6,94.2,0
PRD_EST_034,STR_003,2026-04-06,6,90.3,0
PRD_EST_034,STR_004,2026-04-06,6,98.1,0
PRD_EST_034,STR_005,2026-04-06,6,97.2,0
PRD_EST_034,STR_006,2026-04-06,6,78.2,0
PRD_EST_034,STR_007,2026-04-06,6,86.5,0
PRD_EST_034,STR_008,2026-04-06,6,88.5,0
PRD_EST_034,STR_009,2026-04-06,6,86.2,0
PRD_EST_034,STR_010,2026-04-06,6,84.9,0
PRD_EST_034,STR_011,2026-04-06,6,99.4,0
PRD_EST_034,STR_012,2026-04-06,6,101.9,0
PRD_EST_034,STR_013,2026-04-06,6,96.2,0
PRD_EST_034,STR_014,2026-04-06,6,100.4,0
PRD_EST_034,STR_015,2026-04-06,6,95.0,0
PRD_EST_034,STR_001,2026-04-13,7,97.9,0
PRD_EST_034,STR_002,2026-04-13,7,94.8,0
PRD_EST_034,STR_003,2026-04-13,7,103.9,0
PRD_EST_034,STR_004,2026-04-13,7,99.1,0
PRD_EST_034,STR_005,2026-04-13,7,99.1,0
PRD_EST_034,STR_006,2026-04-13,7,88.0,0
PRD_EST_034,STR_007,2026-04-13,7,84.5,0
PRD_EST_034,STR_008,2026-04-13,7,91.5,0
PRD_EST_034,STR_009,2026-04-13,7,85.7,0
PRD_EST_034,STR_010,2026-04-13,7,92.3,0
PRD_EST_034,STR_011,2026-04-13,7,103.5,0
PRD_EST_034,STR_012,2026-04-13,7,109.0,0
PRD_EST_034,STR_013,2026-04-13,7,105.1,0
PRD_EST_034,STR_014,2026-04-13,7,105.5,0
PRD_EST_034,STR_015,2026-04-13,7,100.3,0
PRD_EST_034,STR_001,2026-04-20,8,99.7,0
PRD_EST_034,STR_002,2026-04-20,8,100.3,0
PRD_EST_034,STR_003,2026-04-20,8,97.4,0
PRD_EST_034,STR_004,2026-04-20,8,111.4,0
PRD_EST_034,STR_005,2026-04-20,8,106.3,0
PRD_EST_034,STR_006,2026-04-20,8,92.5,0
PRD_EST_034,STR_007,2026-04-20,8,85.6,0
PRD_EST_034,STR_008,2026-04-20,8,99.4,0
PRD_EST_034,STR_009,2026-04-20,8,94.0,0
PRD_EST_034,STR_010,2026-04-20,8,102.4,0
PRD_EST_034,STR_011,2026-04-20,8,106.8,0
PRD_EST_034,STR_012,2026-04-20,8,124.3,0
PRD_EST_034,STR_013,2026-04-20,8,112.0,0
PRD_EST_034,STR_014,2026-04-20,8,104.2,0
PRD_EST_034,STR_015,2026-04-20,8,103.3,0
PRD_EST_035,STR_001,2025-03-19,1,82.1,0
PRD_EST_035,STR_002,2025-03-19,1,81.0,0
PRD_EST_035,STR_003,2025-03-19,1,78.6,0
PRD_EST_035,STR_004,2025-03-19,1,68.3,0
PRD_EST_035,STR_005,2025-03-19,1,78.2,0
PRD_EST_035,STR_006,2025-03-19,1,67.4,0
PRD_EST_035,STR_007,2025-03-19,1,64.7,0
PRD_EST_035,STR_008,2025-03-19,1,71.2,0
PRD_EST_035,STR_009,2025-03-19,1,74.3,0
PRD_EST_035,STR_010,2025-03-19,1,81.0,0
PRD_EST_035,STR_011,2025-03-19,1,85.0,0
PRD_EST_035,STR_012,2025-03-19,1,100.7,0
PRD_EST_035,STR_013,2025-03-19,1,69.6,0
PRD_EST_035,STR_014,2025-03-19,1,80.1,0
PRD_EST_035,STR_015,2025-03-19,1,80.5,0
PRD_EST_035,STR_001,2025-03-26,2,69.5,0
PRD_EST_035,STR_002,2025-03-26,2,68.2,0
PRD_EST_035,STR_003,2025-03-26,2,76.7,0
PRD_EST_035,STR_004,2025-03-26,2,65.7,0
PRD_EST_035,STR_005,2025-03-26,2,72.9,0
PRD_EST_035,STR_006,2025-03-26,2,58.7,0
PRD_EST_035,STR_007,2025-03-26,2,63.9,0
PRD_EST_035,STR_008,2025-03-26,2,63.2,0
PRD_EST_035,STR_009,2025-03-26,2,63.0,0
PRD_EST_035,STR_010,2025-03-26,2,71.6,0
PRD_EST_035,STR_011,2025-03-26,2,83.4,0
PRD_EST_035,STR_012,2025-03-26,2,83.9,0
PRD_EST_035,STR_013,2025-03-26,2,66.6,0
PRD_EST_035,STR_014,2025-03-26,2,70.5,0
PRD_EST_035,STR_015,2025-03-26,2,77.5,0
PRD_EST_035,STR_001,2025-04-02,3,70.5,0
PRD_EST_035,STR_002,2025-04-02,3,74.8,0
PRD_EST_035,STR_003,2025-04-02,3,67.8,0
PRD_EST_035,STR_004,2025-04-02,3,50.8,0
PRD_EST_035,STR_005,2025-04-02,3,47.9,0
PRD_EST_035,STR_006,2025-04-02,3,43.6,0
PRD_EST_035,STR_007,2025-04-02,3,64.0,0
PRD_EST_035,STR_008,2025-04-02,3,69.4,0
PRD_EST_035,STR_009,2025-04-02,3,48.0,0
PRD_EST_035,STR_010,2025-04-02,3,69.4,0
PRD_EST_035,STR_011,2025-04-02,3,75.2,0
PRD_EST_035,STR_012,2025-04-02,3,87.2,0
PRD_EST_035,STR_013,2025-04-02,3,47.4,0
PRD_EST_035,STR_014,2025-04-02,3,49.5,0
PRD_EST_035,STR_015,2025-04-02,3,80.3,0
PRD_EST_035,STR_001,2025-04-09,4,70.7,0
PRD_EST_035,STR_002,2025-04-09,4,77.8,0
PRD_EST_035,STR_003,2025-04-09,4,73.0,0
PRD_EST_035,STR_004,2025-04-09,4,49.0,0
PRD_EST_035,STR_005,2025-04-09,4,52.9,0
PRD_EST_035,STR_006,2025-04-09,4,42.6,0
PRD_EST_035,STR_007,2025-04-09,4,66.0,0
PRD_EST_035,STR_008,2025-04-09,4,70.9,0
PRD_EST_035,STR_009,2025-04-09,4,51.7,0
PRD_EST_035,STR_010,2025-04-09,4,76.1,0
PRD_EST_035,STR_011,2025-04-09,4,74.5,0
PRD_EST_035,STR_012,2025-04-09,4,88.7,0
PRD_EST_035,STR_013,2025-04-09,4,49.4,0
PRD_EST_035,STR_014,2025-04-09,4,48.5,0
PRD_EST_035,STR_015,2025-04-09,4,77.1,0
PRD_EST_035,STR_001,2025-04-16,5,108.0,0
PRD_EST_035,STR_002,2025-04-16,5,111.0,0
PRD_EST_035,STR_003,2025-04-16,5,114.4,0
PRD_EST_035,STR_004,2025-04-16,5,109.0,0
PRD_EST_035,STR_005,2025-04-16,5,109.7,0
PRD_EST_035,STR_006,2025-04-16,5,99.6,0
PRD_EST_035,STR_007,2025-04-16,5,97.5,0
PRD_EST_035,STR_008,2025-04-16,5,108.9,0
PRD_EST_035,STR_009,2025-04-16,5,97.8,0
PRD_EST_035,STR_010,2025-04-16,5,107.6,0
PRD_EST_035,STR_011,2025-04-16,5,116.6,0
PRD_EST_035,STR_012,2025-04-16,5,137.9,0
PRD_EST_035,STR_013,2025-04-16,5,111.3,0
PRD_EST_035,STR_014,2025-04-16,5,114.6,0
PRD_EST_035,STR_015,2025-04-16,5,126.3,0
PRD_EST_035,STR_001,2025-04-23,6,57.5,0
PRD_EST_035,STR_002,2025-04-23,6,56.3,0
PRD_EST_035,STR_003,2025-04-23,6,54.8,0
PRD_EST_035,STR_004,2025-04-23,6,54.3,0
PRD_EST_035,STR_005,2025-04-23,6,53.9,0
PRD_EST_035,STR_006,2025-04-23,6,45.4,0
PRD_EST_035,STR_007,2025-04-23,6,53.5,0
PRD_EST_035,STR_008,2025-04-23,6,51.9,0
PRD_EST_035,STR_009,2025-04-23,6,55.4,0
PRD_EST_035,STR_010,2025-04-23,6,58.3,0
PRD_EST_035,STR_011,2025-04-23,6,66.5,0
PRD_EST_035,STR_012,2025-04-23,6,73.3,0
PRD_EST_035,STR_013,2025-04-23,6,55.7,0
PRD_EST_035,STR_014,2025-04-23,6,58.6,0
PRD_EST_035,STR_015,2025-04-23,6,65.8,0
PRD_EST_035,STR_001,2025-04-30,7,54.3,0
PRD_EST_035,STR_002,2025-04-30,7,55.1,0
PRD_EST_035,STR_003,2025-04-30,7,54.2,0
PRD_EST_035,STR_004,2025-04-30,7,53.7,0
PRD_EST_035,STR_005,2025-04-30,7,54.9,0
PRD_EST_035,STR_006,2025-04-30,7,42.3,0
PRD_EST_035,STR_007,2025-04-30,7,51.3,0
PRD_EST_035,STR_008,2025-04-30,7,55.0,0
PRD_EST_035,STR_009,2025-04-30,7,46.5,0
PRD_EST_035,STR_010,2025-04-30,7,54.7,0
PRD_EST_035,STR_011,2025-04-30,7,64.1,0
PRD_EST_035,STR_012,2025-04-30,7,61.4,0
PRD_EST_035,STR_013,2025-04-30,7,49.6,0
PRD_EST_035,STR_014,2025-04-30,7,48.5,0
PRD_EST_035,STR_015,2025-04-30,7,57.7,0
PRD_EST_035,STR_001,2025-05-07,8,63.8,0
PRD_EST_035,STR_002,2025-05-07,8,64.9,0
PRD_EST_035,STR_003,2025-05-07,8,65.8,0
PRD_EST_035,STR_004,2025-05-07,8,58.9,0
PRD_EST_035,STR_005,2025-05-07,8,60.4,0
PRD_EST_035,STR_006,2025-05-07,8,51.0,0
PRD_EST_035,STR_007,2025-05-07,8,53.7,0
PRD_EST_035,STR_008,2025-05-07,8,56.6,0
PRD_EST_035,STR_009,2025-05-07,8,59.9,0
PRD_EST_035,STR_010,2025-05-07,8,67.1,0
PRD_EST_035,STR_011,2025-05-07,8,68.3,0
PRD_EST_035,STR_012,2025-05-07,8,75.9,0
PRD_EST_035,STR_013,2025-05-07,8,58.3,0
PRD_EST_035,STR_014,2025-05-07,8,65.3,0
PRD_EST_035,STR_015,2025-05-07,8,64.4,0
PRD_EST_036,STR_001,2026-03-03,1,80.9,0
PRD_EST_036,STR_002,2026-03-03,1,79.7,0
PRD_EST_036,STR_003,2026-03-03,1,79.3,0
PRD_EST_036,STR_004,2026-03-03,1,88.1,0
PRD_EST_036,STR_005,2026-03-03,1,84.0,0
PRD_EST_036,STR_006,2026-03-03,1,71.7,0
PRD_EST_036,STR_007,2026-03-03,1,70.6,0
PRD_EST_036,STR_008,2026-03-03,1,69.9,0
PRD_EST_036,STR_009,2026-03-03,1,74.9,0
PRD_EST_036,STR_010,2026-03-03,1,83.2,0
PRD_EST_036,STR_011,2026-03-03,1,91.2,0
PRD_EST_036,STR_012,2026-03-03,1,93.4,0
PRD_EST_036,STR_013,2026-03-03,1,90.5,0
PRD_EST_036,STR_014,2026-03-03,1,87.5,0
PRD_EST_036,STR_015,2026-03-03,1,80.0,0
PRD_EST_036,STR_001,2026-03-10,2,56.5,0
PRD_EST_036,STR_002,2026-03-10,2,61.5,0
PRD_EST_036,STR_003,2026-03-10,2,60.4,0
PRD_EST_036,STR_004,2026-03-10,2,65.2,0
PRD_EST_036,STR_005,2026-03-10,2,70.6,0
PRD_EST_036,STR_006,2026-03-10,2,53.8,0
PRD_EST_036,STR_007,2026-03-10,2,56.9,0
PRD_EST_036,STR_008,2026-03-10,2,58.6,0
PRD_EST_036,STR_009,2026-03-10,2,60.9,0
PRD_EST_036,STR_010,2026-03-10,2,64.2,0
PRD_EST_036,STR_011,2026-03-10,2,65.4,0
PRD_EST_036,STR_012,2026-03-10,2,74.8,0
PRD_EST_036,STR_013,2026-03-10,2,65.3,0
PRD_EST_036,STR_014,2026-03-10,2,67.6,0
PRD_EST_036,STR_015,2026-03-10,2,63.7,0
PRD_EST_036,STR_001,2026-03-17,3,72.8,0
PRD_EST_036,STR_002,2026-03-17,3,74.0,0
PRD_EST_036,STR_003,2026-03-17,3,74.1,0
PRD_EST_036,STR_004,2026-03-17,3,57.4,0
PRD_EST_036,STR_005,2026-03-17,3,57.3,0
PRD_EST_036,STR_006,2026-03-17,3,50.5,0
PRD_EST_036,STR_007,2026-03-17,3,65.3,0
PRD_EST_036,STR_008,2026-03-17,3,72.6,0
PRD_EST_036,STR_009,2026-03-17,3,50.2,0
PRD_EST_036,STR_010,2026-03-17,3,66.5,0
PRD_EST_036,STR_011,2026-03-17,3,78.7,0
PRD_EST_036,STR_012,2026-03-17,3,92.8,0
PRD_EST_036,STR_013,2026-03-17,3,57.0,0
PRD_EST_036,STR_014,2026-03-17,3,56.0,0
PRD_EST_036,STR_015,2026-03-17,3,75.8,0
PRD_EST_036,STR_001,2026-03-24,4,148.7,0
PRD_EST_036,STR_002,2026-03-24,4,135.1,0
PRD_EST_036,STR_003,2026-03-24,4,132.2,0
PRD_EST_036,STR_004,2026-03-24,4,111.4,0
PRD_EST_036,STR_005,2026-03-24,4,112.0,0
PRD_EST_036,STR_006,2026-03-24,4,93.6,0
PRD_EST_036,STR_007,2026-03-24,4,130.0,0
PRD_EST_036,STR_008,2026-03-24,4,126.9,0
PRD_EST_036,STR_009,2026-03-24,4,98.6,0
PRD_EST_036,STR_010,2026-03-24,4,141.4,0
PRD_EST_036,STR_011,2026-03-24,4,155.3,0
PRD_EST_036,STR_012,2026-03-24,4,173.1,0
PRD_EST_036,STR_013,2026-03-24,4,105.5,0
PRD_EST_036,STR_014,2026-03-24,4,115.7,0
PRD_EST_036,STR_015,2026-03-24,4,139.0,0
PRD_EST_036,STR_001,2026-03-31,5,53.6,0
PRD_EST_036,STR_002,2026-03-31,5,51.1,0
PRD_EST_036,STR_003,2026-03-31,5,50.6,0
PRD_EST_036,STR_004,2026-03-31,5,59.3,0
PRD_EST_036,STR_005,2026-03-31,5,55.6,0
PRD_EST_036,STR_006,2026-03-31,5,51.7,0
PRD_EST_036,STR_007,2026-03-31,5,46.6,0
PRD_EST_036,STR_008,2026-03-31,5,49.3,0
PRD_EST_036,STR_009,2026-03-31,5,52.7,0
PRD_EST_036,STR_010,2026-03-31,5,55.2,0
PRD_EST_036,STR_011,2026-03-31,5,63.6,0
PRD_EST_036,STR_012,2026-03-31,5,68.2,0
PRD_EST_036,STR_013,2026-03-31,5,58.8,0
PRD_EST_036,STR_014,2026-03-31,5,57.3,0
PRD_EST_036,STR_015,2026-03-31,5,55.5,0
PRD_EST_036,STR_001,2026-04-07,6,49.9,0
PRD_EST_036,STR_002,2026-04-07,6,46.2,0
PRD_EST_036,STR_003,2026-04-07,6,45.8,0
PRD_EST_036,STR_004,2026-04-07,6,50.6,0
PRD_EST_036,STR_005,2026-04-07,6,47.6,0
PRD_EST_036,STR_006,2026-04-07,6,48.5,0
PRD_EST_036,STR_007,2026-04-07,6,46.1,0
PRD_EST_036,STR_008,2026-04-07,6,46.3,0
PRD_EST_036,STR_009,2026-04-07,6,47.4,0
PRD_EST_036,STR_010,2026-04-07,6,50.8,0
PRD_EST_036,STR_011,2026-04-07,6,55.1,0
PRD_EST_036,STR_012,2026-04-07,6,57.5,0
PRD_EST_036,STR_013,2026-04-07,6,49.9,0
PRD_EST_036,STR_014,2026-04-07,6,53.3,0
PRD_EST_036,STR_015,2026-04-07,6,53.8,0
PRD_EST_036,STR_001,2026-04-14,7,45.5,0
PRD_EST_036,STR_002,2026-04-14,7,49.2,0
PRD_EST_036,STR_003,2026-04-14,7,51.3,0
PRD_EST_036,STR_004,2026-04-14,7,47.1,0
PRD_EST_036,STR_005,2026-04-14,7,49.8,0
PRD_EST_036,STR_006,2026-04-14,7,47.7,0
PRD_EST_036,STR_007,2026-04-14,7,40.2,0
PRD_EST_036,STR_008,2026-04-14,7,45.7,0
PRD_EST_036,STR_009,2026-04-14,7,45.2,0
PRD_EST_036,STR_010,2026-04-14,7,48.4,0
PRD_EST_036,STR_011,2026-04-14,7,57.2,0
PRD_EST_036,STR_012,2026-04-14,7,62.7,0
PRD_EST_036,STR_013,2026-04-14,7,49.1,0
PRD_EST_036,STR_014,2026-04-14,7,53.9,0
PRD_EST_036,STR_015,2026-04-14,7,51.4,0
PRD_EST_036,STR_001,2026-04-21,8,56.7,0
PRD_EST_036,STR_002,2026-04-21,8,59.9,0
PRD_EST_036,STR_003,2026-04-21,8,59.0,0
PRD_EST_036,STR_004,2026-04-21,8,60.1,0
PRD_EST_036,STR_005,2026-04-21,8,66.6,0
PRD_EST_036,STR_006,2026-04-21,8,54.6,0
PRD_EST_036,STR_007,2026-04-21,8,51.5,0
PRD_EST_036,STR_008,2026-04-21,8,56.6,0
PRD_EST_036,STR_009,2026-04-21,8,59.7,0
PRD_EST_036,STR_010,2026-04-21,8,55.8,0
PRD_EST_036,STR_011,2026-04-21,8,65.8,0
PRD_EST_036,STR_012,2026-04-21,8,70.4,0
PRD_EST_036,STR_013,2026-04-21,8,66.3,0
PRD_EST_036,STR_014,2026-04-21,8,65.3,0
PRD_EST_036,STR_015,2026-04-21,8,65.8,0
PRD_EST_037,STR_001,2025-10-03,1,200.8,0
PRD_EST_037,STR_002,2025-10-03,1,192.9,0
PRD_EST_037,STR_003,2025-10-03,1,192.8,0
PRD_EST_037,STR_004,2025-10-03,1,203.4,0
PRD_EST_037,STR_005,2025-10-03,1,219.9,0
PRD_EST_037,STR_006,2025-10-03,1,196.3,0
PRD_EST_037,STR_007,2025-10-03,1,191.8,0
PRD_EST_037,STR_008,2025-10-03,1,193.1,0
PRD_EST_037,STR_009,2025-10-03,1,202.5,0
PRD_EST_037,STR_010,2025-10-03,1,201.0,0
PRD_EST_037,STR_011,2025-10-03,1,212.9,0
PRD_EST_037,STR_012,2025-10-03,1,257.8,0
PRD_EST_037,STR_013,2025-10-03,1,205.1,0
PRD_EST_037,STR_014,2025-10-03,1,228.8,0
PRD_EST_037,STR_015,2025-10-03,1,239.6,0
PRD_EST_037,STR_001,2025-10-10,2,186.5,0
PRD_EST_037,STR_002,2025-10-10,2,200.7,0
PRD_EST_037,STR_003,2025-10-10,2,185.6,0
PRD_EST_037,STR_004,2025-10-10,2,221.4,0
PRD_EST_037,STR_005,2025-10-10,2,196.7,0
PRD_EST_037,STR_006,2025-10-10,2,187.6,0
PRD_EST_037,STR_007,2025-10-10,2,172.4,0
PRD_EST_037,STR_008,2025-10-10,2,194.6,0
PRD_EST_037,STR_009,2025-10-10,2,188.9,0
PRD_EST_037,STR_010,2025-10-10,2,207.1,0
PRD_EST_037,STR_011,2025-10-10,2,206.2,0
PRD_EST_037,STR_012,2025-10-10,2,223.9,0
PRD_EST_037,STR_013,2025-10-10,2,197.9,0
PRD_EST_037,STR_014,2025-10-10,2,205.8,0
PRD_EST_037,STR_015,2025-10-10,2,218.2,0
PRD_EST_037,STR_001,2025-10-17,3,232.3,0
PRD_EST_037,STR_002,2025-10-17,3,250.1,0
PRD_EST_037,STR_003,2025-10-17,3,271.9,0
PRD_EST_037,STR_004,2025-10-17,3,370.4,0
PRD_EST_037,STR_005,2025-10-17,3,373.8,0
PRD_EST_037,STR_006,2025-10-17,3,326.3,0
PRD_EST_037,STR_007,2025-10-17,3,234.0,0
PRD_EST_037,STR_008,2025-10-17,3,228.9,0
PRD_EST_037,STR_009,2025-10-17,3,332.0,0
PRD_EST_037,STR_010,2025-10-17,3,243.0,0
PRD_EST_037,STR_011,2025-10-17,3,257.5,0
PRD_EST_037,STR_012,2025-10-17,3,299.2,0
PRD_EST_037,STR_013,2025-10-17,3,387.3,0
PRD_EST_037,STR_014,2025-10-17,3,352.2,0
PRD_EST_037,STR_015,2025-10-17,3,284.9,0
PRD_EST_037,STR_001,2025-10-24,4,125.8,0
PRD_EST_037,STR_002,2025-10-24,4,124.9,0
PRD_EST_037,STR_003,2025-10-24,4,144.4,0
PRD_EST_037,STR_004,2025-10-24,4,180.0,0
PRD_EST_037,STR_005,2025-10-24,4,189.7,0
PRD_EST_037,STR_006,2025-10-24,4,173.1,0
PRD_EST_037,STR_007,2025-10-24,4,111.9,0
PRD_EST_037,STR_008,2025-10-24,4,127.6,0
PRD_EST_037,STR_009,2025-10-24,4,167.3,0
PRD_EST_037,STR_010,2025-10-24,4,136.6,0
PRD_EST_037,STR_011,2025-10-24,4,138.1,0
PRD_EST_037,STR_012,2025-10-24,4,160.6,0
PRD_EST_037,STR_013,2025-10-24,4,183.7,0
PRD_EST_037,STR_014,2025-10-24,4,180.5,0
PRD_EST_037,STR_015,2025-10-24,4,134.5,0
PRD_EST_037,STR_001,2025-10-31,5,141.3,0
PRD_EST_037,STR_002,2025-10-31,5,144.0,0
PRD_EST_037,STR_003,2025-10-31,5,127.2,0
PRD_EST_037,STR_004,2025-10-31,5,143.9,0
PRD_EST_037,STR_005,2025-10-31,5,150.5,0
PRD_EST_037,STR_006,2025-10-31,5,118.5,0
PRD_EST_037,STR_007,2025-10-31,5,113.6,0
PRD_EST_037,STR_008,2025-10-31,5,128.0,0
PRD_EST_037,STR_009,2025-10-31,5,121.6,0
PRD_EST_037,STR_010,2025-10-31,5,134.1,0
PRD_EST_037,STR_011,2025-10-31,5,148.9,0
PRD_EST_037,STR_012,2025-10-31,5,153.4,0
PRD_EST_037,STR_013,2025-10-31,5,150.3,0
PRD_EST_037,STR_014,2025-10-31,5,154.9,0
PRD_EST_037,STR_015,2025-10-31,5,148.0,0
PRD_EST_037,STR_001,2025-11-07,6,147.5,0
PRD_EST_037,STR_002,2025-11-07,6,156.9,0
PRD_EST_037,STR_003,2025-11-07,6,159.0,0
PRD_EST_037,STR_004,2025-11-07,6,147.2,0
PRD_EST_037,STR_005,2025-11-07,6,154.3,0
PRD_EST_037,STR_006,2025-11-07,6,138.8,0
PRD_EST_037,STR_007,2025-11-07,6,138.9,0
PRD_EST_037,STR_008,2025-11-07,6,149.5,0
PRD_EST_037,STR_009,2025-11-07,6,132.9,0
PRD_EST_037,STR_010,2025-11-07,6,152.3,0
PRD_EST_037,STR_011,2025-11-07,6,179.5,0
PRD_EST_037,STR_012,2025-11-07,6,178.2,0
PRD_EST_037,STR_013,2025-11-07,6,154.7,0
PRD_EST_037,STR_014,2025-11-07,6,151.5,0
PRD_EST_037,STR_015,2025-11-07,6,176.0,0
PRD_EST_037,STR_001,2025-11-14,7,142.2,0
PRD_EST_037,STR_002,2025-11-14,7,137.5,0
PRD_EST_037,STR_003,2025-11-14,7,148.4,0
PRD_EST_037,STR_004,2025-11-14,7,142.9,0
PRD_EST_037,STR_005,2025-11-14,7,157.9,0
PRD_EST_037,STR_006,2025-11-14,7,136.7,0
PRD_EST_037,STR_007,2025-11-14,7,120.9,0
PRD_EST_037,STR_008,2025-11-14,7,126.5,0
PRD_EST_037,STR_009,2025-11-14,7,132.4,0
PRD_EST_037,STR_010,2025-11-14,7,151.0,0
PRD_EST_037,STR_011,2025-11-14,7,158.4,0
PRD_EST_037,STR_012,2025-11-14,7,164.4,0
PRD_EST_037,STR_013,2025-11-14,7,145.6,0
PRD_EST_037,STR_014,2025-11-14,7,141.8,0
PRD_EST_037,STR_015,2025-11-14,7,155.9,0
PRD_EST_037,STR_001,2025-11-21,8,159.9,0
PRD_EST_037,STR_002,2025-11-21,8,172.1,0
PRD_EST_037,STR_003,2025-11-21,8,160.5,0
PRD_EST_037,STR_004,2025-11-21,8,160.8,0
PRD_EST_037,STR_005,2025-11-21,8,159.9,0
PRD_EST_037,STR_006,2025-11-21,8,139.9,0
PRD_EST_037,STR_007,2025-11-21,8,155.7,0
PRD_EST_037,STR_008,2025-11-21,8,146.8,0
PRD_EST_037,STR_009,2025-11-21,8,148.7,0
PRD_EST_037,STR_010,2025-11-21,8,169.7,0
PRD_EST_037,STR_011,2025-11-21,8,182.2,0
PRD_EST_037,STR_012,2025-11-21,8,195.9,0
PRD_EST_037,STR_013,2025-11-21,8,183.7,0
PRD_EST_037,STR_014,2025-11-21,8,183.2,0
PRD_EST_037,STR_015,2025-11-21,8,187.6,0
PRD_EST_038,STR_001,2025-06-14,1,133.7,0
PRD_EST_038,STR_002,2025-06-14,1,124.6,0
PRD_EST_038,STR_003,2025-06-14,1,121.2,0
PRD_EST_038,STR_004,2025-06-14,1,126.9,0
PRD_EST_038,STR_005,2025-06-14,1,124.6,0
PRD_EST_038,STR_006,2025-06-14,1,101.0,0
PRD_EST_038,STR_007,2025-06-14,1,123.4,0
PRD_EST_038,STR_008,2025-06-14,1,125.3,0
PRD_EST_038,STR_009,2025-06-14,1,116.5,0
PRD_EST_038,STR_010,2025-06-14,1,133.2,0
PRD_EST_038,STR_011,2025-06-14,1,131.9,0
PRD_EST_038,STR_012,2025-06-14,1,160.6,0
PRD_EST_038,STR_013,2025-06-14,1,131.6,0
PRD_EST_038,STR_014,2025-06-14,1,132.6,0
PRD_EST_038,STR_015,2025-06-14,1,131.1,0
PRD_EST_038,STR_001,2025-06-21,2,111.4,0
PRD_EST_038,STR_002,2025-06-21,2,116.6,0
PRD_EST_038,STR_003,2025-06-21,2,102.9,0
PRD_EST_038,STR_004,2025-06-21,2,109.2,0
PRD_EST_038,STR_005,2025-06-21,2,99.6,0
PRD_EST_038,STR_006,2025-06-21,2,94.4,0
PRD_EST_038,STR_007,2025-06-21,2,100.3,0
PRD_EST_038,STR_008,2025-06-21,2,97.3,0
PRD_EST_038,STR_009,2025-06-21,2,98.4,0
PRD_EST_038,STR_010,2025-06-21,2,107.8,0
PRD_EST_038,STR_011,2025-06-21,2,128.1,0
PRD_EST_038,STR_012,2025-06-21,2,138.9,0
PRD_EST_038,STR_013,2025-06-21,2,103.4,0
PRD_EST_038,STR_014,2025-06-21,2,100.7,0
PRD_EST_038,STR_015,2025-06-21,2,122.7,0
PRD_EST_038,STR_001,2025-06-28,3,88.8,0
PRD_EST_038,STR_002,2025-06-28,3,86.5,0
PRD_EST_038,STR_003,2025-06-28,3,95.7,0
PRD_EST_038,STR_004,2025-06-28,3,79.9,0
PRD_EST_038,STR_005,2025-06-28,3,79.3,0
PRD_EST_038,STR_006,2025-06-28,3,71.0,0
PRD_EST_038,STR_007,2025-06-28,3,73.8,0
PRD_EST_038,STR_008,2025-06-28,3,81.1,0
PRD_EST_038,STR_009,2025-06-28,3,86.6,0
PRD_EST_038,STR_010,2025-06-28,3,84.4,0
PRD_EST_038,STR_011,2025-06-28,3,95.9,0
PRD_EST_038,STR_012,2025-06-28,3,101.9,0
PRD_EST_038,STR_013,2025-06-28,3,81.1,0
PRD_EST_038,STR_014,2025-06-28,3,87.5,0
PRD_EST_038,STR_015,2025-06-28,3,90.3,0
PRD_EST_038,STR_001,2025-07-05,4,81.8,0
PRD_EST_038,STR_002,2025-07-05,4,80.7,0
PRD_EST_038,STR_003,2025-07-05,4,77.4,0
PRD_EST_038,STR_004,2025-07-05,4,70.2,0
PRD_EST_038,STR_005,2025-07-05,4,80.4,0
PRD_EST_038,STR_006,2025-07-05,4,61.9,0
PRD_EST_038,STR_007,2025-07-05,4,64.8,0
PRD_EST_038,STR_008,2025-07-05,4,79.7,0
PRD_EST_038,STR_009,2025-07-05,4,76.2,0
PRD_EST_038,STR_010,2025-07-05,4,80.2,0
PRD_EST_038,STR_011,2025-07-05,4,83.8,0
PRD_EST_038,STR_012,2025-07-05,4,98.4,0
PRD_EST_038,STR_013,2025-07-05,4,78.5,0
PRD_EST_038,STR_014,2025-07-05,4,76.3,0
PRD_EST_038,STR_015,2025-07-05,4,80.0,0
PRD_EST_038,STR_001,2025-07-12,5,74.6,0
PRD_EST_038,STR_002,2025-07-12,5,77.1,0
PRD_EST_038,STR_003,2025-07-12,5,79.4,0
PRD_EST_038,STR_004,2025-07-12,5,72.0,0
PRD_EST_038,STR_005,2025-07-12,5,72.7,0
PRD_EST_038,STR_006,2025-07-12,5,69.3,0
PRD_EST_038,STR_007,2025-07-12,5,72.3,0
PRD_EST_038,STR_008,2025-07-12,5,78.2,0
PRD_EST_038,STR_009,2025-07-12,5,76.1,0
PRD_EST_038,STR_010,2025-07-12,5,74.7,0
PRD_EST_038,STR_011,2025-07-12,5,92.5,0
PRD_EST_038,STR_012,2025-07-12,5,93.6,0
PRD_EST_038,STR_013,2025-07-12,5,75.0,0
PRD_EST_038,STR_014,2025-07-12,5,78.2,0
PRD_EST_038,STR_015,2025-07-12,5,81.9,0
PRD_EST_038,STR_001,2025-07-19,6,98.5,0
PRD_EST_038,STR_002,2025-07-19,6,99.4,0
PRD_EST_038,STR_003,2025-07-19,6,94.1,0
PRD_EST_038,STR_004,2025-07-19,6,91.8,0
PRD_EST_038,STR_005,2025-07-19,6,95.5,0
PRD_EST_038,STR_006,2025-07-19,6,77.7,0
PRD_EST_038,STR_007,2025-07-19,6,81.7,0
PRD_EST_038,STR_008,2025-07-19,6,89.1,0
PRD_EST_038,STR_009,2025-07-19,6,82.2,0
PRD_EST_038,STR_010,2025-07-19,6,85.8,0
PRD_EST_038,STR_011,2025-07-19,6,95.2,0
PRD_EST_038,STR_012,2025-07-19,6,105.4,0
PRD_EST_038,STR_013,2025-07-19,6,92.5,0
PRD_EST_038,STR_014,2025-07-19,6,95.4,0
PRD_EST_038,STR_015,2025-07-19,6,99.4,0
PRD_EST_038,STR_001,2025-07-26,7,86.4,0
PRD_EST_038,STR_002,2025-07-26,7,98.6,0
PRD_EST_038,STR_003,2025-07-26,7,85.8,0
PRD_EST_038,STR_004,2025-07-26,7,84.9,0
PRD_EST_038,STR_005,2025-07-26,7,84.5,0
PRD_EST_038,STR_006,2025-07-26,7,74.6,0
PRD_EST_038,STR_007,2025-07-26,7,83.8,0
PRD_EST_038,STR_008,2025-07-26,7,92.7,0
PRD_EST_038,STR_009,2025-07-26,7,85.6,0
PRD_EST_038,STR_010,2025-07-26,7,86.5,0
PRD_EST_038,STR_011,2025-07-26,7,94.2,0
PRD_EST_038,STR_012,2025-07-26,7,112.3,0
PRD_EST_038,STR_013,2025-07-26,7,82.9,0
PRD_EST_038,STR_014,2025-07-26,7,82.8,0
PRD_EST_038,STR_015,2025-07-26,7,99.7,0
PRD_EST_038,STR_001,2025-08-02,8,97.7,0
PRD_EST_038,STR_002,2025-08-02,8,101.5,0
PRD_EST_038,STR_003,2025-08-02,8,105.1,0
PRD_EST_038,STR_004,2025-08-02,8,100.9,0
PRD_EST_038,STR_005,2025-08-02,8,100.4,0
PRD_EST_038,STR_006,2025-08-02,8,92.6,0
PRD_EST_038,STR_007,2025-08-02,8,100.4,0
PRD_EST_038,STR_008,2025-08-02,8,95.9,0
PRD_EST_038,STR_009,2025-08-02,8,92.8,0
PRD_EST_038,STR_010,2025-08-02,8,101.4,0
PRD_EST_038,STR_011,2025-08-02,8,111.6,0
PRD_EST_038,STR_012,2025-08-02,8,126.4,0
PRD_EST_038,STR_013,2025-08-02,8,95.8,0
PRD_EST_038,STR_014,2025-08-02,8,109.2,0
PRD_EST_038,STR_015,2025-08-02,8,106.4,0
PRD_EST_039,STR_001,2026-01-25,1,153.1,1
PRD_EST_039,STR_002,2026-01-25,1,147.1,1
PRD_EST_039,STR_003,2026-01-25,1,160.7,1
PRD_EST_039,STR_004,2026-01-25,1,160.1,1
PRD_EST_039,STR_005,2026-01-25,1,158.9,1
PRD_EST_039,STR_006,2026-01-25,1,147.7,1
PRD_EST_039,STR_007,2026-01-25,1,139.6,1
PRD_EST_039,STR_008,2026-01-25,1,156.5,1
PRD_EST_039,STR_009,2026-01-25,1,141.8,1
PRD_EST_039,STR_010,2026-01-25,1,153.8,1
PRD_EST_039,STR_011,2026-01-25,1,165.1,1
PRD_EST_039,STR_012,2026-01-25,1,201.2,1
PRD_EST_039,STR_013,2026-01-25,1,179.8,1
PRD_EST_039,STR_014,2026-01-25,1,182.3,1
PRD_EST_039,STR_015,2026-01-25,1,173.3,1
PRD_EST_039,STR_001,2026-02-01,2,146.1,1
PRD_EST_039,STR_002,2026-02-01,2,140.1,1
PRD_EST_039,STR_003,2026-02-01,2,144.4,1
PRD_EST_039,STR_004,2026-02-01,2,153.4,1
PRD_EST_039,STR_005,2026-02-01,2,165.2,1
PRD_EST_039,STR_006,2026-02-01,2,130.6,1
PRD_EST_039,STR_007,2026-02-01,2,129.8,1
PRD_EST_039,STR_008,2026-02-01,2,137.6,1
PRD_EST_039,STR_009,2026-02-01,2,126.2,1
PRD_EST_039,STR_010,2026-02-01,2,144.8,1
PRD_EST_039,STR_011,2026-02-01,2,170.6,1
PRD_EST_039,STR_012,2026-02-01,2,169.9,1
PRD_EST_039,STR_013,2026-02-01,2,152.9,1
PRD_EST_039,STR_014,2026-02-01,2,150.7,1
PRD_EST_039,STR_015,2026-02-01,2,168.5,1
PRD_EST_039,STR_001,2026-02-08,3,89.9,0
PRD_EST_039,STR_002,2026-02-08,3,90.4,0
PRD_EST_039,STR_003,2026-02-08,3,90.2,0
PRD_EST_039,STR_004,2026-02-08,3,87.4,0
PRD_EST_039,STR_005,2026-02-08,3,83.8,0
PRD_EST_039,STR_006,2026-02-08,3,85.4,0
PRD_EST_039,STR_007,2026-02-08,3,78.3,0
PRD_EST_039,STR_008,2026-02-08,3,80.2,0
PRD_EST_039,STR_009,2026-02-08,3,78.3,0
PRD_EST_039,STR_010,2026-02-08,3,83.4,0
PRD_EST_039,STR_011,2026-02-08,3,97.8,0
PRD_EST_039,STR_012,2026-02-08,3,105.7,0
PRD_EST_039,STR_013,2026-02-08,3,83.7,0
PRD_EST_039,STR_014,2026-02-08,3,91.3,0
PRD_EST_039,STR_015,2026-02-08,3,85.2,0
PRD_EST_039,STR_001,2026-02-15,4,90.1,0
PRD_EST_039,STR_002,2026-02-15,4,90.2,0
PRD_EST_039,STR_003,2026-02-15,4,86.2,0
PRD_EST_039,STR_004,2026-02-15,4,87.3,0
PRD_EST_039,STR_005,2026-02-15,4,91.2,0
PRD_EST_039,STR_006,2026-02-15,4,78.4,0
PRD_EST_039,STR_007,2026-02-15,4,84.1,0
PRD_EST_039,STR_008,2026-02-15,4,76.3,0
PRD_EST_039,STR_009,2026-02-15,4,84.0,0
PRD_EST_039,STR_010,2026-02-15,4,82.8,0
PRD_EST_039,STR_011,2026-02-15,4,95.6,0
PRD_EST_039,STR_012,2026-02-15,4,107.0,0
PRD_EST_039,STR_013,2026-02-15,4,93.6,0
PRD_EST_039,STR_014,2026-02-15,4,101.5,0
PRD_EST_039,STR_015,2026-02-15,4,93.7,0
PRD_EST_039,STR_001,2026-02-22,5,78.4,0
PRD_EST_039,STR_002,2026-02-22,5,86.8,0
PRD_EST_039,STR_003,2026-02-22,5,79.8,0
PRD_EST_039,STR_004,2026-02-22,5,93.0,0
PRD_EST_039,STR_005,2026-02-22,5,91.4,0
PRD_EST_039,STR_006,2026-02-22,5,81.1,0
PRD_EST_039,STR_007,2026-02-22,5,68.9,0
PRD_EST_039,STR_008,2026-02-22,5,81.1,0
PRD_EST_039,STR_009,2026-02-22,5,77.1,0
PRD_EST_039,STR_010,2026-02-22,5,86.7,0
PRD_EST_039,STR_011,2026-02-22,5,92.9,0
PRD_EST_039,STR_012,2026-02-22,5,98.3,0
PRD_EST_039,STR_013,2026-02-22,5,92.3,0
PRD_EST_039,STR_014,2026-02-22,5,93.4,0
PRD_EST_039,STR_015,2026-02-22,5,92.2,0
PRD_EST_039,STR_001,2026-03-01,6,92.6,0
PRD_EST_039,STR_002,2026-03-01,6,88.2,0
PRD_EST_039,STR_003,2026-03-01,6,95.3,0
PRD_EST_039,STR_004,2026-03-01,6,98.5,0
PRD_EST_039,STR_005,2026-03-01,6,96.1,0
PRD_EST_039,STR_006,2026-03-01,6,92.4,0
PRD_EST_039,STR_007,2026-03-01,6,82.6,0
PRD_EST_039,STR_008,2026-03-01,6,93.2,0
PRD_EST_039,STR_009,2026-03-01,6,84.6,0
PRD_EST_039,STR_010,2026-03-01,6,85.9,0
PRD_EST_039,STR_011,2026-03-01,6,99.8,0
PRD_EST_039,STR_012,2026-03-01,6,111.2,0
PRD_EST_039,STR_013,2026-03-01,6,90.5,0
PRD_EST_039,STR_014,2026-03-01,6,97.5,0
PRD_EST_039,STR_015,2026-03-01,6,102.0,0
PRD_EST_039,STR_001,2026-03-08,7,98.4,0
PRD_EST_039,STR_002,2026-03-08,7,97.3,0
PRD_EST_039,STR_003,2026-03-08,7,100.6,0
PRD_EST_039,STR_004,2026-03-08,7,94.8,0
PRD_EST_039,STR_005,2026-03-08,7,100.0,0
PRD_EST_039,STR_006,2026-03-08,7,90.6,0
PRD_EST_039,STR_007,2026-03-08,7,87.8,0
PRD_EST_039,STR_008,2026-03-08,7,94.5,0
PRD_EST_039,STR_009,2026-03-08,7,93.6,0
PRD_EST_039,STR_010,2026-03-08,7,102.1,0
PRD_EST_039,STR_011,2026-03-08,7,109.3,0
PRD_EST_039,STR_012,2026-03-08,7,121.2,0
PRD_EST_039,STR_013,2026-03-08,7,105.9,0
PRD_EST_039,STR_014,2026-03-08,7,100.8,0
PRD_EST_039,STR_015,2026-03-08,7,110.4,0
PRD_EST_039,STR_001,2026-03-15,8,91.6,0
PRD_EST_039,STR_002,2026-03-15,8,91.4,0
PRD_EST_039,STR_003,2026-03-15,8,85.9,0
PRD_EST_039,STR_004,2026-03-15,8,94.6,0
PRD_EST_039,STR_005,2026-03-15,8,97.9,0
PRD_EST_039,STR_006,2026-03-15,8,86.5,0
PRD_EST_039,STR_007,2026-03-15,8,86.7,0
PRD_EST_039,STR_008,2026-03-15,8,87.0,0
PRD_EST_039,STR_009,2026-03-15,8,86.9,0
PRD_EST_039,STR_010,2026-03-15,8,97.4,0
PRD_EST_039,STR_011,2026-03-15,8,108.2,0
PRD_EST_039,STR_012,2026-03-15,8,111.0,0
PRD_EST_039,STR_013,2026-03-15,8,95.6,0
PRD_EST_039,STR_014,2026-03-15,8,102.4,0
PRD_EST_039,STR_015,2026-03-15,8,102.7,0
PRD_EST_040,STR_001,2024-12-29,1,334.2,0
PRD_EST_040,STR_002,2024-12-29,1,319.8,0
PRD_EST_040,STR_003,2024-12-29,1,325.3,0
PRD_EST_040,STR_004,2024-12-29,1,321.8,0
PRD_EST_040,STR_005,2024-12-29,1,365.3,0
PRD_EST_040,STR_006,2024-12-29,1,299.7,0
PRD_EST_040,STR_007,2024-12-29,1,267.0,0
PRD_EST_040,STR_008,2024-12-29,1,293.9,0
PRD_EST_040,STR_009,2024-12-29,1,295.1,0
PRD_EST_040,STR_010,2024-12-29,1,326.2,0
PRD_EST_040,STR_011,2024-12-29,1,338.6,0
PRD_EST_040,STR_012,2024-12-29,1,358.4,0
PRD_EST_040,STR_013,2024-12-29,1,356.3,0
PRD_EST_040,STR_014,2024-12-29,1,328.6,0
PRD_EST_040,STR_015,2024-12-29,1,367.9,0
PRD_EST_040,STR_001,2025-01-05,2,239.1,0
PRD_EST_040,STR_002,2025-01-05,2,233.0,0
PRD_EST_040,STR_003,2025-01-05,2,230.4,0
PRD_EST_040,STR_004,2025-01-05,2,252.5,0
PRD_EST_040,STR_005,2025-01-05,2,244.9,0
PRD_EST_040,STR_006,2025-01-05,2,224.0,0
PRD_EST_040,STR_007,2025-01-05,2,217.0,0
PRD_EST_040,STR_008,2025-01-05,2,235.6,0
PRD_EST_040,STR_009,2025-01-05,2,218.8,0
PRD_EST_040,STR_010,2025-01-05,2,228.9,0
PRD_EST_040,STR_011,2025-01-05,2,244.4,0
PRD_EST_040,STR_012,2025-01-05,2,298.9,0
PRD_EST_040,STR_013,2025-01-05,2,236.2,0
PRD_EST_040,STR_014,2025-01-05,2,244.7,0
PRD_EST_040,STR_015,2025-01-05,2,253.9,0
PRD_EST_040,STR_001,2025-01-12,3,513.8,0
PRD_EST_040,STR_002,2025-01-12,3,504.0,0
PRD_EST_040,STR_003,2025-01-12,3,332.0,0
PRD_EST_040,STR_004,2025-01-12,3,492.6,0
PRD_EST_040,STR_005,2025-01-12,3,511.4,0
PRD_EST_040,STR_006,2025-01-12,3,427.2,0
PRD_EST_040,STR_007,2025-01-12,3,459.3,0
PRD_EST_040,STR_008,2025-01-12,3,472.1,0
PRD_EST_040,STR_009,2025-01-12,3,322.8,0
PRD_EST_040,STR_010,2025-01-12,3,519.8,0
PRD_EST_040,STR_011,2025-01-12,3,559.8,0
PRD_EST_040,STR_012,2025-01-12,3,602.1,0
PRD_EST_040,STR_013,2025-01-12,3,523.3,0
PRD_EST_040,STR_014,2025-01-12,3,491.5,0
PRD_EST_040,STR_015,2025-01-12,3,498.5,0
PRD_EST_040,STR_001,2025-01-19,4,199.6,0
PRD_EST_040,STR_002,2025-01-19,4,211.4,0
PRD_EST_040,STR_003,2025-01-19,4,151.7,0
PRD_EST_040,STR_004,2025-01-19,4,218.7,0
PRD_EST_040,STR_005,2025-01-19,4,220.5,0
PRD_EST_040,STR_006,2025-01-19,4,205.5,0
PRD_EST_040,STR_007,2025-01-19,4,179.4,0
PRD_EST_040,STR_008,2025-01-19,4,199.8,0
PRD_EST_040,STR_009,2025-01-19,4,146.9,0
PRD_EST_040,STR_010,2025-01-19,4,213.4,0
PRD_EST_040,STR_011,2025-01-19,4,240.9,0
PRD_EST_040,STR_012,2025-01-19,4,249.1,0
PRD_EST_040,STR_013,2025-01-19,4,222.5,0
PRD_EST_040,STR_014,2025-01-19,4,250.3,0
PRD_EST_040,STR_015,2025-01-19,4,231.0,0
PRD_EST_040,STR_001,2025-01-26,5,181.2,0
PRD_EST_040,STR_002,2025-01-26,5,172.8,0
PRD_EST_040,STR_003,2025-01-26,5,182.0,0
PRD_EST_040,STR_004,2025-01-26,5,185.7,0
PRD_EST_040,STR_005,2025-01-26,5,179.8,0
PRD_EST_040,STR_006,2025-01-26,5,177.6,0
PRD_EST_040,STR_007,2025-01-26,5,175.5,0
PRD_EST_040,STR_008,2025-01-26,5,168.4,0
PRD_EST_040,STR_009,2025-01-26,5,176.7,0
PRD_EST_040,STR_010,2025-01-26,5,182.4,0
PRD_EST_040,STR_011,2025-01-26,5,194.5,0
PRD_EST_040,STR_012,2025-01-26,5,237.2,0
PRD_EST_040,STR_013,2025-01-26,5,208.1,0
PRD_EST_040,STR_014,2025-01-26,5,199.6,0
PRD_EST_040,STR_015,2025-01-26,5,186.1,0
PRD_EST_040,STR_001,2025-02-02,6,184.6,0
PRD_EST_040,STR_002,2025-02-02,6,196.8,0
PRD_EST_040,STR_003,2025-02-02,6,183.0,0
PRD_EST_040,STR_004,2025-02-02,6,198.7,0
PRD_EST_040,STR_005,2025-02-02,6,204.2,0
PRD_EST_040,STR_006,2025-02-02,6,183.6,0
PRD_EST_040,STR_007,2025-02-02,6,154.9,0
PRD_EST_040,STR_008,2025-02-02,6,176.0,0
PRD_EST_040,STR_009,2025-02-02,6,167.3,0
PRD_EST_040,STR_010,2025-02-02,6,181.8,0
PRD_EST_040,STR_011,2025-02-02,6,214.1,0
PRD_EST_040,STR_012,2025-02-02,6,221.4,0
PRD_EST_040,STR_013,2025-02-02,6,182.2,0
PRD_EST_040,STR_014,2025-02-02,6,184.8,0
PRD_EST_040,STR_015,2025-02-02,6,203.4,0
PRD_EST_040,STR_001,2025-02-09,7,225.4,0
PRD_EST_040,STR_002,2025-02-09,7,215.0,0
PRD_EST_040,STR_003,2025-02-09,7,240.6,0
PRD_EST_040,STR_004,2025-02-09,7,226.5,0
PRD_EST_040,STR_005,2025-02-09,7,221.5,0
PRD_EST_040,STR_006,2025-02-09,7,211.4,0
PRD_EST_040,STR_007,2025-02-09,7,198.5,0
PRD_EST_040,STR_008,2025-02-09,7,218.4,0
PRD_EST_040,STR_009,2025-02-09,7,196.2,0
PRD_EST_040,STR_010,2025-02-09,7,225.4,0
PRD_EST_040,STR_011,2025-02-09,7,235.1,0
PRD_EST_040,STR_012,2025-02-09,7,264.0,0
PRD_EST_040,STR_013,2025-02-09,7,241.3,0
PRD_EST_040,STR_014,2025-02-09,7,259.4,0
PRD_EST_040,STR_015,2025-02-09,7,258.1,0
PRD_EST_040,STR_001,2025-02-16,8,179.8,0
PRD_EST_040,STR_002,2025-02-16,8,175.4,0
PRD_EST_040,STR_003,2025-02-16,8,196.4,0
PRD_EST_040,STR_004,2025-02-16,8,190.0,0
PRD_EST_040,STR_005,2025-02-16,8,194.1,0
PRD_EST_040,STR_006,2025-02-16,8,167.7,0
PRD_EST_040,STR_007,2025-02-16,8,161.5,0
PRD_EST_040,STR_008,2025-02-16,8,189.1,0
PRD_EST_040,STR_009,2025-02-16,8,184.1,0
PRD_EST_040,STR_010,2025-02-16,8,173.6,0
PRD_EST_040,STR_011,2025-02-16,8,211.7,0
PRD_EST_040,STR_012,2025-02-16,8,222.7,0
PRD_EST_040,STR_013,2025-02-16,8,211.6,0
PRD_EST_040,STR_014,2025-02-16,8,209.9,0
PRD_EST_040,STR_015,2025-02-16,8,193.4,0
PRD_EST_041,STR_001,2025-10-11,1,357.7,0
PRD_EST_041,STR_002,2025-10-11,1,417.3,0
PRD_EST_041,STR_003,2025-10-11,1,404.6,0
PRD_EST_041,STR_004,2025-10-11,1,379.0,0
PRD_EST_041,STR_005,2025-10-11,1,408.3,0
PRD_EST_041,STR_006,2025-10-11,1,387.1,0
PRD_EST_041,STR_007,2025-10-11,1,341.2,0
PRD_EST_041,STR_008,2025-10-11,1,370.6,0
PRD_EST_041,STR_009,2025-10-11,1,375.2,0
PRD_EST_041,STR_010,2025-10-11,1,404.5,0
PRD_EST_041,STR_011,2025-10-11,1,402.3,0
PRD_EST_041,STR_012,2025-10-11,1,446.2,0
PRD_EST_041,STR_013,2025-10-11,1,402.3,0
PRD_EST_041,STR_014,2025-10-11,1,422.2,0
PRD_EST_041,STR_015,2025-10-11,1,387.9,0
PRD_EST_041,STR_001,2025-10-18,2,309.6,0
PRD_EST_041,STR_002,2025-10-18,2,313.4,0
PRD_EST_041,STR_003,2025-10-18,2,288.1,0
PRD_EST_041,STR_004,2025-10-18,2,313.5,0
PRD_EST_041,STR_005,2025-10-18,2,315.2,0
PRD_EST_041,STR_006,2025-10-18,2,256.8,0
PRD_EST_041,STR_007,2025-10-18,2,243.7,0
PRD_EST_041,STR_008,2025-10-18,2,270.5,0
PRD_EST_041,STR_009,2025-10-18,2,298.1,0
PRD_EST_041,STR_010,2025-10-18,2,313.4,0
PRD_EST_041,STR_011,2025-10-18,2,325.5,0
PRD_EST_041,STR_012,2025-10-18,2,368.4,0
PRD_EST_041,STR_013,2025-10-18,2,333.5,0
PRD_EST_041,STR_014,2025-10-18,2,316.1,0
PRD_EST_041,STR_015,2025-10-18,2,319.9,0
PRD_EST_041,STR_001,2025-10-25,3,248.4,0
PRD_EST_041,STR_002,2025-10-25,3,233.8,0
PRD_EST_041,STR_003,2025-10-25,3,228.9,0
PRD_EST_041,STR_004,2025-10-25,3,245.4,0
PRD_EST_041,STR_005,2025-10-25,3,280.4,0
PRD_EST_041,STR_006,2025-10-25,3,211.9,0
PRD_EST_041,STR_007,2025-10-25,3,225.5,0
PRD_EST_041,STR_008,2025-10-25,3,233.4,0
PRD_EST_041,STR_009,2025-10-25,3,230.1,0
PRD_EST_041,STR_010,2025-10-25,3,258.2,0
PRD_EST_041,STR_011,2025-10-25,3,273.4,0
PRD_EST_041,STR_012,2025-10-25,3,293.6,0
PRD_EST_041,STR_013,2025-10-25,3,265.2,0
PRD_EST_041,STR_014,2025-10-25,3,246.6,0
PRD_EST_041,STR_015,2025-10-25,3,263.1,0
PRD_EST_041,STR_001,2025-11-01,4,196.3,0
PRD_EST_041,STR_002,2025-11-01,4,206.9,0
PRD_EST_041,STR_003,2025-11-01,4,185.5,0
PRD_EST_041,STR_004,2025-11-01,4,190.3,0
PRD_EST_041,STR_005,2025-11-01,4,203.0,0
PRD_EST_041,STR_006,2025-11-01,4,194.3,0
PRD_EST_041,STR_007,2025-11-01,4,164.4,0
PRD_EST_041,STR_008,2025-11-01,4,175.3,0
PRD_EST_041,STR_009,2025-11-01,4,176.5,0
PRD_EST_041,STR_010,2025-11-01,4,193.6,0
PRD_EST_041,STR_011,2025-11-01,4,229.7,0
PRD_EST_041,STR_012,2025-11-01,4,231.6,0
PRD_EST_041,STR_013,2025-11-01,4,199.9,0
PRD_EST_041,STR_014,2025-11-01,4,212.2,0
PRD_EST_041,STR_015,2025-11-01,4,225.9,0
PRD_EST_041,STR_001,2025-11-08,5,227.1,0
PRD_EST_041,STR_002,2025-11-08,5,238.9,0
PRD_EST_041,STR_003,2025-11-08,5,217.5,0
PRD_EST_041,STR_004,2025-11-08,5,223.7,0
PRD_EST_041,STR_005,2025-11-08,5,254.1,0
PRD_EST_041,STR_006,2025-11-08,5,215.5,0
PRD_EST_041,STR_007,2025-11-08,5,216.1,0
PRD_EST_041,STR_008,2025-11-08,5,227.9,0
PRD_EST_041,STR_009,2025-11-08,5,220.4,0
PRD_EST_041,STR_010,2025-11-08,5,221.8,0
PRD_EST_041,STR_011,2025-11-08,5,259.3,0
PRD_EST_041,STR_012,2025-11-08,5,285.3,0
PRD_EST_041,STR_013,2025-11-08,5,226.1,0
PRD_EST_041,STR_014,2025-11-08,5,249.9,0
PRD_EST_041,STR_015,2025-11-08,5,259.5,0
PRD_EST_041,STR_001,2025-11-15,6,198.1,0
PRD_EST_041,STR_002,2025-11-15,6,217.8,0
PRD_EST_041,STR_003,2025-11-15,6,212.8,0
PRD_EST_041,STR_004,2025-11-15,6,226.2,0
PRD_EST_041,STR_005,2025-11-15,6,225.6,0
PRD_EST_041,STR_006,2025-11-15,6,216.2,0
PRD_EST_041,STR_007,2025-11-15,6,181.0,0
PRD_EST_041,STR_008,2025-11-15,6,193.9,0
PRD_EST_041,STR_009,2025-11-15,6,193.8,0
PRD_EST_041,STR_010,2025-11-15,6,206.4,0
PRD_EST_041,STR_011,2025-11-15,6,253.9,0
PRD_EST_041,STR_012,2025-11-15,6,267.3,0
PRD_EST_041,STR_013,2025-11-15,6,241.3,0
PRD_EST_041,STR_014,2025-11-15,6,234.9,0
PRD_EST_041,STR_015,2025-11-15,6,235.1,0
PRD_EST_041,STR_001,2025-11-22,7,224.8,0
PRD_EST_041,STR_002,2025-11-22,7,234.7,0
PRD_EST_041,STR_003,2025-11-22,7,211.6,0
PRD_EST_041,STR_004,2025-11-22,7,233.9,0
PRD_EST_041,STR_005,2025-11-22,7,224.1,0
PRD_EST_041,STR_006,2025-11-22,7,221.4,0
PRD_EST_041,STR_007,2025-11-22,7,214.3,0
PRD_EST_041,STR_008,2025-11-22,7,212.4,0
PRD_EST_041,STR_009,2025-11-22,7,204.3,0
PRD_EST_041,STR_010,2025-11-22,7,220.5,0
PRD_EST_041,STR_011,2025-11-22,7,260.4,0
PRD_EST_041,STR_012,2025-11-22,7,289.6,0
PRD_EST_041,STR_013,2025-11-22,7,241.6,0
PRD_EST_041,STR_014,2025-11-22,7,253.1,0
PRD_EST_041,STR_015,2025-11-22,7,236.7,0
PRD_EST_041,STR_001,2025-11-29,8,254.9,0
PRD_EST_041,STR_002,2025-11-29,8,230.5,0
PRD_EST_041,STR_003,2025-11-29,8,261.9,0
PRD_EST_041,STR_004,2025-11-29,8,248.7,0
PRD_EST_041,STR_005,2025-11-29,8,281.0,0
PRD_EST_041,STR_006,2025-11-29,8,219.6,0
PRD_EST_041,STR_007,2025-11-29,8,212.2,0
PRD_EST_041,STR_008,2025-11-29,8,221.5,0
PRD_EST_041,STR_009,2025-11-29,8,219.1,0
PRD_EST_041,STR_010,2025-11-29,8,232.5,0
PRD_EST_041,STR_011,2025-11-29,8,282.4,0
PRD_EST_041,STR_012,2025-11-29,8,315.1,0
PRD_EST_041,STR_013,2025-11-29,8,245.3,0
PRD_EST_041,STR_014,2025-11-29,8,280.3,0
PRD_EST_041,STR_015,2025-11-29,8,279.6,0
PRD_EST_042,STR_001,2026-01-30,1,59.4,0
PRD_EST_042,STR_002,2026-01-30,1,53.6,0
PRD_EST_042,STR_003,2026-01-30,1,59.8,0
PRD_EST_042,STR_004,2026-01-30,1,55.7,0
PRD_EST_042,STR_005,2026-01-30,1,58.5,0
PRD_EST_042,STR_006,2026-01-30,1,49.1,0
PRD_EST_042,STR_007,2026-01-30,1,52.8,0
PRD_EST_042,STR_008,2026-01-30,1,56.9,0
PRD_EST_042,STR_009,2026-01-30,1,56.3,0
PRD_EST_042,STR_010,2026-01-30,1,54.9,0
PRD_EST_042,STR_011,2026-01-30,1,58.4,0
PRD_EST_042,STR_012,2026-01-30,1,68.0,0
PRD_EST_042,STR_013,2026-01-30,1,61.5,0
PRD_EST_042,STR_014,2026-01-30,1,58.1,0
PRD_EST_042,STR_015,2026-01-30,1,61.2,0
PRD_EST_042,STR_001,2026-02-06,2,50.7,0
PRD_EST_042,STR_002,2026-02-06,2,55.5,0
PRD_EST_042,STR_003,2026-02-06,2,50.5,0
PRD_EST_042,STR_004,2026-02-06,2,54.6,0
PRD_EST_042,STR_005,2026-02-06,2,55.5,0
PRD_EST_042,STR_006,2026-02-06,2,49.4,0
PRD_EST_042,STR_007,2026-02-06,2,51.9,0
PRD_EST_042,STR_008,2026-02-06,2,52.1,0
PRD_EST_042,STR_009,2026-02-06,2,55.0,0
PRD_EST_042,STR_010,2026-02-06,2,51.3,0
PRD_EST_042,STR_011,2026-02-06,2,57.4,0
PRD_EST_042,STR_012,2026-02-06,2,66.3,0
PRD_EST_042,STR_013,2026-02-06,2,59.7,0
PRD_EST_042,STR_014,2026-02-06,2,57.7,0
PRD_EST_042,STR_015,2026-02-06,2,59.8,0
PRD_EST_042,STR_001,2026-02-13,3,38.0,0
PRD_EST_042,STR_002,2026-02-13,3,41.6,0
PRD_EST_042,STR_003,2026-02-13,3,36.8,0
PRD_EST_042,STR_004,2026-02-13,3,39.5,0
PRD_EST_042,STR_005,2026-02-13,3,40.5,0
PRD_EST_042,STR_006,2026-02-13,3,34.6,0
PRD_EST_042,STR_007,2026-02-13,3,33.0,0
PRD_EST_042,STR_008,2026-02-13,3,34.4,0
PRD_EST_042,STR_009,2026-02-13,3,39.0,0
PRD_EST_042,STR_010,2026-02-13,3,36.4,0
PRD_EST_042,STR_011,2026-02-13,3,39.9,0
PRD_EST_042,STR_012,2026-02-13,3,44.1,0
PRD_EST_042,STR_013,2026-02-13,3,42.6,0
PRD_EST_042,STR_014,2026-02-13,3,43.1,0
PRD_EST_042,STR_015,2026-02-13,3,42.1,0
PRD_EST_042,STR_001,2026-02-20,4,30.3,0
PRD_EST_042,STR_002,2026-02-20,4,32.1,0
PRD_EST_042,STR_003,2026-02-20,4,31.0,0
PRD_EST_042,STR_004,2026-02-20,4,33.3,0
PRD_EST_042,STR_005,2026-02-20,4,35.8,0
PRD_EST_042,STR_006,2026-02-20,4,29.9,0
PRD_EST_042,STR_007,2026-02-20,4,31.6,0
PRD_EST_042,STR_008,2026-02-20,4,30.9,0
PRD_EST_042,STR_009,2026-02-20,4,31.1,0
PRD_EST_042,STR_010,2026-02-20,4,31.9,0
PRD_EST_042,STR_011,2026-02-20,4,38.4,0
PRD_EST_042,STR_012,2026-02-20,4,37.9,0
PRD_EST_042,STR_013,2026-02-20,4,32.4,0
PRD_EST_042,STR_014,2026-02-20,4,37.5,0
PRD_EST_042,STR_015,2026-02-20,4,35.4,0
PRD_EST_042,STR_001,2026-02-27,5,36.1,0
PRD_EST_042,STR_002,2026-02-27,5,33.7,0
PRD_EST_042,STR_003,2026-02-27,5,38.3,0
PRD_EST_042,STR_004,2026-02-27,5,37.0,0
PRD_EST_042,STR_005,2026-02-27,5,35.4,0
PRD_EST_042,STR_006,2026-02-27,5,32.8,0
PRD_EST_042,STR_007,2026-02-27,5,32.4,0
PRD_EST_042,STR_008,2026-02-27,5,31.3,0
PRD_EST_042,STR_009,2026-02-27,5,31.3,0
PRD_EST_042,STR_010,2026-02-27,5,34.9,0
PRD_EST_042,STR_011,2026-02-27,5,39.6,0
PRD_EST_042,STR_012,2026-02-27,5,40.2,0
PRD_EST_042,STR_013,2026-02-27,5,40.0,0
PRD_EST_042,STR_014,2026-02-27,5,41.1,0
PRD_EST_042,STR_015,2026-02-27,5,35.6,0
PRD_EST_042,STR_001,2026-03-06,6,41.2,0
PRD_EST_042,STR_002,2026-03-06,6,37.7,0
PRD_EST_042,STR_003,2026-03-06,6,39.3,0
PRD_EST_042,STR_004,2026-03-06,6,43.5,0
PRD_EST_042,STR_005,2026-03-06,6,38.7,0
PRD_EST_042,STR_006,2026-03-06,6,38.1,0
PRD_EST_042,STR_007,2026-03-06,6,35.7,0
PRD_EST_042,STR_008,2026-03-06,6,35.3,0
PRD_EST_042,STR_009,2026-03-06,6,37.4,0
PRD_EST_042,STR_010,2026-03-06,6,39.2,0
PRD_EST_042,STR_011,2026-03-06,6,41.0,0
PRD_EST_042,STR_012,2026-03-06,6,48.9,0
PRD_EST_042,STR_013,2026-03-06,6,41.7,0
PRD_EST_042,STR_014,2026-03-06,6,41.0,0
PRD_EST_042,STR_015,2026-03-06,6,41.5,0
PRD_EST_042,STR_001,2026-03-13,7,37.4,0
PRD_EST_042,STR_002,2026-03-13,7,36.6,0
PRD_EST_042,STR_003,2026-03-13,7,37.1,0
PRD_EST_042,STR_004,2026-03-13,7,37.5,0
PRD_EST_042,STR_005,2026-03-13,7,41.4,0
PRD_EST_042,STR_006,2026-03-13,7,32.6,0
PRD_EST_042,STR_007,2026-03-13,7,31.8,0
PRD_EST_042,STR_008,2026-03-13,7,35.2,0
PRD_EST_042,STR_009,2026-03-13,7,35.5,0
PRD_EST_042,STR_010,2026-03-13,7,35.0,0
PRD_EST_042,STR_011,2026-03-13,7,38.3,0
PRD_EST_042,STR_012,2026-03-13,7,41.8,0
PRD_EST_042,STR_013,2026-03-13,7,36.6,0
PRD_EST_042,STR_014,2026-03-13,7,41.2,0
PRD_EST_042,STR_015,2026-03-13,7,43.1,0
PRD_EST_042,STR_001,2026-03-20,8,43.7,0
PRD_EST_042,STR_002,2026-03-20,8,46.3,0
PRD_EST_042,STR_003,2026-03-20,8,42.5,0
PRD_EST_042,STR_004,2026-03-20,8,47.9,0
PRD_EST_042,STR_005,2026-03-20,8,44.9,0
PRD_EST_042,STR_006,2026-03-20,8,39.2,0
PRD_EST_042,STR_007,2026-03-20,8,41.7,0
PRD_EST_042,STR_008,2026-03-20,8,44.4,0
PRD_EST_042,STR_009,2026-03-20,8,44.0,0
PRD_EST_042,STR_010,2026-03-20,8,42.9,0
PRD_EST_042,STR_011,2026-03-20,8,50.8,0
PRD_EST_042,STR_012,2026-03-20,8,54.4,0
PRD_EST_042,STR_013,2026-03-20,8,45.7,0
PRD_EST_042,STR_014,2026-03-20,8,47.3,0
PRD_EST_042,STR_015,2026-03-20,8,51.3,0
PRD_EST_043,STR_001,2025-01-19,1,433.7,1
PRD_EST_043,STR_002,2025-01-19,1,401.5,1
PRD_EST_043,STR_003,2025-01-19,1,428.2,1
PRD_EST_043,STR_004,2025-01-19,1,389.0,1
PRD_EST_043,STR_005,2025-01-19,1,374.5,1
PRD_EST_043,STR_006,2025-01-19,1,360.5,1
PRD_EST_043,STR_007,2025-01-19,1,368.3,1
PRD_EST_043,STR_008,2025-01-19,1,367.3,1
PRD_EST_043,STR_009,2025-01-19,1,398.1,1
PRD_EST_043,STR_010,2025-01-19,1,425.2,1
PRD_EST_043,STR_011,2025-01-19,1,469.1,1
PRD_EST_043,STR_012,2025-01-19,1,506.9,1
PRD_EST_043,STR_013,2025-01-19,1,392.1,1
PRD_EST_043,STR_014,2025-01-19,1,424.6,1
PRD_EST_043,STR_015,2025-01-19,1,446.9,1
PRD_EST_043,STR_001,2025-01-26,2,285.1,1
PRD_EST_043,STR_002,2025-01-26,2,293.2,1
PRD_EST_043,STR_003,2025-01-26,2,315.5,1
PRD_EST_043,STR_004,2025-01-26,2,280.8,1
PRD_EST_043,STR_005,2025-01-26,2,274.8,1
PRD_EST_043,STR_006,2025-01-26,2,265.5,1
PRD_EST_043,STR_007,2025-01-26,2,253.7,1
PRD_EST_043,STR_008,2025-01-26,2,256.3,1
PRD_EST_043,STR_009,2025-01-26,2,254.1,1
PRD_EST_043,STR_010,2025-01-26,2,309.2,1
PRD_EST_043,STR_011,2025-01-26,2,314.6,1
PRD_EST_043,STR_012,2025-01-26,2,368.4,1
PRD_EST_043,STR_013,2025-01-26,2,257.5,1
PRD_EST_043,STR_014,2025-01-26,2,302.2,1
PRD_EST_043,STR_015,2025-01-26,2,307.9,1
PRD_EST_043,STR_001,2025-02-02,3,179.2,0
PRD_EST_043,STR_002,2025-02-02,3,188.8,0
PRD_EST_043,STR_003,2025-02-02,3,189.2,0
PRD_EST_043,STR_004,2025-02-02,3,177.6,0
PRD_EST_043,STR_005,2025-02-02,3,190.6,0
PRD_EST_043,STR_006,2025-02-02,3,156.2,0
PRD_EST_043,STR_007,2025-02-02,3,176.5,0
PRD_EST_043,STR_008,2025-02-02,3,185.7,0
PRD_EST_043,STR_009,2025-02-02,3,192.8,0
PRD_EST_043,STR_010,2025-02-02,3,180.2,0
PRD_EST_043,STR_011,2025-02-02,3,206.2,0
PRD_EST_043,STR_012,2025-02-02,3,228.0,0
PRD_EST_043,STR_013,2025-02-02,3,169.7,0
PRD_EST_043,STR_014,2025-02-02,3,182.5,0
PRD_EST_043,STR_015,2025-02-02,3,207.2,0
PRD_EST_043,STR_001,2025-02-09,4,212.8,0
PRD_EST_043,STR_002,2025-02-09,4,205.6,0
PRD_EST_043,STR_003,2025-02-09,4,216.4,0
PRD_EST_043,STR_004,2025-02-09,4,184.0,0
PRD_EST_043,STR_005,2025-02-09,4,201.2,0
PRD_EST_043,STR_006,2025-02-09,4,173.4,0
PRD_EST_043,STR_007,2025-02-09,4,195.1,0
PRD_EST_043,STR_008,2025-02-09,4,188.4,0
PRD_EST_043,STR_009,2025-02-09,4,186.6,0
PRD_EST_043,STR_010,2025-02-09,4,205.7,0
PRD_EST_043,STR_011,2025-02-09,4,234.5,0
PRD_EST_043,STR_012,2025-02-09,4,230.1,0
PRD_EST_043,STR_013,2025-02-09,4,198.5,0
PRD_EST_043,STR_014,2025-02-09,4,192.0,0
PRD_EST_043,STR_015,2025-02-09,4,219.1,0
PRD_EST_043,STR_001,2025-02-16,5,197.7,0
PRD_EST_043,STR_002,2025-02-16,5,186.8,0
PRD_EST_043,STR_003,2025-02-16,5,195.3,0
PRD_EST_043,STR_004,2025-02-16,5,176.2,0
PRD_EST_043,STR_005,2025-02-16,5,182.1,0
PRD_EST_043,STR_006,2025-02-16,5,161.1,0
PRD_EST_043,STR_007,2025-02-16,5,180.2,0
PRD_EST_043,STR_008,2025-02-16,5,189.5,0
PRD_EST_043,STR_009,2025-02-16,5,188.8,0
PRD_EST_043,STR_010,2025-02-16,5,192.8,0
PRD_EST_043,STR_011,2025-02-16,5,203.5,0
PRD_EST_043,STR_012,2025-02-16,5,215.0,0
PRD_EST_043,STR_013,2025-02-16,5,196.5,0
PRD_EST_043,STR_014,2025-02-16,5,182.9,0
PRD_EST_043,STR_015,2025-02-16,5,197.4,0
PRD_EST_043,STR_001,2025-02-23,6,204.7,0
PRD_EST_043,STR_002,2025-02-23,6,186.2,0
PRD_EST_043,STR_003,2025-02-23,6,210.2,0
PRD_EST_043,STR_004,2025-02-23,6,175.0,0
PRD_EST_043,STR_005,2025-02-23,6,186.1,0
PRD_EST_043,STR_006,2025-02-23,6,155.9,0
PRD_EST_043,STR_007,2025-02-23,6,185.9,0
PRD_EST_043,STR_008,2025-02-23,6,187.5,0
PRD_EST_043,STR_009,2025-02-23,6,177.4,0
PRD_EST_043,STR_010,2025-02-23,6,208.6,0
PRD_EST_043,STR_011,2025-02-23,6,224.2,0
PRD_EST_043,STR_012,2025-02-23,6,233.2,0
PRD_EST_043,STR_013,2025-02-23,6,198.3,0
PRD_EST_043,STR_014,2025-02-23,6,191.0,0
PRD_EST_043,STR_015,2025-02-23,6,215.9,0
PRD_EST_043,STR_001,2025-03-02,7,193.6,0
PRD_EST_043,STR_002,2025-03-02,7,202.4,0
PRD_EST_043,STR_003,2025-03-02,7,209.8,0
PRD_EST_043,STR_004,2025-03-02,7,191.8,0
PRD_EST_043,STR_005,2025-03-02,7,205.6,0
PRD_EST_043,STR_006,2025-03-02,7,164.1,0
PRD_EST_043,STR_007,2025-03-02,7,169.0,0
PRD_EST_043,STR_008,2025-03-02,7,200.7,0
PRD_EST_043,STR_009,2025-03-02,7,203.2,0
PRD_EST_043,STR_010,2025-03-02,7,208.2,0
PRD_EST_043,STR_011,2025-03-02,7,215.6,0
PRD_EST_043,STR_012,2025-03-02,7,267.0,0
PRD_EST_043,STR_013,2025-03-02,7,202.8,0
PRD_EST_043,STR_014,2025-03-02,7,198.3,0
PRD_EST_043,STR_015,2025-03-02,7,237.0,0
PRD_EST_043,STR_001,2025-03-09,8,215.7,0
PRD_EST_043,STR_002,2025-03-09,8,220.9,0
PRD_EST_043,STR_003,2025-03-09,8,226.3,0
PRD_EST_043,STR_004,2025-03-09,8,201.7,0
PRD_EST_043,STR_005,2025-03-09,8,210.3,0
PRD_EST_043,STR_006,2025-03-09,8,186.1,0
PRD_EST_043,STR_007,2025-03-09,8,193.8,0
PRD_EST_043,STR_008,2025-03-09,8,200.6,0
PRD_EST_043,STR_009,2025-03-09,8,191.2,0
PRD_EST_043,STR_010,2025-03-09,8,204.8,0
PRD_EST_043,STR_011,2025-03-09,8,245.5,0
PRD_EST_043,STR_012,2025-03-09,8,253.9,0
PRD_EST_043,STR_013,2025-03-09,8,203.8,0
PRD_EST_043,STR_014,2025-03-09,8,204.2,0
PRD_EST_043,STR_015,2025-03-09,8,246.0,0
PRD_EST_044,STR_001,2025-04-05,1,79.1,1
PRD_EST_044,STR_002,2025-04-05,1,75.6,1
PRD_EST_044,STR_003,2025-04-05,1,76.8,1
PRD_EST_044,STR_004,2025-04-05,1,98.2,1
PRD_EST_044,STR_005,2025-04-05,1,103.7,1
PRD_EST_044,STR_006,2025-04-05,1,82.2,1
PRD_EST_044,STR_007,2025-04-05,1,64.0,1
PRD_EST_044,STR_008,2025-04-05,1,67.7,1
PRD_EST_044,STR_009,2025-04-05,1,68.3,1
PRD_EST_044,STR_010,2025-04-05,1,79.7,1
PRD_EST_044,STR_011,2025-04-05,1,85.7,1
PRD_EST_044,STR_012,2025-04-05,1,87.1,1
PRD_EST_044,STR_013,2025-04-05,1,105.9,1
PRD_EST_044,STR_014,2025-04-05,1,109.9,1
PRD_EST_044,STR_015,2025-04-05,1,81.7,1
PRD_EST_044,STR_001,2025-04-12,2,61.6,1
PRD_EST_044,STR_002,2025-04-12,2,71.3,1
PRD_EST_044,STR_003,2025-04-12,2,63.0,1
PRD_EST_044,STR_004,2025-04-12,2,89.4,1
PRD_EST_044,STR_005,2025-04-12,2,95.1,1
PRD_EST_044,STR_006,2025-04-12,2,83.8,1
PRD_EST_044,STR_007,2025-04-12,2,59.1,1
PRD_EST_044,STR_008,2025-04-12,2,62.3,1
PRD_EST_044,STR_009,2025-04-12,2,64.6,1
PRD_EST_044,STR_010,2025-04-12,2,63.0,1
PRD_EST_044,STR_011,2025-04-12,2,79.4,1
PRD_EST_044,STR_012,2025-04-12,2,84.4,1
PRD_EST_044,STR_013,2025-04-12,2,83.8,1
PRD_EST_044,STR_014,2025-04-12,2,85.2,1
PRD_EST_044,STR_015,2025-04-12,2,75.4,1
PRD_EST_044,STR_001,2025-04-19,3,47.2,0
PRD_EST_044,STR_002,2025-04-19,3,44.7,0
PRD_EST_044,STR_003,2025-04-19,3,46.9,0
PRD_EST_044,STR_004,2025-04-19,3,62.4,0
PRD_EST_044,STR_005,2025-04-19,3,63.5,0
PRD_EST_044,STR_006,2025-04-19,3,50.0,0
PRD_EST_044,STR_007,2025-04-19,3,42.1,0
PRD_EST_044,STR_008,2025-04-19,3,40.4,0
PRD_EST_044,STR_009,2025-04-19,3,39.1,0
PRD_EST_044,STR_010,2025-04-19,3,46.8,0
PRD_EST_044,STR_011,2025-04-19,3,47.7,0
PRD_EST_044,STR_012,2025-04-19,3,54.6,0
PRD_EST_044,STR_013,2025-04-19,3,57.8,0
PRD_EST_044,STR_014,2025-04-19,3,62.4,0
PRD_EST_044,STR_015,2025-04-19,3,46.0,0
PRD_EST_044,STR_001,2025-04-26,4,39.9,0
PRD_EST_044,STR_002,2025-04-26,4,38.5,0
PRD_EST_044,STR_003,2025-04-26,4,38.7,0
PRD_EST_044,STR_004,2025-04-26,4,57.3,0
PRD_EST_044,STR_005,2025-04-26,4,53.9,0
PRD_EST_044,STR_006,2025-04-26,4,45.8,0
PRD_EST_044,STR_007,2025-04-26,4,36.9,0
PRD_EST_044,STR_008,2025-04-26,4,38.6,0
PRD_EST_044,STR_009,2025-04-26,4,37.4,0
PRD_EST_044,STR_010,2025-04-26,4,43.8,0
PRD_EST_044,STR_011,2025-04-26,4,43.6,0
PRD_EST_044,STR_012,2025-04-26,4,48.8,0
PRD_EST_044,STR_013,2025-04-26,4,55.5,0
PRD_EST_044,STR_014,2025-04-26,4,59.1,0
PRD_EST_044,STR_015,2025-04-26,4,46.7,0
PRD_EST_044,STR_001,2025-05-03,5,41.9,0
PRD_EST_044,STR_002,2025-05-03,5,38.7,0
PRD_EST_044,STR_003,2025-05-03,5,41.0,0
PRD_EST_044,STR_004,2025-05-03,5,54.3,0
PRD_EST_044,STR_005,2025-05-03,5,48.7,0
PRD_EST_044,STR_006,2025-05-03,5,49.7,0
PRD_EST_044,STR_007,2025-05-03,5,35.8,0
PRD_EST_044,STR_008,2025-05-03,5,39.5,0
PRD_EST_044,STR_009,2025-05-03,5,37.9,0
PRD_EST_044,STR_010,2025-05-03,5,42.4,0
PRD_EST_044,STR_011,2025-05-03,5,44.8,0
PRD_EST_044,STR_012,2025-05-03,5,50.1,0
PRD_EST_044,STR_013,2025-05-03,5,50.0,0
PRD_EST_044,STR_014,2025-05-03,5,53.7,0
PRD_EST_044,STR_015,2025-05-03,5,41.3,0
PRD_EST_044,STR_001,2025-05-10,6,47.6,0
PRD_EST_044,STR_002,2025-05-10,6,43.9,0
PRD_EST_044,STR_003,2025-05-10,6,47.1,0
PRD_EST_044,STR_004,2025-05-10,6,55.0,0
PRD_EST_044,STR_005,2025-05-10,6,63.3,0
PRD_EST_044,STR_006,2025-05-10,6,55.4,0
PRD_EST_044,STR_007,2025-05-10,6,39.2,0
PRD_EST_044,STR_008,2025-05-10,6,45.2,0
PRD_EST_044,STR_009,2025-05-10,6,41.2,0
PRD_EST_044,STR_010,2025-05-10,6,48.3,0
PRD_EST_044,STR_011,2025-05-10,6,47.4,0
PRD_EST_044,STR_012,2025-05-10,6,50.7,0
PRD_EST_044,STR_013,2025-05-10,6,62.2,0
PRD_EST_044,STR_014,2025-05-10,6,57.8,0
PRD_EST_044,STR_015,2025-05-10,6,46.1,0
PRD_EST_044,STR_001,2025-05-17,7,46.3,0
PRD_EST_044,STR_002,2025-05-17,7,47.0,0
PRD_EST_044,STR_003,2025-05-17,7,45.0,0
PRD_EST_044,STR_004,2025-05-17,7,61.0,0
PRD_EST_044,STR_005,2025-05-17,7,61.2,0
PRD_EST_044,STR_006,2025-05-17,7,50.7,0
PRD_EST_044,STR_007,2025-05-17,7,36.3,0
PRD_EST_044,STR_008,2025-05-17,7,44.1,0
PRD_EST_044,STR_009,2025-05-17,7,43.3,0
PRD_EST_044,STR_010,2025-05-17,7,47.1,0
PRD_EST_044,STR_011,2025-05-17,7,48.2,0
PRD_EST_044,STR_012,2025-05-17,7,52.5,0
PRD_EST_044,STR_013,2025-05-17,7,61.3,0
PRD_EST_044,STR_014,2025-05-17,7,61.4,0
PRD_EST_044,STR_015,2025-05-17,7,50.3,0
PRD_EST_044,STR_001,2025-05-24,8,43.5,0
PRD_EST_044,STR_002,2025-05-24,8,44.0,0
PRD_EST_044,STR_003,2025-05-24,8,43.2,0
PRD_EST_044,STR_004,2025-05-24,8,54.7,0
PRD_EST_044,STR_005,2025-05-24,8,54.5,0
PRD_EST_044,STR_006,2025-05-24,8,49.7,0
PRD_EST_044,STR_007,2025-05-24,8,39.1,0
PRD_EST_044,STR_008,2025-05-24,8,41.1,0
PRD_EST_044,STR_009,2025-05-24,8,38.8,0
PRD_EST_044,STR_010,2025-05-24,8,38.7,0
PRD_EST_044,STR_011,2025-05-24,8,42.7,0
PRD_EST_044,STR_012,2025-05-24,8,51.7,0
PRD_EST_044,STR_013,2025-05-24,8,56.3,0
PRD_EST_044,STR_014,2025-05-24,8,59.0,0
PRD_EST_044,STR_015,2025-05-24,8,42.5,0
PRD_EST_045,STR_001,2026-01-31,1,164.5,0
PRD_EST_045,STR_002,2026-01-31,1,154.3,0
PRD_EST_045,STR_003,2026-01-31,1,158.3,0
PRD_EST_045,STR_004,2026-01-31,1,154.9,0
PRD_EST_045,STR_005,2026-01-31,1,146.6,0
PRD_EST_045,STR_006,2026-01-31,1,137.6,0
PRD_EST_045,STR_007,2026-01-31,1,148.8,0
PRD_EST_045,STR_008,2026-01-31,1,157.4,0
PRD_EST_045,STR_009,2026-01-31,1,141.3,0
PRD_EST_045,STR_010,2026-01-31,1,156.7,0
PRD_EST_045,STR_011,2026-01-31,1,165.7,0
PRD_EST_045,STR_012,2026-01-31,1,203.6,0
PRD_EST_045,STR_013,2026-01-31,1,161.6,0
PRD_EST_045,STR_014,2026-01-31,1,163.5,0
PRD_EST_045,STR_015,2026-01-31,1,163.6,0
PRD_EST_045,STR_001,2026-02-07,2,134.5,0
PRD_EST_045,STR_002,2026-02-07,2,135.4,0
PRD_EST_045,STR_003,2026-02-07,2,129.8,0
PRD_EST_045,STR_004,2026-02-07,2,121.6,0
PRD_EST_045,STR_005,2026-02-07,2,129.6,0
PRD_EST_045,STR_006,2026-02-07,2,114.7,0
PRD_EST_045,STR_007,2026-02-07,2,107.5,0
PRD_EST_045,STR_008,2026-02-07,2,123.7,0
PRD_EST_045,STR_009,2026-02-07,2,112.2,0
PRD_EST_045,STR_010,2026-02-07,2,124.8,0
PRD_EST_045,STR_011,2026-02-07,2,137.8,0
PRD_EST_045,STR_012,2026-02-07,2,147.5,0
PRD_EST_045,STR_013,2026-02-07,2,112.5,0
PRD_EST_045,STR_014,2026-02-07,2,120.4,0
PRD_EST_045,STR_015,2026-02-07,2,146.4,0
PRD_EST_045,STR_001,2026-02-14,3,83.1,0
PRD_EST_045,STR_002,2026-02-14,3,92.6,0
PRD_EST_045,STR_003,2026-02-14,3,88.5,0
PRD_EST_045,STR_004,2026-02-14,3,89.7,0
PRD_EST_045,STR_005,2026-02-14,3,85.2,0
PRD_EST_045,STR_006,2026-02-14,3,77.3,0
PRD_EST_045,STR_007,2026-02-14,3,74.8,0
PRD_EST_045,STR_008,2026-02-14,3,87.4,0
PRD_EST_045,STR_009,2026-02-14,3,79.4,0
PRD_EST_045,STR_010,2026-02-14,3,94.6,0
PRD_EST_045,STR_011,2026-02-14,3,102.7,0
PRD_EST_045,STR_012,2026-02-14,3,104.5,0
PRD_EST_045,STR_013,2026-02-14,3,84.9,0
PRD_EST_045,STR_014,2026-02-14,3,81.6,0
PRD_EST_045,STR_015,2026-02-14,3,101.8,0
PRD_EST_045,STR_001,2026-02-21,4,86.3,0
PRD_EST_045,STR_002,2026-02-21,4,92.7,0
PRD_EST_045,STR_003,2026-02-21,4,82.9,0
PRD_EST_045,STR_004,2026-02-21,4,83.0,0
PRD_EST_045,STR_005,2026-02-21,4,81.3,0
PRD_EST_045,STR_006,2026-02-21,4,71.2,0
PRD_EST_045,STR_007,2026-02-21,4,72.1,0
PRD_EST_045,STR_008,2026-02-21,4,78.5,0
PRD_EST_045,STR_009,2026-02-21,4,77.2,0
PRD_EST_045,STR_010,2026-02-21,4,87.5,0
PRD_EST_045,STR_011,2026-02-21,4,100.6,0
PRD_EST_045,STR_012,2026-02-21,4,101.7,0
PRD_EST_045,STR_013,2026-02-21,4,84.0,0
PRD_EST_045,STR_014,2026-02-21,4,82.7,0
PRD_EST_045,STR_015,2026-02-21,4,85.3,0
PRD_EST_045,STR_001,2026-02-28,5,91.7,0
PRD_EST_045,STR_002,2026-02-28,5,95.7,0
PRD_EST_045,STR_003,2026-02-28,5,101.5,0
PRD_EST_045,STR_004,2026-02-28,5,95.3,0
PRD_EST_045,STR_005,2026-02-28,5,97.7,0
PRD_EST_045,STR_006,2026-02-28,5,85.5,0
PRD_EST_045,STR_007,2026-02-28,5,91.0,0
PRD_EST_045,STR_008,2026-02-28,5,89.4,0
PRD_EST_045,STR_009,2026-02-28,5,86.0,0
PRD_EST_045,STR_010,2026-02-28,5,91.5,0
PRD_EST_045,STR_011,2026-02-28,5,105.3,0
PRD_EST_045,STR_012,2026-02-28,5,114.0,0
PRD_EST_045,STR_013,2026-02-28,5,99.6,0
PRD_EST_045,STR_014,2026-02-28,5,103.0,0
PRD_EST_045,STR_015,2026-02-28,5,113.5,0
PRD_EST_045,STR_001,2026-03-07,6,120.1,0
PRD_EST_045,STR_002,2026-03-07,6,114.8,0
PRD_EST_045,STR_003,2026-03-07,6,117.5,0
PRD_EST_045,STR_004,2026-03-07,6,98.5,0
PRD_EST_045,STR_005,2026-03-07,6,104.2,0
PRD_EST_045,STR_006,2026-03-07,6,96.8,0
PRD_EST_045,STR_007,2026-03-07,6,97.4,0
PRD_EST_045,STR_008,2026-03-07,6,105.0,0
PRD_EST_045,STR_009,2026-03-07,6,103.4,0
PRD_EST_045,STR_010,2026-03-07,6,121.5,0
PRD_EST_045,STR_011,2026-03-07,6,125.4,0
PRD_EST_045,STR_012,2026-03-07,6,138.4,0
PRD_EST_045,STR_013,2026-03-07,6,103.2,0
PRD_EST_045,STR_014,2026-03-07,6,109.6,0
PRD_EST_045,STR_015,2026-03-07,6,130.1,0
PRD_EST_045,STR_001,2026-03-14,7,120.0,0
PRD_EST_045,STR_002,2026-03-14,7,107.7,0
PRD_EST_045,STR_003,2026-03-14,7,111.0,0
PRD_EST_045,STR_004,2026-03-14,7,108.0,0
PRD_EST_045,STR_005,2026-03-14,7,103.4,0
PRD_EST_045,STR_006,2026-03-14,7,90.3,0
PRD_EST_045,STR_007,2026-03-14,7,94.4,0
PRD_EST_045,STR_008,2026-03-14,7,101.7,0
PRD_EST_045,STR_009,2026-03-14,7,113.2,0
PRD_EST_045,STR_010,2026-03-14,7,120.5,0
PRD_EST_045,STR_011,2026-03-14,7,130.7,0
PRD_EST_045,STR_012,2026-03-14,7,147.7,0
PRD_EST_045,STR_013,2026-03-14,7,104.8,0
PRD_EST_045,STR_014,2026-03-14,7,117.6,0
PRD_EST_045,STR_015,2026-03-14,7,125.4,0
PRD_EST_045,STR_001,2026-03-21,8,120.7,0
PRD_EST_045,STR_002,2026-03-21,8,112.7,0
PRD_EST_045,STR_003,2026-03-21,8,113.6,0
PRD_EST_045,STR_004,2026-03-21,8,117.0,0
PRD_EST_045,STR_005,2026-03-21,8,109.0,0
PRD_EST_045,STR_006,2026-03-21,8,106.2,0
PRD_EST_045,STR_007,2026-03-21,8,108.6,0
PRD_EST_045,STR_008,2026-03-21,8,104.5,0
PRD_EST_045,STR_009,2026-03-21,8,115.6,0
PRD_EST_045,STR_010,2026-03-21,8,120.1,0
PRD_EST_045,STR_011,2026-03-21,8,134.8,0
PRD_EST_045,STR_012,2026-03-21,8,131.4,0
PRD_EST_045,STR_013,2026-03-21,8,104.9,0
PRD_EST_045,STR_014,2026-03-21,8,108.6,0
PRD_EST_045,STR_015,2026-03-21,8,116.8,0
PRD_EST_046,STR_001,2025-08-26,1,94.2,0
PRD_EST_046,STR_002,2025-08-26,1,92.9,0
PRD_EST_046,STR_003,2025-08-26,1,94.2,0
PRD_EST_046,STR_004,2025-08-26,1,96.6,0
PRD_EST_046,STR_005,2025-08-26,1,97.3,0
PRD_EST_046,STR_006,2025-08-26,1,86.2,0
PRD_EST_046,STR_007,2025-08-26,1,87.7,0
PRD_EST_046,STR_008,2025-08-26,1,94.6,0
PRD_EST_046,STR_009,2025-08-26,1,86.9,0
PRD_EST_046,STR_010,2025-08-26,1,105.3,0
PRD_EST_046,STR_011,2025-08-26,1,98.7,0
PRD_EST_046,STR_012,2025-08-26,1,123.0,0
PRD_EST_046,STR_013,2025-08-26,1,87.9,0
PRD_EST_046,STR_014,2025-08-26,1,100.9,0
PRD_EST_046,STR_015,2025-08-26,1,100.8,0
PRD_EST_046,STR_001,2025-09-02,2,77.7,0
PRD_EST_046,STR_002,2025-09-02,2,73.5,0
PRD_EST_046,STR_003,2025-09-02,2,76.5,0
PRD_EST_046,STR_004,2025-09-02,2,71.3,0
PRD_EST_046,STR_005,2025-09-02,2,81.2,0
PRD_EST_046,STR_006,2025-09-02,2,62.1,0
PRD_EST_046,STR_007,2025-09-02,2,68.6,0
PRD_EST_046,STR_008,2025-09-02,2,79.4,0
PRD_EST_046,STR_009,2025-09-02,2,68.8,0
PRD_EST_046,STR_010,2025-09-02,2,76.4,0
PRD_EST_046,STR_011,2025-09-02,2,79.9,0
PRD_EST_046,STR_012,2025-09-02,2,94.4,0
PRD_EST_046,STR_013,2025-09-02,2,77.1,0
PRD_EST_046,STR_014,2025-09-02,2,76.0,0
PRD_EST_046,STR_015,2025-09-02,2,86.4,0
PRD_EST_046,STR_001,2025-09-09,3,62.4,0
PRD_EST_046,STR_002,2025-09-09,3,67.2,0
PRD_EST_046,STR_003,2025-09-09,3,86.0,0
PRD_EST_046,STR_004,2025-09-09,3,57.1,0
PRD_EST_046,STR_005,2025-09-09,3,64.1,0
PRD_EST_046,STR_006,2025-09-09,3,54.7,0
PRD_EST_046,STR_007,2025-09-09,3,62.5,0
PRD_EST_046,STR_008,2025-09-09,3,66.9,0
PRD_EST_046,STR_009,2025-09-09,3,88.0,0
PRD_EST_046,STR_010,2025-09-09,3,68.6,0
PRD_EST_046,STR_011,2025-09-09,3,67.7,0
PRD_EST_046,STR_012,2025-09-09,3,83.8,0
PRD_EST_046,STR_013,2025-09-09,3,65.2,0
PRD_EST_046,STR_014,2025-09-09,3,61.3,0
PRD_EST_046,STR_015,2025-09-09,3,73.9,0
PRD_EST_046,STR_001,2025-09-16,4,105.5,0
PRD_EST_046,STR_002,2025-09-16,4,103.4,0
PRD_EST_046,STR_003,2025-09-16,4,140.8,0
PRD_EST_046,STR_004,2025-09-16,4,90.2,0
PRD_EST_046,STR_005,2025-09-16,4,94.6,0
PRD_EST_046,STR_006,2025-09-16,4,82.7,0
PRD_EST_046,STR_007,2025-09-16,4,95.3,0
PRD_EST_046,STR_008,2025-09-16,4,95.4,0
PRD_EST_046,STR_009,2025-09-16,4,119.5,0
PRD_EST_046,STR_010,2025-09-16,4,97.9,0
PRD_EST_046,STR_011,2025-09-16,4,110.8,0
PRD_EST_046,STR_012,2025-09-16,4,122.1,0
PRD_EST_046,STR_013,2025-09-16,4,99.8,0
PRD_EST_046,STR_014,2025-09-16,4,106.7,0
PRD_EST_046,STR_015,2025-09-16,4,104.4,0
PRD_EST_046,STR_001,2025-09-23,5,51.3,0
PRD_EST_046,STR_002,2025-09-23,5,56.2,0
PRD_EST_046,STR_003,2025-09-23,5,55.6,0
PRD_EST_046,STR_004,2025-09-23,5,53.8,0
PRD_EST_046,STR_005,2025-09-23,5,54.7,0
PRD_EST_046,STR_006,2025-09-23,5,45.8,0
PRD_EST_046,STR_007,2025-09-23,5,46.6,0
PRD_EST_046,STR_008,2025-09-23,5,47.4,0
PRD_EST_046,STR_009,2025-09-23,5,49.0,0
PRD_EST_046,STR_010,2025-09-23,5,51.0,0
PRD_EST_046,STR_011,2025-09-23,5,58.4,0
PRD_EST_046,STR_012,2025-09-23,5,63.6,0
PRD_EST_046,STR_013,2025-09-23,5,49.0,0
PRD_EST_046,STR_014,2025-09-23,5,52.8,0
PRD_EST_046,STR_015,2025-09-23,5,53.9,0
PRD_EST_046,STR_001,2025-09-30,6,59.3,0
PRD_EST_046,STR_002,2025-09-30,6,59.4,0
PRD_EST_046,STR_003,2025-09-30,6,57.7,0
PRD_EST_046,STR_004,2025-09-30,6,58.2,0
PRD_EST_046,STR_005,2025-09-30,6,54.4,0
PRD_EST_046,STR_006,2025-09-30,6,51.1,0
PRD_EST_046,STR_007,2025-09-30,6,58.1,0
PRD_EST_046,STR_008,2025-09-30,6,59.0,0
PRD_EST_046,STR_009,2025-09-30,6,58.0,0
PRD_EST_046,STR_010,2025-09-30,6,62.8,0
PRD_EST_046,STR_011,2025-09-30,6,71.3,0
PRD_EST_046,STR_012,2025-09-30,6,73.7,0
PRD_EST_046,STR_013,2025-09-30,6,59.0,0
PRD_EST_046,STR_014,2025-09-30,6,54.9,0
PRD_EST_046,STR_015,2025-09-30,6,65.0,0
PRD_EST_046,STR_001,2025-10-07,7,62.0,0
PRD_EST_046,STR_002,2025-10-07,7,70.5,0
PRD_EST_046,STR_003,2025-10-07,7,65.1,0
PRD_EST_046,STR_004,2025-10-07,7,68.1,0
PRD_EST_046,STR_005,2025-10-07,7,66.4,0
PRD_EST_046,STR_006,2025-10-07,7,54.7,0
PRD_EST_046,STR_007,2025-10-07,7,57.5,0
PRD_EST_046,STR_008,2025-10-07,7,62.8,0
PRD_EST_046,STR_009,2025-10-07,7,63.5,0
PRD_EST_046,STR_010,2025-10-07,7,67.8,0
PRD_EST_046,STR_011,2025-10-07,7,78.8,0
PRD_EST_046,STR_012,2025-10-07,7,81.5,0
PRD_EST_046,STR_013,2025-10-07,7,64.0,0
PRD_EST_046,STR_014,2025-10-07,7,64.3,0
PRD_EST_046,STR_015,2025-10-07,7,72.0,0
PRD_EST_046,STR_001,2025-10-14,8,67.6,0
PRD_EST_046,STR_002,2025-10-14,8,69.3,0
PRD_EST_046,STR_003,2025-10-14,8,64.4,0
PRD_EST_046,STR_004,2025-10-14,8,62.8,0
PRD_EST_046,STR_005,2025-10-14,8,66.0,0
PRD_EST_046,STR_006,2025-10-14,8,51.2,0
PRD_EST_046,STR_007,2025-10-14,8,61.0,0
PRD_EST_046,STR_008,2025-10-14,8,62.0,0
PRD_EST_046,STR_009,2025-10-14,8,64.4,0
PRD_EST_046,STR_010,2025-10-14,8,69.6,0
PRD_EST_046,STR_011,2025-10-14,8,67.2,0
PRD_EST_046,STR_012,2025-10-14,8,78.7,0
PRD_EST_046,STR_013,2025-10-14,8,64.7,0
PRD_EST_046,STR_014,2025-10-14,8,62.0,0
PRD_EST_046,STR_015,2025-10-14,8,73.6,0
PRD_EST_047,STR_001,2024-10-06,1,269.7,1
PRD_EST_047,STR_002,2024-10-06,1,254.3,1
PRD_EST_047,STR_003,2024-10-06,1,270.9,1
PRD_EST_047,STR_004,2024-10-06,1,238.7,1
PRD_EST_047,STR_005,2024-10-06,1,271.0,1
PRD_EST_047,STR_006,2024-10-06,1,230.2,1
PRD_EST_047,STR_007,2024-10-06,1,241.6,1
PRD_EST_047,STR_008,2024-10-06,1,267.0,1
PRD_EST_047,STR_009,2024-10-06,1,267.5,1
PRD_EST_047,STR_010,2024-10-06,1,285.5,1
PRD_EST_047,STR_011,2024-10-06,1,293.3,1
PRD_EST_047,STR_012,2024-10-06,1,349.8,1
PRD_EST_047,STR_013,2024-10-06,1,266.5,1
PRD_EST_047,STR_014,2024-10-06,1,275.2,1
PRD_EST_047,STR_015,2024-10-06,1,318.8,1
PRD_EST_047,STR_001,2024-10-13,2,255.1,1
PRD_EST_047,STR_002,2024-10-13,2,263.2,1
PRD_EST_047,STR_003,2024-10-13,2,234.4,1
PRD_EST_047,STR_004,2024-10-13,2,222.0,1
PRD_EST_047,STR_005,2024-10-13,2,228.8,1
PRD_EST_047,STR_006,2024-10-13,2,221.6,1
PRD_EST_047,STR_007,2024-10-13,2,230.4,1
PRD_EST_047,STR_008,2024-10-13,2,225.3,1
PRD_EST_047,STR_009,2024-10-13,2,216.6,1
PRD_EST_047,STR_010,2024-10-13,2,250.2,1
PRD_EST_047,STR_011,2024-10-13,2,260.1,1
PRD_EST_047,STR_012,2024-10-13,2,290.8,1
PRD_EST_047,STR_013,2024-10-13,2,251.3,1
PRD_EST_047,STR_014,2024-10-13,2,257.1,1
PRD_EST_047,STR_015,2024-10-13,2,271.9,1
PRD_EST_047,STR_001,2024-10-20,3,128.5,0
PRD_EST_047,STR_002,2024-10-20,3,145.1,0
PRD_EST_047,STR_003,2024-10-20,3,131.3,0
PRD_EST_047,STR_004,2024-10-20,3,129.1,0
PRD_EST_047,STR_005,2024-10-20,3,125.3,0
PRD_EST_047,STR_006,2024-10-20,3,124.5,0
PRD_EST_047,STR_007,2024-10-20,3,128.6,0
PRD_EST_047,STR_008,2024-10-20,3,130.3,0
PRD_EST_047,STR_009,2024-10-20,3,129.7,0
PRD_EST_047,STR_010,2024-10-20,3,128.4,0
PRD_EST_047,STR_011,2024-10-20,3,151.7,0
PRD_EST_047,STR_012,2024-10-20,3,161.3,0
PRD_EST_047,STR_013,2024-10-20,3,127.8,0
PRD_EST_047,STR_014,2024-10-20,3,142.0,0
PRD_EST_047,STR_015,2024-10-20,3,147.2,0
PRD_EST_047,STR_001,2024-10-27,4,143.4,0
PRD_EST_047,STR_002,2024-10-27,4,139.5,0
PRD_EST_047,STR_003,2024-10-27,4,157.3,0
PRD_EST_047,STR_004,2024-10-27,4,138.4,0
PRD_EST_047,STR_005,2024-10-27,4,141.0,0
PRD_EST_047,STR_006,2024-10-27,4,125.1,0
PRD_EST_047,STR_007,2024-10-27,4,134.3,0
PRD_EST_047,STR_008,2024-10-27,4,146.0,0
PRD_EST_047,STR_009,2024-10-27,4,150.3,0
PRD_EST_047,STR_010,2024-10-27,4,137.9,0
PRD_EST_047,STR_011,2024-10-27,4,161.1,0
PRD_EST_047,STR_012,2024-10-27,4,180.5,0
PRD_EST_047,STR_013,2024-10-27,4,146.5,0
PRD_EST_047,STR_014,2024-10-27,4,154.4,0
PRD_EST_047,STR_015,2024-10-27,4,170.8,0
PRD_EST_047,STR_001,2024-11-03,5,160.6,0
PRD_EST_047,STR_002,2024-11-03,5,146.8,0
PRD_EST_047,STR_003,2024-11-03,5,142.6,0
PRD_EST_047,STR_004,2024-11-03,5,133.0,0
PRD_EST_047,STR_005,2024-11-03,5,148.9,0
PRD_EST_047,STR_006,2024-11-03,5,130.0,0
PRD_EST_047,STR_007,2024-11-03,5,131.4,0
PRD_EST_047,STR_008,2024-11-03,5,148.3,0
PRD_EST_047,STR_009,2024-11-03,5,152.1,0
PRD_EST_047,STR_010,2024-11-03,5,143.9,0
PRD_EST_047,STR_011,2024-11-03,5,171.8,0
PRD_EST_047,STR_012,2024-11-03,5,189.7,0
PRD_EST_047,STR_013,2024-11-03,5,144.4,0
PRD_EST_047,STR_014,2024-11-03,5,147.1,0
PRD_EST_047,STR_015,2024-11-03,5,156.2,0
PRD_EST_047,STR_001,2024-11-10,6,146.2,0
PRD_EST_047,STR_002,2024-11-10,6,142.0,0
PRD_EST_047,STR_003,2024-11-10,6,141.3,0
PRD_EST_047,STR_004,2024-11-10,6,134.2,0
PRD_EST_047,STR_005,2024-11-10,6,138.8,0
PRD_EST_047,STR_006,2024-11-10,6,123.5,0
PRD_EST_047,STR_007,2024-11-10,6,135.6,0
PRD_EST_047,STR_008,2024-11-10,6,142.5,0
PRD_EST_047,STR_009,2024-11-10,6,137.9,0
PRD_EST_047,STR_010,2024-11-10,6,142.0,0
PRD_EST_047,STR_011,2024-11-10,6,166.4,0
PRD_EST_047,STR_012,2024-11-10,6,178.6,0
PRD_EST_047,STR_013,2024-11-10,6,133.1,0
PRD_EST_047,STR_014,2024-11-10,6,136.5,0
PRD_EST_047,STR_015,2024-11-10,6,164.5,0
PRD_EST_047,STR_001,2024-11-17,7,141.2,0
PRD_EST_047,STR_002,2024-11-17,7,136.2,0
PRD_EST_047,STR_003,2024-11-17,7,138.7,0
PRD_EST_047,STR_004,2024-11-17,7,140.8,0
PRD_EST_047,STR_005,2024-11-17,7,126.4,0
PRD_EST_047,STR_006,2024-11-17,7,111.6,0
PRD_EST_047,STR_007,2024-11-17,7,127.8,0
PRD_EST_047,STR_008,2024-11-17,7,122.9,0
PRD_EST_047,STR_009,2024-11-17,7,129.8,0
PRD_EST_047,STR_010,2024-11-17,7,132.0,0
PRD_EST_047,STR_011,2024-11-17,7,144.7,0
PRD_EST_047,STR_012,2024-11-17,7,168.2,0
PRD_EST_047,STR_013,2024-11-17,7,138.5,0
PRD_EST_047,STR_014,2024-11-17,7,144.6,0
PRD_EST_047,STR_015,2024-11-17,7,149.9,0
PRD_EST_047,STR_001,2024-11-24,8,171.4,0
PRD_EST_047,STR_002,2024-11-24,8,182.6,0
PRD_EST_047,STR_003,2024-11-24,8,195.5,0
PRD_EST_047,STR_004,2024-11-24,8,166.2,0
PRD_EST_047,STR_005,2024-11-24,8,167.0,0
PRD_EST_047,STR_006,2024-11-24,8,156.5,0
PRD_EST_047,STR_007,2024-11-24,8,152.7,0
PRD_EST_047,STR_008,2024-11-24,8,180.9,0
PRD_EST_047,STR_009,2024-11-24,8,169.2,0
PRD_EST_047,STR_010,2024-11-24,8,189.9,0
PRD_EST_047,STR_011,2024-11-24,8,193.7,0
PRD_EST_047,STR_012,2024-11-24,8,205.3,0
PRD_EST_047,STR_013,2024-11-24,8,164.3,0
PRD_EST_047,STR_014,2024-11-24,8,177.2,0
PRD_EST_047,STR_015,2024-11-24,8,194.5,0
PRD_EST_048,STR_001,2025-06-13,1,279.6,1
PRD_EST_048,STR_002,2025-06-13,1,276.5,1
PRD_EST_048,STR_003,2025-06-13,1,283.4,1
PRD_EST_048,STR_004,2025-06-13,1,258.1,1
PRD_EST_048,STR_005,2025-06-13,1,272.4,1
PRD_EST_048,STR_006,2025-06-13,1,231.8,1
PRD_EST_048,STR_007,2025-06-13,1,239.0,1
PRD_EST_048,STR_008,2025-06-13,1,263.7,1
PRD_EST_048,STR_009,2025-06-13,1,230.8,1
PRD_EST_048,STR_010,2025-06-13,1,266.5,1
PRD_EST_048,STR_011,2025-06-13,1,290.3,1
PRD_EST_048,STR_012,2025-06-13,1,302.0,1
PRD_EST_048,STR_013,2025-06-13,1,235.2,1
PRD_EST_048,STR_014,2025-06-13,1,243.7,1
PRD_EST_048,STR_015,2025-06-13,1,277.9,1
PRD_EST_048,STR_001,2025-06-20,2,229.0,1
PRD_EST_048,STR_002,2025-06-20,2,230.8,1
PRD_EST_048,STR_003,2025-06-20,2,232.8,1
PRD_EST_048,STR_004,2025-06-20,2,209.8,1
PRD_EST_048,STR_005,2025-06-20,2,227.0,1
PRD_EST_048,STR_006,2025-06-20,2,177.4,1
PRD_EST_048,STR_007,2025-06-20,2,194.5,1
PRD_EST_048,STR_008,2025-06-20,2,221.9,1
PRD_EST_048,STR_009,2025-06-20,2,196.1,1
PRD_EST_048,STR_010,2025-06-20,2,212.7,1
PRD_EST_048,STR_011,2025-06-20,2,263.9,1
PRD_EST_048,STR_012,2025-06-20,2,281.7,1
PRD_EST_048,STR_013,2025-06-20,2,195.4,1
PRD_EST_048,STR_014,2025-06-20,2,228.1,1
PRD_EST_048,STR_015,2025-06-20,2,239.6,1
PRD_EST_048,STR_001,2025-06-27,3,130.3,0
PRD_EST_048,STR_002,2025-06-27,3,129.2,0
PRD_EST_048,STR_003,2025-06-27,3,131.3,0
PRD_EST_048,STR_004,2025-06-27,3,132.6,0
PRD_EST_048,STR_005,2025-06-27,3,129.1,0
PRD_EST_048,STR_006,2025-06-27,3,117.0,0
PRD_EST_048,STR_007,2025-06-27,3,116.5,0
PRD_EST_048,STR_008,2025-06-27,3,134.1,0
PRD_EST_048,STR_009,2025-06-27,3,128.0,0
PRD_EST_048,STR_010,2025-06-27,3,142.7,0
PRD_EST_048,STR_011,2025-06-27,3,141.2,0
PRD_EST_048,STR_012,2025-06-27,3,163.0,0
PRD_EST_048,STR_013,2025-06-27,3,138.2,0
PRD_EST_048,STR_014,2025-06-27,3,140.6,0
PRD_EST_048,STR_015,2025-06-27,3,157.5,0
PRD_EST_048,STR_001,2025-07-04,4,122.8,0
PRD_EST_048,STR_002,2025-07-04,4,127.5,0
PRD_EST_048,STR_003,2025-07-04,4,132.6,0
PRD_EST_048,STR_004,2025-07-04,4,115.3,0
PRD_EST_048,STR_005,2025-07-04,4,124.0,0
PRD_EST_048,STR_006,2025-07-04,4,107.7,0
PRD_EST_048,STR_007,2025-07-04,4,110.5,0
PRD_EST_048,STR_008,2025-07-04,4,109.0,0
PRD_EST_048,STR_009,2025-07-04,4,112.7,0
PRD_EST_048,STR_010,2025-07-04,4,121.9,0
PRD_EST_048,STR_011,2025-07-04,4,142.0,0
PRD_EST_048,STR_012,2025-07-04,4,148.1,0
PRD_EST_048,STR_013,2025-07-04,4,115.6,0
PRD_EST_048,STR_014,2025-07-04,4,111.1,0
PRD_EST_048,STR_015,2025-07-04,4,142.4,0
PRD_EST_048,STR_001,2025-07-11,5,130.6,0
PRD_EST_048,STR_002,2025-07-11,5,141.5,0
PRD_EST_048,STR_003,2025-07-11,5,150.6,0
PRD_EST_048,STR_004,2025-07-11,5,141.5,0
PRD_EST_048,STR_005,2025-07-11,5,140.6,0
PRD_EST_048,STR_006,2025-07-11,5,124.7,0
PRD_EST_048,STR_007,2025-07-11,5,133.9,0
PRD_EST_048,STR_008,2025-07-11,5,130.5,0
PRD_EST_048,STR_009,2025-07-11,5,138.7,0
PRD_EST_048,STR_010,2025-07-11,5,144.4,0
PRD_EST_048,STR_011,2025-07-11,5,162.9,0
PRD_EST_048,STR_012,2025-07-11,5,175.1,0
PRD_EST_048,STR_013,2025-07-11,5,128.8,0
PRD_EST_048,STR_014,2025-07-11,5,132.2,0
PRD_EST_048,STR_015,2025-07-11,5,158.5,0
PRD_EST_048,STR_001,2025-07-18,6,153.1,0
PRD_EST_048,STR_002,2025-07-18,6,148.1,0
PRD_EST_048,STR_003,2025-07-18,6,137.3,0
PRD_EST_048,STR_004,2025-07-18,6,134.6,0
PRD_EST_048,STR_005,2025-07-18,6,142.8,0
PRD_EST_048,STR_006,2025-07-18,6,129.9,0
PRD_EST_048,STR_007,2025-07-18,6,132.1,0
PRD_EST_048,STR_008,2025-07-18,6,140.1,0
PRD_EST_048,STR_009,2025-07-18,6,134.7,0
PRD_EST_048,STR_010,2025-07-18,6,141.9,0
PRD_EST_048,STR_011,2025-07-18,6,167.9,0
PRD_EST_048,STR_012,2025-07-18,6,180.1,0
PRD_EST_048,STR_013,2025-07-18,6,144.2,0
PRD_EST_048,STR_014,2025-07-18,6,149.6,0
PRD_EST_048,STR_015,2025-07-18,6,146.3,0
PRD_EST_048,STR_001,2025-07-25,7,151.2,0
PRD_EST_048,STR_002,2025-07-25,7,149.3,0
PRD_EST_048,STR_003,2025-07-25,7,157.3,0
PRD_EST_048,STR_004,2025-07-25,7,151.5,0
PRD_EST_048,STR_005,2025-07-25,7,146.3,0
PRD_EST_048,STR_006,2025-07-25,7,128.6,0
PRD_EST_048,STR_007,2025-07-25,7,129.1,0
PRD_EST_048,STR_008,2025-07-25,7,143.9,0
PRD_EST_048,STR_009,2025-07-25,7,137.7,0
PRD_EST_048,STR_010,2025-07-25,7,148.1,0
PRD_EST_048,STR_011,2025-07-25,7,170.6,0
PRD_EST_048,STR_012,2025-07-25,7,169.7,0
PRD_EST_048,STR_013,2025-07-25,7,153.3,0
PRD_EST_048,STR_014,2025-07-25,7,148.2,0
PRD_EST_048,STR_015,2025-07-25,7,157.3,0
PRD_EST_048,STR_001,2025-08-01,8,154.1,0
PRD_EST_048,STR_002,2025-08-01,8,143.3,0
PRD_EST_048,STR_003,2025-08-01,8,146.1,0
PRD_EST_048,STR_004,2025-08-01,8,139.1,0
PRD_EST_048,STR_005,2025-08-01,8,147.2,0
PRD_EST_048,STR_006,2025-08-01,8,131.2,0
PRD_EST_048,STR_007,2025-08-01,8,126.6,0
PRD_EST_048,STR_008,2025-08-01,8,140.0,0
PRD_EST_048,STR_009,2025-08-01,8,129.9,0
PRD_EST_048,STR_010,2025-08-01,8,154.0,0
PRD_EST_048,STR_011,2025-08-01,8,174.1,0
PRD_EST_048,STR_012,2025-08-01,8,177.4,0
PRD_EST_048,STR_013,2025-08-01,8,142.1,0
PRD_EST_048,STR_014,2025-08-01,8,132.1,0
PRD_EST_048,STR_015,2025-08-01,8,155.2,0
PRD_EST_049,STR_001,2024-10-04,1,162.0,0
PRD_EST_049,STR_002,2024-10-04,1,152.6,0
PRD_EST_049,STR_003,2024-10-04,1,158.7,0
PRD_EST_049,STR_004,2024-10-04,1,175.4,0
PRD_EST_049,STR_005,2024-10-04,1,161.7,0
PRD_EST_049,STR_006,2024-10-04,1,151.6,0
PRD_EST_049,STR_007,2024-10-04,1,137.0,0
PRD_EST_049,STR_008,2024-10-04,1,159.8,0
PRD_EST_049,STR_009,2024-10-04,1,150.1,0
PRD_EST_049,STR_010,2024-10-04,1,152.7,0
PRD_EST_049,STR_011,2024-10-04,1,175.8,0
PRD_EST_049,STR_012,2024-10-04,1,192.9,0
PRD_EST_049,STR_013,2024-10-04,1,159.6,0
PRD_EST_049,STR_014,2024-10-04,1,172.2,0
PRD_EST_049,STR_015,2024-10-04,1,164.0,0
PRD_EST_049,STR_001,2024-10-11,2,125.7,0
PRD_EST_049,STR_002,2024-10-11,2,124.2,0
PRD_EST_049,STR_003,2024-10-11,2,137.0,0
PRD_EST_049,STR_004,2024-10-11,2,136.9,0
PRD_EST_049,STR_005,2024-10-11,2,143.3,0
PRD_EST_049,STR_006,2024-10-11,2,130.0,0
PRD_EST_049,STR_007,2024-10-11,2,125.6,0
PRD_EST_049,STR_008,2024-10-11,2,127.6,0
PRD_EST_049,STR_009,2024-10-11,2,127.2,0
PRD_EST_049,STR_010,2024-10-11,2,143.8,0
PRD_EST_049,STR_011,2024-10-11,2,150.8,0
PRD_EST_049,STR_012,2024-10-11,2,172.6,0
PRD_EST_049,STR_013,2024-10-11,2,145.8,0
PRD_EST_049,STR_014,2024-10-11,2,141.6,0
PRD_EST_049,STR_015,2024-10-11,2,135.7,0
PRD_EST_049,STR_001,2024-10-18,3,101.2,0
PRD_EST_049,STR_002,2024-10-18,3,101.9,0
PRD_EST_049,STR_003,2024-10-18,3,101.5,0
PRD_EST_049,STR_004,2024-10-18,3,114.7,0
PRD_EST_049,STR_005,2024-10-18,3,109.2,0
PRD_EST_049,STR_006,2024-10-18,3,95.9,0
PRD_EST_049,STR_007,2024-10-18,3,93.8,0
PRD_EST_049,STR_008,2024-10-18,3,95.9,0
PRD_EST_049,STR_009,2024-10-18,3,88.3,0
PRD_EST_049,STR_010,2024-10-18,3,96.6,0
PRD_EST_049,STR_011,2024-10-18,3,113.4,0
PRD_EST_049,STR_012,2024-10-18,3,131.9,0
PRD_EST_049,STR_013,2024-10-18,3,101.2,0
PRD_EST_049,STR_014,2024-10-18,3,116.3,0
PRD_EST_049,STR_015,2024-10-18,3,103.2,0
PRD_EST_049,STR_001,2024-10-25,4,98.3,0
PRD_EST_049,STR_002,2024-10-25,4,98.1,0
PRD_EST_049,STR_003,2024-10-25,4,101.9,0
PRD_EST_049,STR_004,2024-10-25,4,99.5,0
PRD_EST_049,STR_005,2024-10-25,4,104.9,0
PRD_EST_049,STR_006,2024-10-25,4,93.0,0
PRD_EST_049,STR_007,2024-10-25,4,87.4,0
PRD_EST_049,STR_008,2024-10-25,4,88.7,0
PRD_EST_049,STR_009,2024-10-25,4,89.4,0
PRD_EST_049,STR_010,2024-10-25,4,106.2,0
PRD_EST_049,STR_011,2024-10-25,4,110.2,0
PRD_EST_049,STR_012,2024-10-25,4,131.3,0
PRD_EST_049,STR_013,2024-10-25,4,103.8,0
PRD_EST_049,STR_014,2024-10-25,4,105.6,0
PRD_EST_049,STR_015,2024-10-25,4,103.8,0
PRD_EST_049,STR_001,2024-11-01,5,103.8,0
PRD_EST_049,STR_002,2024-11-01,5,93.0,0
PRD_EST_049,STR_003,2024-11-01,5,101.9,0
PRD_EST_049,STR_004,2024-11-01,5,98.2,0
PRD_EST_049,STR_005,2024-11-01,5,99.9,0
PRD_EST_049,STR_006,2024-11-01,5,94.2,0
PRD_EST_049,STR_007,2024-11-01,5,87.3,0
PRD_EST_049,STR_008,2024-11-01,5,94.8,0
PRD_EST_049,STR_009,2024-11-01,5,92.0,0
PRD_EST_049,STR_010,2024-11-01,5,99.1,0
PRD_EST_049,STR_011,2024-11-01,5,117.0,0
PRD_EST_049,STR_012,2024-11-01,5,128.7,0
PRD_EST_049,STR_013,2024-11-01,5,100.4,0
PRD_EST_049,STR_014,2024-11-01,5,102.6,0
PRD_EST_049,STR_015,2024-11-01,5,111.3,0
PRD_EST_049,STR_001,2024-11-08,6,113.3,0
PRD_EST_049,STR_002,2024-11-08,6,112.9,0
PRD_EST_049,STR_003,2024-11-08,6,103.8,0
PRD_EST_049,STR_004,2024-11-08,6,118.9,0
PRD_EST_049,STR_005,2024-11-08,6,109.5,0
PRD_EST_049,STR_006,2024-11-08,6,104.7,0
PRD_EST_049,STR_007,2024-11-08,6,99.8,0
PRD_EST_049,STR_008,2024-11-08,6,102.0,0
PRD_EST_049,STR_009,2024-11-08,6,109.3,0
PRD_EST_049,STR_010,2024-11-08,6,107.1,0
PRD_EST_049,STR_011,2024-11-08,6,112.0,0
PRD_EST_049,STR_012,2024-11-08,6,136.5,0
PRD_EST_049,STR_013,2024-11-08,6,114.9,0
PRD_EST_049,STR_014,2024-11-08,6,114.2,0
PRD_EST_049,STR_015,2024-11-08,6,110.6,0
PRD_EST_049,STR_001,2024-11-15,7,92.3,0
PRD_EST_049,STR_002,2024-11-15,7,91.1,0
PRD_EST_049,STR_003,2024-11-15,7,100.7,0
PRD_EST_049,STR_004,2024-11-15,7,107.5,0
PRD_EST_049,STR_005,2024-11-15,7,101.9,0
PRD_EST_049,STR_006,2024-11-15,7,94.3,0
PRD_EST_049,STR_007,2024-11-15,7,89.8,0
PRD_EST_049,STR_008,2024-11-15,7,87.0,0
PRD_EST_049,STR_009,2024-11-15,7,98.9,0
PRD_EST_049,STR_010,2024-11-15,7,99.3,0
PRD_EST_049,STR_011,2024-11-15,7,112.9,0
PRD_EST_049,STR_012,2024-11-15,7,128.0,0
PRD_EST_049,STR_013,2024-11-15,7,104.4,0
PRD_EST_049,STR_014,2024-11-15,7,110.5,0
PRD_EST_049,STR_015,2024-11-15,7,106.3,0
PRD_EST_049,STR_001,2024-11-22,8,94.3,0
PRD_EST_049,STR_002,2024-11-22,8,105.9,0
PRD_EST_049,STR_003,2024-11-22,8,103.8,0
PRD_EST_049,STR_004,2024-11-22,8,115.8,0
PRD_EST_049,STR_005,2024-11-22,8,106.1,0
PRD_EST_049,STR_006,2024-11-22,8,91.9,0
PRD_EST_049,STR_007,2024-11-22,8,96.8,0
PRD_EST_049,STR_008,2024-11-22,8,102.9,0
PRD_EST_049,STR_009,2024-11-22,8,97.7,0
PRD_EST_049,STR_010,2024-11-22,8,96.4,0
PRD_EST_049,STR_011,2024-11-22,8,114.1,0
PRD_EST_049,STR_012,2024-11-22,8,121.3,0
PRD_EST_049,STR_013,2024-11-22,8,110.5,0
PRD_EST_049,STR_014,2024-11-22,8,111.1,0
PRD_EST_049,STR_015,2024-11-22,8,119.0,0
PRD_EST_050,STR_001,2025-08-22,1,262.7,1
PRD_EST_050,STR_002,2025-08-22,1,255.4,1
PRD_EST_050,STR_003,2025-08-22,1,274.6,1
PRD_EST_050,STR_004,2025-08-22,1,246.3,1
PRD_EST_050,STR_005,2025-08-22,1,239.1,1
PRD_EST_050,STR_006,2025-08-22,1,210.7,1
PRD_EST_050,STR_007,2025-08-22,1,235.8,1
PRD_EST_050,STR_008,2025-08-22,1,247.5,1
PRD_EST_050,STR_009,2025-08-22,1,248.4,1
PRD_EST_050,STR_010,2025-08-22,1,262.1,1
PRD_EST_050,STR_011,2025-08-22,1,290.4,1
PRD_EST_050,STR_012,2025-08-22,1,343.1,1
PRD_EST_050,STR_013,2025-08-22,1,240.5,1
PRD_EST_050,STR_014,2025-08-22,1,248.9,1
PRD_EST_050,STR_015,2025-08-22,1,302.1,1
PRD_EST_050,STR_001,2025-08-29,2,222.5,1
PRD_EST_050,STR_002,2025-08-29,2,221.7,1
PRD_EST_050,STR_003,2025-08-29,2,230.9,1
PRD_EST_050,STR_004,2025-08-29,2,204.7,1
PRD_EST_050,STR_005,2025-08-29,2,199.8,1
PRD_EST_050,STR_006,2025-08-29,2,173.5,1
PRD_EST_050,STR_007,2025-08-29,2,196.4,1
PRD_EST_050,STR_008,2025-08-29,2,206.6,1
PRD_EST_050,STR_009,2025-08-29,2,206.8,1
PRD_EST_050,STR_010,2025-08-29,2,218.7,1
PRD_EST_050,STR_011,2025-08-29,2,233.5,1
PRD_EST_050,STR_012,2025-08-29,2,284.9,1
PRD_EST_050,STR_013,2025-08-29,2,202.9,1
PRD_EST_050,STR_014,2025-08-29,2,231.1,1
PRD_EST_050,STR_015,2025-08-29,2,245.7,1
PRD_EST_050,STR_001,2025-09-05,3,336.4,0
PRD_EST_050,STR_002,2025-09-05,3,357.6,0
PRD_EST_050,STR_003,2025-09-05,3,274.6,0
PRD_EST_050,STR_004,2025-09-05,3,322.7,0
PRD_EST_050,STR_005,2025-09-05,3,335.1,0
PRD_EST_050,STR_006,2025-09-05,3,278.2,0
PRD_EST_050,STR_007,2025-09-05,3,322.4,0
PRD_EST_050,STR_008,2025-09-05,3,319.2,0
PRD_EST_050,STR_009,2025-09-05,3,263.7,0
PRD_EST_050,STR_010,2025-09-05,3,347.4,0
PRD_EST_050,STR_011,2025-09-05,3,419.9,0
PRD_EST_050,STR_012,2025-09-05,3,447.9,0
PRD_EST_050,STR_013,2025-09-05,3,338.6,0
PRD_EST_050,STR_014,2025-09-05,3,339.4,0
PRD_EST_050,STR_015,2025-09-05,3,407.0,0
PRD_EST_050,STR_001,2025-09-12,4,182.0,0
PRD_EST_050,STR_002,2025-09-12,4,170.7,0
PRD_EST_050,STR_003,2025-09-12,4,136.6,0
PRD_EST_050,STR_004,2025-09-12,4,183.5,0
PRD_EST_050,STR_005,2025-09-12,4,172.0,0
PRD_EST_050,STR_006,2025-09-12,4,167.7,0
PRD_EST_050,STR_007,2025-09-12,4,151.9,0
PRD_EST_050,STR_008,2025-09-12,4,187.5,0
PRD_EST_050,STR_009,2025-09-12,4,128.0,0
PRD_EST_050,STR_010,2025-09-12,4,188.4,0
PRD_EST_050,STR_011,2025-09-12,4,214.9,0
PRD_EST_050,STR_012,2025-09-12,4,219.9,0
PRD_EST_050,STR_013,2025-09-12,4,171.9,0
PRD_EST_050,STR_014,2025-09-12,4,183.6,0
PRD_EST_050,STR_015,2025-09-12,4,202.5,0
PRD_EST_050,STR_001,2025-09-19,5,134.8,0
PRD_EST_050,STR_002,2025-09-19,5,126.2,0
PRD_EST_050,STR_003,2025-09-19,5,141.3,0
PRD_EST_050,STR_004,2025-09-19,5,129.1,0
PRD_EST_050,STR_005,2025-09-19,5,126.4,0
PRD_EST_050,STR_006,2025-09-19,5,112.5,0
PRD_EST_050,STR_007,2025-09-19,5,113.8,0
PRD_EST_050,STR_008,2025-09-19,5,121.2,0
PRD_EST_050,STR_009,2025-09-19,5,128.2,0
PRD_EST_050,STR_010,2025-09-19,5,131.2,0
PRD_EST_050,STR_011,2025-09-19,5,147.9,0
PRD_EST_050,STR_012,2025-09-19,5,167.4,0
PRD_EST_050,STR_013,2025-09-19,5,138.6,0
PRD_EST_050,STR_014,2025-09-19,5,128.0,0
PRD_EST_050,STR_015,2025-09-19,5,150.8,0
PRD_EST_050,STR_001,2025-09-26,6,165.6,0
PRD_EST_050,STR_002,2025-09-26,6,165.2,0
PRD_EST_050,STR_003,2025-09-26,6,178.8,0
PRD_EST_050,STR_004,2025-09-26,6,160.2,0
PRD_EST_050,STR_005,2025-09-26,6,158.1,0
PRD_EST_050,STR_006,2025-09-26,6,155.6,0
PRD_EST_050,STR_007,2025-09-26,6,149.1,0
PRD_EST_050,STR_008,2025-09-26,6,161.3,0
PRD_EST_050,STR_009,2025-09-26,6,163.0,0
PRD_EST_050,STR_010,2025-09-26,6,158.5,0
PRD_EST_050,STR_011,2025-09-26,6,194.6,0
PRD_EST_050,STR_012,2025-09-26,6,212.5,0
PRD_EST_050,STR_013,2025-09-26,6,150.1,0
PRD_EST_050,STR_014,2025-09-26,6,165.9,0
PRD_EST_050,STR_015,2025-09-26,6,196.9,0
PRD_EST_050,STR_001,2025-10-03,7,165.0,0
PRD_EST_050,STR_002,2025-10-03,7,160.1,0
PRD_EST_050,STR_003,2025-10-03,7,172.6,0
PRD_EST_050,STR_004,2025-10-03,7,157.5,0
PRD_EST_050,STR_005,2025-10-03,7,162.3,0
PRD_EST_050,STR_006,2025-10-03,7,137.3,0
PRD_EST_050,STR_007,2025-10-03,7,151.1,0
PRD_EST_050,STR_008,2025-10-03,7,157.1,0
PRD_EST_050,STR_009,2025-10-03,7,141.4,0
PRD_EST_050,STR_010,2025-10-03,7,150.2,0
PRD_EST_050,STR_011,2025-10-03,7,187.9,0
PRD_EST_050,STR_012,2025-10-03,7,201.6,0
PRD_EST_050,STR_013,2025-10-03,7,158.4,0
PRD_EST_050,STR_014,2025-10-03,7,153.6,0
PRD_EST_050,STR_015,2025-10-03,7,183.6,0
PRD_EST_050,STR_001,2025-10-10,8,163.1,0
PRD_EST_050,STR_002,2025-10-10,8,153.1,0
PRD_EST_050,STR_003,2025-10-10,8,148.6,0
PRD_EST_050,STR_004,2025-10-10,8,153.5,0
PRD_EST_050,STR_005,2025-10-10,8,155.1,0
PRD_EST_050,STR_006,2025-10-10,8,121.4,0
PRD_EST_050,STR_007,2025-10-10,8,138.6,0
PRD_EST_050,STR_008,2025-10-10,8,158.4,0
PRD_EST_050,STR_009,2025-10-10,8,145.1,0
PRD_EST_050,STR_010,2025-10-10,8,149.7,0
PRD_EST_050,STR_011,2025-10-10,8,159.0,0
PRD_EST_050,STR_012,2025-10-10,8,182.8,0
PRD_EST_050,STR_013,2025-10-10,8,158.8,0
PRD_EST_050,STR_014,2025-10-10,8,148.4,0
PRD_EST_050,STR_015,2025-10-10,8,157.7,0
PRD_EST_051,STR_001,2025-11-04,1,211.0,1
PRD_EST_051,STR_002,2025-11-04,1,199.5,1
PRD_EST_051,STR_003,2025-11-04,1,214.9,1
PRD_EST_051,STR_004,2025-11-04,1,192.7,1
PRD_EST_051,STR_005,2025-11-04,1,194.4,1
PRD_EST_051,STR_006,2025-11-04,1,172.0,1
PRD_EST_051,STR_007,2025-11-04,1,185.2,1
PRD_EST_051,STR_008,2025-11-04,1,193.8,1
PRD_EST_051,STR_009,2025-11-04,1,195.0,1
PRD_EST_051,STR_010,2025-11-04,1,205.0,1
PRD_EST_051,STR_011,2025-11-04,1,207.4,1
PRD_EST_051,STR_012,2025-11-04,1,230.7,1
PRD_EST_051,STR_013,2025-11-04,1,179.2,1
PRD_EST_051,STR_014,2025-11-04,1,189.1,1
PRD_EST_051,STR_015,2025-11-04,1,220.9,1
PRD_EST_051,STR_001,2025-11-11,2,177.1,1
PRD_EST_051,STR_002,2025-11-11,2,187.9,1
PRD_EST_051,STR_003,2025-11-11,2,195.6,1
PRD_EST_051,STR_004,2025-11-11,2,167.2,1
PRD_EST_051,STR_005,2025-11-11,2,184.7,1
PRD_EST_051,STR_006,2025-11-11,2,169.7,1
PRD_EST_051,STR_007,2025-11-11,2,171.7,1
PRD_EST_051,STR_008,2025-11-11,2,177.8,1
PRD_EST_051,STR_009,2025-11-11,2,167.9,1
PRD_EST_051,STR_010,2025-11-11,2,189.0,1
PRD_EST_051,STR_011,2025-11-11,2,204.2,1
PRD_EST_051,STR_012,2025-11-11,2,242.1,1
PRD_EST_051,STR_013,2025-11-11,2,181.7,1
PRD_EST_051,STR_014,2025-11-11,2,194.3,1
PRD_EST_051,STR_015,2025-11-11,2,187.1,1
PRD_EST_051,STR_001,2025-11-18,3,109.1,0
PRD_EST_051,STR_002,2025-11-18,3,102.0,0
PRD_EST_051,STR_003,2025-11-18,3,111.3,0
PRD_EST_051,STR_004,2025-11-18,3,93.4,0
PRD_EST_051,STR_005,2025-11-18,3,101.8,0
PRD_EST_051,STR_006,2025-11-18,3,86.2,0
PRD_EST_051,STR_007,2025-11-18,3,89.7,0
PRD_EST_051,STR_008,2025-11-18,3,101.5,0
PRD_EST_051,STR_009,2025-11-18,3,102.2,0
PRD_EST_051,STR_010,2025-11-18,3,98.6,0
PRD_EST_051,STR_011,2025-11-18,3,109.3,0
PRD_EST_051,STR_012,2025-11-18,3,123.0,0
PRD_EST_051,STR_013,2025-11-18,3,97.1,0
PRD_EST_051,STR_014,2025-11-18,3,92.0,0
PRD_EST_051,STR_015,2025-11-18,3,105.6,0
PRD_EST_051,STR_001,2025-11-25,4,95.3,0
PRD_EST_051,STR_002,2025-11-25,4,104.5,0
PRD_EST_051,STR_003,2025-11-25,4,95.4,0
PRD_EST_051,STR_004,2025-11-25,4,100.7,0
PRD_EST_051,STR_005,2025-11-25,4,106.7,0
PRD_EST_051,STR_006,2025-11-25,4,85.8,0
PRD_EST_051,STR_007,2025-11-25,4,85.7,0
PRD_EST_051,STR_008,2025-11-25,4,93.7,0
PRD_EST_051,STR_009,2025-11-25,4,91.3,0
PRD_EST_051,STR_010,2025-11-25,4,100.2,0
PRD_EST_051,STR_011,2025-11-25,4,115.8,0
PRD_EST_051,STR_012,2025-11-25,4,116.8,0
PRD_EST_051,STR_013,2025-11-25,4,97.7,0
PRD_EST_051,STR_014,2025-11-25,4,105.0,0
PRD_EST_051,STR_015,2025-11-25,4,112.9,0
PRD_EST_051,STR_001,2025-12-02,5,107.0,0
PRD_EST_051,STR_002,2025-12-02,5,103.2,0
PRD_EST_051,STR_003,2025-12-02,5,101.8,0
PRD_EST_051,STR_004,2025-12-02,5,93.4,0
PRD_EST_051,STR_005,2025-12-02,5,97.4,0
PRD_EST_051,STR_006,2025-12-02,5,86.9,0
PRD_EST_051,STR_007,2025-12-02,5,87.6,0
PRD_EST_051,STR_008,2025-12-02,5,97.5,0
PRD_EST_051,STR_009,2025-12-02,5,103.7,0
PRD_EST_051,STR_010,2025-12-02,5,113.5,0
PRD_EST_051,STR_011,2025-12-02,5,121.6,0
PRD_EST_051,STR_012,2025-12-02,5,130.6,0
PRD_EST_051,STR_013,2025-12-02,5,104.9,0
PRD_EST_051,STR_014,2025-12-02,5,104.8,0
PRD_EST_051,STR_015,2025-12-02,5,115.6,0
PRD_EST_051,STR_001,2025-12-09,6,101.5,0
PRD_EST_051,STR_002,2025-12-09,6,102.2,0
PRD_EST_051,STR_003,2025-12-09,6,101.7,0
PRD_EST_051,STR_004,2025-12-09,6,100.2,0
PRD_EST_051,STR_005,2025-12-09,6,111.3,0
PRD_EST_051,STR_006,2025-12-09,6,86.0,0
PRD_EST_051,STR_007,2025-12-09,6,92.0,0
PRD_EST_051,STR_008,2025-12-09,6,110.9,0
PRD_EST_051,STR_009,2025-12-09,6,101.7,0
PRD_EST_051,STR_010,2025-12-09,6,106.4,0
PRD_EST_051,STR_011,2025-12-09,6,123.2,0
PRD_EST_051,STR_012,2025-12-09,6,123.6,0
PRD_EST_051,STR_013,2025-12-09,6,107.3,0
PRD_EST_051,STR_014,2025-12-09,6,107.6,0
PRD_EST_051,STR_015,2025-12-09,6,114.5,0
PRD_EST_051,STR_001,2025-12-16,7,125.6,0
PRD_EST_051,STR_002,2025-12-16,7,121.0,0
PRD_EST_051,STR_003,2025-12-16,7,134.6,0
PRD_EST_051,STR_004,2025-12-16,7,116.4,0
PRD_EST_051,STR_005,2025-12-16,7,126.1,0
PRD_EST_051,STR_006,2025-12-16,7,111.6,0
PRD_EST_051,STR_007,2025-12-16,7,106.2,0
PRD_EST_051,STR_008,2025-12-16,7,120.0,0
PRD_EST_051,STR_009,2025-12-16,7,126.6,0
PRD_EST_051,STR_010,2025-12-16,7,137.3,0
PRD_EST_051,STR_011,2025-12-16,7,144.9,0
PRD_EST_051,STR_012,2025-12-16,7,152.4,0
PRD_EST_051,STR_013,2025-12-16,7,131.5,0
PRD_EST_051,STR_014,2025-12-16,7,131.1,0
PRD_EST_051,STR_015,2025-12-16,7,138.3,0
PRD_EST_051,STR_001,2025-12-23,8,123.6,0
PRD_EST_051,STR_002,2025-12-23,8,122.2,0
PRD_EST_051,STR_003,2025-12-23,8,120.3,0
PRD_EST_051,STR_004,2025-12-23,8,122.6,0
PRD_EST_051,STR_005,2025-12-23,8,114.7,0
PRD_EST_051,STR_006,2025-12-23,8,113.0,0
PRD_EST_051,STR_007,2025-12-23,8,108.8,0
PRD_EST_051,STR_008,2025-12-23,8,122.9,0
PRD_EST_051,STR_009,2025-12-23,8,122.7,0
PRD_EST_051,STR_010,2025-12-23,8,123.5,0
PRD_EST_051,STR_011,2025-12-23,8,139.4,0
PRD_EST_051,STR_012,2025-12-23,8,160.9,0
PRD_EST_051,STR_013,2025-12-23,8,120.9,0
PRD_EST_051,STR_014,2025-12-23,8,119.4,0
PRD_EST_051,STR_015,2025-12-23,8,145.0,0
PRD_EST_052,STR_001,2025-08-27,1,144.9,1
PRD_EST_052,STR_002,2025-08-27,1,149.8,1
PRD_EST_052,STR_003,2025-08-27,1,137.8,1
PRD_EST_052,STR_004,2025-08-27,1,131.5,1
PRD_EST_052,STR_005,2025-08-27,1,147.4,1
PRD_EST_052,STR_006,2025-08-27,1,124.0,1
PRD_EST_052,STR_007,2025-08-27,1,120.8,1
PRD_EST_052,STR_008,2025-08-27,1,134.7,1
PRD_EST_052,STR_009,2025-08-27,1,146.9,1
PRD_EST_052,STR_010,2025-08-27,1,149.4,1
PRD_EST_052,STR_011,2025-08-27,1,152.9,1
PRD_EST_052,STR_012,2025-08-27,1,164.5,1
PRD_EST_052,STR_013,2025-08-27,1,131.9,1
PRD_EST_052,STR_014,2025-08-27,1,141.1,1
PRD_EST_052,STR_015,2025-08-27,1,162.2,1
PRD_EST_052,STR_001,2025-09-03,2,125.3,1
PRD_EST_052,STR_002,2025-09-03,2,131.3,1
PRD_EST_052,STR_003,2025-09-03,2,134.6,1
PRD_EST_052,STR_004,2025-09-03,2,120.9,1
PRD_EST_052,STR_005,2025-09-03,2,119.0,1
PRD_EST_052,STR_006,2025-09-03,2,103.6,1
PRD_EST_052,STR_007,2025-09-03,2,110.3,1
PRD_EST_052,STR_008,2025-09-03,2,112.8,1
PRD_EST_052,STR_009,2025-09-03,2,126.1,1
PRD_EST_052,STR_010,2025-09-03,2,135.7,1
PRD_EST_052,STR_011,2025-09-03,2,139.9,1
PRD_EST_052,STR_012,2025-09-03,2,164.3,1
PRD_EST_052,STR_013,2025-09-03,2,123.6,1
PRD_EST_052,STR_014,2025-09-03,2,127.3,1
PRD_EST_052,STR_015,2025-09-03,2,136.4,1
PRD_EST_052,STR_001,2025-09-10,3,97.7,0
PRD_EST_052,STR_002,2025-09-10,3,103.2,0
PRD_EST_052,STR_003,2025-09-10,3,108.0,0
PRD_EST_052,STR_004,2025-09-10,3,75.7,0
PRD_EST_052,STR_005,2025-09-10,3,77.2,0
PRD_EST_052,STR_006,2025-09-10,3,63.2,0
PRD_EST_052,STR_007,2025-09-10,3,90.7,0
PRD_EST_052,STR_008,2025-09-10,3,103.0,0
PRD_EST_052,STR_009,2025-09-10,3,66.0,0
PRD_EST_052,STR_010,2025-09-10,3,95.4,0
PRD_EST_052,STR_011,2025-09-10,3,111.2,0
PRD_EST_052,STR_012,2025-09-10,3,126.3,0
PRD_EST_052,STR_013,2025-09-10,3,68.7,0
PRD_EST_052,STR_014,2025-09-10,3,73.6,0
PRD_EST_052,STR_015,2025-09-10,3,113.9,0
PRD_EST_052,STR_001,2025-09-17,4,195.5,0
PRD_EST_052,STR_002,2025-09-17,4,181.2,0
PRD_EST_052,STR_003,2025-09-17,4,199.5,0
PRD_EST_052,STR_004,2025-09-17,4,122.8,0
PRD_EST_052,STR_005,2025-09-17,4,127.2,0
PRD_EST_052,STR_006,2025-09-17,4,110.2,0
PRD_EST_052,STR_007,2025-09-17,4,158.7,0
PRD_EST_052,STR_008,2025-09-17,4,166.1,0
PRD_EST_052,STR_009,2025-09-17,4,135.4,0
PRD_EST_052,STR_010,2025-09-17,4,177.8,0
PRD_EST_052,STR_011,2025-09-17,4,193.8,0
PRD_EST_052,STR_012,2025-09-17,4,212.5,0
PRD_EST_052,STR_013,2025-09-17,4,125.4,0
PRD_EST_052,STR_014,2025-09-17,4,124.6,0
PRD_EST_052,STR_015,2025-09-17,4,210.2,0
PRD_EST_052,STR_001,2025-09-24,5,62.6,0
PRD_EST_052,STR_002,2025-09-24,5,68.8,0
PRD_EST_052,STR_003,2025-09-24,5,71.3,0
PRD_EST_052,STR_004,2025-09-24,5,61.5,0
PRD_EST_052,STR_005,2025-09-24,5,61.4,0
PRD_EST_052,STR_006,2025-09-24,5,56.1,0
PRD_EST_052,STR_007,2025-09-24,5,58.5,0
PRD_EST_052,STR_008,2025-09-24,5,62.2,0
PRD_EST_052,STR_009,2025-09-24,5,59.4,0
PRD_EST_052,STR_010,2025-09-24,5,67.4,0
PRD_EST_052,STR_011,2025-09-24,5,77.3,0
PRD_EST_052,STR_012,2025-09-24,5,82.8,0
PRD_EST_052,STR_013,2025-09-24,5,63.1,0
PRD_EST_052,STR_014,2025-09-24,5,67.3,0
PRD_EST_052,STR_015,2025-09-24,5,67.9,0
PRD_EST_052,STR_001,2025-10-01,6,83.2,0
PRD_EST_052,STR_002,2025-10-01,6,74.6,0
PRD_EST_052,STR_003,2025-10-01,6,75.3,0
PRD_EST_052,STR_004,2025-10-01,6,74.9,0
PRD_EST_052,STR_005,2025-10-01,6,78.4,0
PRD_EST_052,STR_006,2025-10-01,6,64.7,0
PRD_EST_052,STR_007,2025-10-01,6,69.8,0
PRD_EST_052,STR_008,2025-10-01,6,76.5,0
PRD_EST_052,STR_009,2025-10-01,6,79.0,0
PRD_EST_052,STR_010,2025-10-01,6,82.6,0
PRD_EST_052,STR_011,2025-10-01,6,88.3,0
PRD_EST_052,STR_012,2025-10-01,6,101.2,0
PRD_EST_052,STR_013,2025-10-01,6,72.8,0
PRD_EST_052,STR_014,2025-10-01,6,72.5,0
PRD_EST_052,STR_015,2025-10-01,6,81.9,0
PRD_EST_052,STR_001,2025-10-08,7,81.3,0
PRD_EST_052,STR_002,2025-10-08,7,77.7,0
PRD_EST_052,STR_003,2025-10-08,7,75.7,0
PRD_EST_052,STR_004,2025-10-08,7,75.8,0
PRD_EST_052,STR_005,2025-10-08,7,78.3,0
PRD_EST_052,STR_006,2025-10-08,7,67.6,0
PRD_EST_052,STR_007,2025-10-08,7,74.3,0
PRD_EST_052,STR_008,2025-10-08,7,79.6,0
PRD_EST_052,STR_009,2025-10-08,7,78.7,0
PRD_EST_052,STR_010,2025-10-08,7,82.0,0
PRD_EST_052,STR_011,2025-10-08,7,83.8,0
PRD_EST_052,STR_012,2025-10-08,7,95.6,0
PRD_EST_052,STR_013,2025-10-08,7,81.1,0
PRD_EST_052,STR_014,2025-10-08,7,81.2,0
PRD_EST_052,STR_015,2025-10-08,7,85.0,0
PRD_EST_052,STR_001,2025-10-15,8,70.2,0
PRD_EST_052,STR_002,2025-10-15,8,67.2,0
PRD_EST_052,STR_003,2025-10-15,8,73.2,0
PRD_EST_052,STR_004,2025-10-15,8,66.8,0
PRD_EST_052,STR_005,2025-10-15,8,67.7,0
PRD_EST_052,STR_006,2025-10-15,8,63.9,0
PRD_EST_052,STR_007,2025-10-15,8,62.8,0
PRD_EST_052,STR_008,2025-10-15,8,67.8,0
PRD_EST_052,STR_009,2025-10-15,8,67.6,0
PRD_EST_052,STR_010,2025-10-15,8,74.1,0
PRD_EST_052,STR_011,2025-10-15,8,79.7,0
PRD_EST_052,STR_012,2025-10-15,8,81.6,0
PRD_EST_052,STR_013,2025-10-15,8,71.5,0
PRD_EST_052,STR_014,2025-10-15,8,68.1,0
PRD_EST_052,STR_015,2025-10-15,8,73.0,0
PRD_EST_053,STR_001,2025-08-08,1,60.7,0
PRD_EST_053,STR_002,2025-08-08,1,59.5,0
PRD_EST_053,STR_003,2025-08-08,1,59.9,0
PRD_EST_053,STR_004,2025-08-08,1,55.8,0
PRD_EST_053,STR_005,2025-08-08,1,60.6,0
PRD_EST_053,STR_006,2025-08-08,1,49.2,0
PRD_EST_053,STR_007,2025-08-08,1,52.6,0
PRD_EST_053,STR_008,2025-08-08,1,54.0,0
PRD_EST_053,STR_009,2025-08-08,1,53.9,0
PRD_EST_053,STR_010,2025-08-08,1,61.6,0
PRD_EST_053,STR_011,2025-08-08,1,64.7,0
PRD_EST_053,STR_012,2025-08-08,1,68.0,0
PRD_EST_053,STR_013,2025-08-08,1,60.3,0
PRD_EST_053,STR_014,2025-08-08,1,58.5,0
PRD_EST_053,STR_015,2025-08-08,1,66.4,0
PRD_EST_053,STR_001,2025-08-15,2,52.5,0
PRD_EST_053,STR_002,2025-08-15,2,54.2,0
PRD_EST_053,STR_003,2025-08-15,2,47.5,0
PRD_EST_053,STR_004,2025-08-15,2,44.4,0
PRD_EST_053,STR_005,2025-08-15,2,45.1,0
PRD_EST_053,STR_006,2025-08-15,2,40.6,0
PRD_EST_053,STR_007,2025-08-15,2,43.0,0
PRD_EST_053,STR_008,2025-08-15,2,46.7,0
PRD_EST_053,STR_009,2025-08-15,2,45.9,0
PRD_EST_053,STR_010,2025-08-15,2,53.3,0
PRD_EST_053,STR_011,2025-08-15,2,57.4,0
PRD_EST_053,STR_012,2025-08-15,2,59.2,0
PRD_EST_053,STR_013,2025-08-15,2,49.8,0
PRD_EST_053,STR_014,2025-08-15,2,53.1,0
PRD_EST_053,STR_015,2025-08-15,2,59.0,0
PRD_EST_053,STR_001,2025-08-22,3,37.0,0
PRD_EST_053,STR_002,2025-08-22,3,37.3,0
PRD_EST_053,STR_003,2025-08-22,3,38.3,0
PRD_EST_053,STR_004,2025-08-22,3,42.0,0
PRD_EST_053,STR_005,2025-08-22,3,45.1,0
PRD_EST_053,STR_006,2025-08-22,3,42.9,0
PRD_EST_053,STR_007,2025-08-22,3,33.4,0
PRD_EST_053,STR_008,2025-08-22,3,33.4,0
PRD_EST_053,STR_009,2025-08-22,3,44.6,0
PRD_EST_053,STR_010,2025-08-22,3,36.4,0
PRD_EST_053,STR_011,2025-08-22,3,40.5,0
PRD_EST_053,STR_012,2025-08-22,3,43.3,0
PRD_EST_053,STR_013,2025-08-22,3,46.2,0
PRD_EST_053,STR_014,2025-08-22,3,49.0,0
PRD_EST_053,STR_015,2025-08-22,3,36.5,0
PRD_EST_053,STR_001,2025-08-29,4,38.4,0
PRD_EST_053,STR_002,2025-08-29,4,37.8,0
PRD_EST_053,STR_003,2025-08-29,4,41.1,0
PRD_EST_053,STR_004,2025-08-29,4,49.9,0
PRD_EST_053,STR_005,2025-08-29,4,51.3,0
PRD_EST_053,STR_006,2025-08-29,4,46.9,0
PRD_EST_053,STR_007,2025-08-29,4,36.6,0
PRD_EST_053,STR_008,2025-08-29,4,38.7,0
PRD_EST_053,STR_009,2025-08-29,4,49.5,0
PRD_EST_053,STR_010,2025-08-29,4,41.3,0
PRD_EST_053,STR_011,2025-08-29,4,42.1,0
PRD_EST_053,STR_012,2025-08-29,4,45.4,0
PRD_EST_053,STR_013,2025-08-29,4,52.8,0
PRD_EST_053,STR_014,2025-08-29,4,53.3,0
PRD_EST_053,STR_015,2025-08-29,4,40.6,0
PRD_EST_053,STR_001,2025-09-05,5,65.3,0
PRD_EST_053,STR_002,2025-09-05,5,67.1,0
PRD_EST_053,STR_003,2025-09-05,5,65.2,0
PRD_EST_053,STR_004,2025-09-05,5,63.3,0
PRD_EST_053,STR_005,2025-09-05,5,60.0,0
PRD_EST_053,STR_006,2025-09-05,5,59.9,0
PRD_EST_053,STR_007,2025-09-05,5,54.6,0
PRD_EST_053,STR_008,2025-09-05,5,66.0,0
PRD_EST_053,STR_009,2025-09-05,5,65.5,0
PRD_EST_053,STR_010,2025-09-05,5,64.8,0
PRD_EST_053,STR_011,2025-09-05,5,72.2,0
PRD_EST_053,STR_012,2025-09-05,5,82.8,0
PRD_EST_053,STR_013,2025-09-05,5,62.2,0
PRD_EST_053,STR_014,2025-09-05,5,67.3,0
PRD_EST_053,STR_015,2025-09-05,5,72.1,0
PRD_EST_053,STR_001,2025-09-12,6,36.0,0
PRD_EST_053,STR_002,2025-09-12,6,34.5,0
PRD_EST_053,STR_003,2025-09-12,6,39.1,0
PRD_EST_053,STR_004,2025-09-12,6,37.5,0
PRD_EST_053,STR_005,2025-09-12,6,33.9,0
PRD_EST_053,STR_006,2025-09-12,6,33.7,0
PRD_EST_053,STR_007,2025-09-12,6,32.4,0
PRD_EST_053,STR_008,2025-09-12,6,36.1,0
PRD_EST_053,STR_009,2025-09-12,6,35.5,0
PRD_EST_053,STR_010,2025-09-12,6,38.0,0
PRD_EST_053,STR_011,2025-09-12,6,43.5,0
PRD_EST_053,STR_012,2025-09-12,6,48.7,0
PRD_EST_053,STR_013,2025-09-12,6,33.8,0
PRD_EST_053,STR_014,2025-09-12,6,35.6,0
PRD_EST_053,STR_015,2025-09-12,6,40.5,0
PRD_EST_053,STR_001,2025-09-19,7,41.7,0
PRD_EST_053,STR_002,2025-09-19,7,41.6,0
PRD_EST_053,STR_003,2025-09-19,7,44.9,0
PRD_EST_053,STR_004,2025-09-19,7,41.4,0
PRD_EST_053,STR_005,2025-09-19,7,45.3,0
PRD_EST_053,STR_006,2025-09-19,7,34.9,0
PRD_EST_053,STR_007,2025-09-19,7,37.0,0
PRD_EST_053,STR_008,2025-09-19,7,42.3,0
PRD_EST_053,STR_009,2025-09-19,7,38.4,0
PRD_EST_053,STR_010,2025-09-19,7,45.8,0
PRD_EST_053,STR_011,2025-09-19,7,48.7,0
PRD_EST_053,STR_012,2025-09-19,7,51.0,0
PRD_EST_053,STR_013,2025-09-19,7,39.3,0
PRD_EST_053,STR_014,2025-09-19,7,46.2,0
PRD_EST_053,STR_015,2025-09-19,7,46.2,0
PRD_EST_053,STR_001,2025-09-26,8,38.7,0
PRD_EST_053,STR_002,2025-09-26,8,41.9,0
PRD_EST_053,STR_003,2025-09-26,8,38.0,0
PRD_EST_053,STR_004,2025-09-26,8,35.7,0
PRD_EST_053,STR_005,2025-09-26,8,39.3,0
PRD_EST_053,STR_006,2025-09-26,8,32.5,0
PRD_EST_053,STR_007,2025-09-26,8,38.5,0
PRD_EST_053,STR_008,2025-09-26,8,38.1,0
PRD_EST_053,STR_009,2025-09-26,8,36.1,0
PRD_EST_053,STR_010,2025-09-26,8,38.3,0
PRD_EST_053,STR_011,2025-09-26,8,45.2,0
PRD_EST_053,STR_012,2025-09-26,8,49.2,0
PRD_EST_053,STR_013,2025-09-26,8,36.1,0
PRD_EST_053,STR_014,2025-09-26,8,42.5,0
PRD_EST_053,STR_015,2025-09-26,8,46.6,0
PRD_EST_054,STR_001,2024-11-12,1,44.5,0
PRD_EST_054,STR_002,2024-11-12,1,46.1,0
PRD_EST_054,STR_003,2024-11-12,1,45.5,0
PRD_EST_054,STR_004,2024-11-12,1,45.2,0
PRD_EST_054,STR_005,2024-11-12,1,49.2,0
PRD_EST_054,STR_006,2024-11-12,1,41.3,0
PRD_EST_054,STR_007,2024-11-12,1,46.4,0
PRD_EST_054,STR_008,2024-11-12,1,49.0,0
PRD_EST_054,STR_009,2024-11-12,1,45.4,0
PRD_EST_054,STR_010,2024-11-12,1,49.5,0
PRD_EST_054,STR_011,2024-11-12,1,55.7,0
PRD_EST_054,STR_012,2024-11-12,1,57.1,0
PRD_EST_054,STR_013,2024-11-12,1,49.2,0
PRD_EST_054,STR_014,2024-11-12,1,47.0,0
PRD_EST_054,STR_015,2024-11-12,1,54.3,0
PRD_EST_054,STR_001,2024-11-19,2,44.5,0
PRD_EST_054,STR_002,2024-11-19,2,42.1,0
PRD_EST_054,STR_003,2024-11-19,2,44.3,0
PRD_EST_054,STR_004,2024-11-19,2,42.9,0
PRD_EST_054,STR_005,2024-11-19,2,39.6,0
PRD_EST_054,STR_006,2024-11-19,2,35.1,0
PRD_EST_054,STR_007,2024-11-19,2,41.2,0
PRD_EST_054,STR_008,2024-11-19,2,42.6,0
PRD_EST_054,STR_009,2024-11-19,2,40.4,0
PRD_EST_054,STR_010,2024-11-19,2,46.4,0
PRD_EST_054,STR_011,2024-11-19,2,45.4,0
PRD_EST_054,STR_012,2024-11-19,2,53.2,0
PRD_EST_054,STR_013,2024-11-19,2,40.6,0
PRD_EST_054,STR_014,2024-11-19,2,45.2,0
PRD_EST_054,STR_015,2024-11-19,2,44.9,0
PRD_EST_054,STR_001,2024-11-26,3,35.9,0
PRD_EST_054,STR_002,2024-11-26,3,33.1,0
PRD_EST_054,STR_003,2024-11-26,3,35.0,0
PRD_EST_054,STR_004,2024-11-26,3,31.2,0
PRD_EST_054,STR_005,2024-11-26,3,35.1,0
PRD_EST_054,STR_006,2024-11-26,3,29.8,0
PRD_EST_054,STR_007,2024-11-26,3,31.6,0
PRD_EST_054,STR_008,2024-11-26,3,31.0,0
PRD_EST_054,STR_009,2024-11-26,3,32.0,0
PRD_EST_054,STR_010,2024-11-26,3,37.0,0
PRD_EST_054,STR_011,2024-11-26,3,38.0,0
PRD_EST_054,STR_012,2024-11-26,3,44.8,0
PRD_EST_054,STR_013,2024-11-26,3,30.4,0
PRD_EST_054,STR_014,2024-11-26,3,31.2,0
PRD_EST_054,STR_015,2024-11-26,3,38.5,0
PRD_EST_054,STR_001,2024-12-03,4,29.7,0
PRD_EST_054,STR_002,2024-12-03,4,30.7,0
PRD_EST_054,STR_003,2024-12-03,4,29.7,0
PRD_EST_054,STR_004,2024-12-03,4,29.1,0
PRD_EST_054,STR_005,2024-12-03,4,29.5,0
PRD_EST_054,STR_006,2024-12-03,4,24.2,0
PRD_EST_054,STR_007,2024-12-03,4,28.4,0
PRD_EST_054,STR_008,2024-12-03,4,30.4,0
PRD_EST_054,STR_009,2024-12-03,4,28.4,0
PRD_EST_054,STR_010,2024-12-03,4,32.2,0
PRD_EST_054,STR_011,2024-12-03,4,35.9,0
PRD_EST_054,STR_012,2024-12-03,4,36.8,0
PRD_EST_054,STR_013,2024-12-03,4,27.1,0
PRD_EST_054,STR_014,2024-12-03,4,28.1,0
PRD_EST_054,STR_015,2024-12-03,4,35.5,0
PRD_EST_054,STR_001,2024-12-10,5,32.3,0
PRD_EST_054,STR_002,2024-12-10,5,34.9,0
PRD_EST_054,STR_003,2024-12-10,5,33.5,0
PRD_EST_054,STR_004,2024-12-10,5,29.4,0
PRD_EST_054,STR_005,2024-12-10,5,32.5,0
PRD_EST_054,STR_006,2024-12-10,5,27.1,0
PRD_EST_054,STR_007,2024-12-10,5,32.0,0
PRD_EST_054,STR_008,2024-12-10,5,29.9,0
PRD_EST_054,STR_009,2024-12-10,5,33.0,0
PRD_EST_054,STR_010,2024-12-10,5,35.4,0
PRD_EST_054,STR_011,2024-12-10,5,35.0,0
PRD_EST_054,STR_012,2024-12-10,5,37.5,0
PRD_EST_054,STR_013,2024-12-10,5,29.8,0
PRD_EST_054,STR_014,2024-12-10,5,31.5,0
PRD_EST_054,STR_015,2024-12-10,5,36.4,0
PRD_EST_054,STR_001,2024-12-17,6,36.5,0
PRD_EST_054,STR_002,2024-12-17,6,35.0,0
PRD_EST_054,STR_003,2024-12-17,6,39.2,0
PRD_EST_054,STR_004,2024-12-17,6,36.3,0
PRD_EST_054,STR_005,2024-12-17,6,34.1,0
PRD_EST_054,STR_006,2024-12-17,6,30.9,0
PRD_EST_054,STR_007,2024-12-17,6,31.9,0
PRD_EST_054,STR_008,2024-12-17,6,32.9,0
PRD_EST_054,STR_009,2024-12-17,6,36.1,0
PRD_EST_054,STR_010,2024-12-17,6,35.9,0
PRD_EST_054,STR_011,2024-12-17,6,42.6,0
PRD_EST_054,STR_012,2024-12-17,6,47.9,0
PRD_EST_054,STR_013,2024-12-17,6,37.5,0
PRD_EST_054,STR_014,2024-12-17,6,37.2,0
PRD_EST_054,STR_015,2024-12-17,6,41.9,0
PRD_EST_054,STR_001,2024-12-24,7,38.1,0
PRD_EST_054,STR_002,2024-12-24,7,35.6,0
PRD_EST_054,STR_003,2024-12-24,7,35.1,0
PRD_EST_054,STR_004,2024-12-24,7,31.6,0
PRD_EST_054,STR_005,2024-12-24,7,32.0,0
PRD_EST_054,STR_006,2024-12-24,7,31.8,0
PRD_EST_054,STR_007,2024-12-24,7,33.6,0
PRD_EST_054,STR_008,2024-12-24,7,36.6,0
PRD_EST_054,STR_009,2024-12-24,7,33.2,0
PRD_EST_054,STR_010,2024-12-24,7,34.7,0
PRD_EST_054,STR_011,2024-12-24,7,37.2,0
PRD_EST_054,STR_012,2024-12-24,7,43.2,0
PRD_EST_054,STR_013,2024-12-24,7,37.1,0
PRD_EST_054,STR_014,2024-12-24,7,34.2,0
PRD_EST_054,STR_015,2024-12-24,7,37.1,0
PRD_EST_054,STR_001,2024-12-31,8,37.3,0
PRD_EST_054,STR_002,2024-12-31,8,35.0,0
PRD_EST_054,STR_003,2024-12-31,8,38.9,0
PRD_EST_054,STR_004,2024-12-31,8,36.1,0
PRD_EST_054,STR_005,2024-12-31,8,37.0,0
PRD_EST_054,STR_006,2024-12-31,8,29.2,0
PRD_EST_054,STR_007,2024-12-31,8,30.9,0
PRD_EST_054,STR_008,2024-12-31,8,34.2,0
PRD_EST_054,STR_009,2024-12-31,8,32.1,0
PRD_EST_054,STR_010,2024-12-31,8,35.7,0
PRD_EST_054,STR_011,2024-12-31,8,40.7,0
PRD_EST_054,STR_012,2024-12-31,8,42.1,0
PRD_EST_054,STR_013,2024-12-31,8,33.2,0
PRD_EST_054,STR_014,2024-12-31,8,35.8,0
PRD_EST_054,STR_015,2024-12-31,8,42.3,0
PRD_EST_055,STR_001,2025-12-06,1,95.9,0
PRD_EST_055,STR_002,2025-12-06,1,92.2,0
PRD_EST_055,STR_003,2025-12-06,1,94.5,0
PRD_EST_055,STR_004,2025-12-06,1,125.1,0
PRD_EST_055,STR_005,2025-12-06,1,134.0,0
PRD_EST_055,STR_006,2025-12-06,1,124.5,0
PRD_EST_055,STR_007,2025-12-06,1,82.5,0
PRD_EST_055,STR_008,2025-12-06,1,94.1,0
PRD_EST_055,STR_009,2025-12-06,1,99.7,0
PRD_EST_055,STR_010,2025-12-06,1,104.6,0
PRD_EST_055,STR_011,2025-12-06,1,103.1,0
PRD_EST_055,STR_012,2025-12-06,1,128.5,0
PRD_EST_055,STR_013,2025-12-06,1,132.6,0
PRD_EST_055,STR_014,2025-12-06,1,143.5,0
PRD_EST_055,STR_015,2025-12-06,1,110.0,0
PRD_EST_055,STR_001,2025-12-13,2,88.2,0
PRD_EST_055,STR_002,2025-12-13,2,93.3,0
PRD_EST_055,STR_003,2025-12-13,2,89.4,0
PRD_EST_055,STR_004,2025-12-13,2,110.1,0
PRD_EST_055,STR_005,2025-12-13,2,118.1,0
PRD_EST_055,STR_006,2025-12-13,2,107.5,0
PRD_EST_055,STR_007,2025-12-13,2,74.9,0
PRD_EST_055,STR_008,2025-12-13,2,86.6,0
PRD_EST_055,STR_009,2025-12-13,2,80.8,0
PRD_EST_055,STR_010,2025-12-13,2,84.4,0
PRD_EST_055,STR_011,2025-12-13,2,97.0,0
PRD_EST_055,STR_012,2025-12-13,2,106.3,0
PRD_EST_055,STR_013,2025-12-13,2,112.2,0
PRD_EST_055,STR_014,2025-12-13,2,119.4,0
PRD_EST_055,STR_015,2025-12-13,2,89.4,0
PRD_EST_055,STR_001,2025-12-20,3,62.1,0
PRD_EST_055,STR_002,2025-12-20,3,66.7,0
PRD_EST_055,STR_003,2025-12-20,3,59.2,0
PRD_EST_055,STR_004,2025-12-20,3,82.3,0
PRD_EST_055,STR_005,2025-12-20,3,87.7,0
PRD_EST_055,STR_006,2025-12-20,3,70.0,0
PRD_EST_055,STR_007,2025-12-20,3,57.2,0
PRD_EST_055,STR_008,2025-12-20,3,60.9,0
PRD_EST_055,STR_009,2025-12-20,3,58.9,0
PRD_EST_055,STR_010,2025-12-20,3,57.5,0
PRD_EST_055,STR_011,2025-12-20,3,66.6,0
PRD_EST_055,STR_012,2025-12-20,3,72.4,0
PRD_EST_055,STR_013,2025-12-20,3,77.1,0
PRD_EST_055,STR_014,2025-12-20,3,79.4,0
PRD_EST_055,STR_015,2025-12-20,3,61.7,0
PRD_EST_055,STR_001,2025-12-27,4,65.1,0
PRD_EST_055,STR_002,2025-12-27,4,62.6,0
PRD_EST_055,STR_003,2025-12-27,4,66.0,0
PRD_EST_055,STR_004,2025-12-27,4,83.5,0
PRD_EST_055,STR_005,2025-12-27,4,79.8,0
PRD_EST_055,STR_006,2025-12-27,4,69.4,0
PRD_EST_055,STR_007,2025-12-27,4,56.1,0
PRD_EST_055,STR_008,2025-12-27,4,60.6,0
PRD_EST_055,STR_009,2025-12-27,4,57.7,0
PRD_EST_055,STR_010,2025-12-27,4,66.3,0
PRD_EST_055,STR_011,2025-12-27,4,69.3,0
PRD_EST_055,STR_012,2025-12-27,4,71.9,0
PRD_EST_055,STR_013,2025-12-27,4,75.0,0
PRD_EST_055,STR_014,2025-12-27,4,87.5,0
PRD_EST_055,STR_015,2025-12-27,4,64.6,0
PRD_EST_055,STR_001,2026-01-03,5,60.6,0
PRD_EST_055,STR_002,2026-01-03,5,64.3,0
PRD_EST_055,STR_003,2026-01-03,5,68.0,0
PRD_EST_055,STR_004,2026-01-03,5,85.6,0
PRD_EST_055,STR_005,2026-01-03,5,81.7,0
PRD_EST_055,STR_006,2026-01-03,5,76.8,0
PRD_EST_055,STR_007,2026-01-03,5,58.9,0
PRD_EST_055,STR_008,2026-01-03,5,61.4,0
PRD_EST_055,STR_009,2026-01-03,5,58.5,0
PRD_EST_055,STR_010,2026-01-03,5,62.1,0
PRD_EST_055,STR_011,2026-01-03,5,69.6,0
PRD_EST_055,STR_012,2026-01-03,5,71.1,0
PRD_EST_055,STR_013,2026-01-03,5,89.2,0
PRD_EST_055,STR_014,2026-01-03,5,80.1,0
PRD_EST_055,STR_015,2026-01-03,5,65.4,0
PRD_EST_055,STR_001,2026-01-10,6,69.1,0
PRD_EST_055,STR_002,2026-01-10,6,64.5,0
PRD_EST_055,STR_003,2026-01-10,6,65.2,0
PRD_EST_055,STR_004,2026-01-10,6,83.5,0
PRD_EST_055,STR_005,2026-01-10,6,92.5,0
PRD_EST_055,STR_006,2026-01-10,6,84.1,0
PRD_EST_055,STR_007,2026-01-10,6,65.1,0
PRD_EST_055,STR_008,2026-01-10,6,61.9,0
PRD_EST_055,STR_009,2026-01-10,6,59.6,0
PRD_EST_055,STR_010,2026-01-10,6,70.9,0
PRD_EST_055,STR_011,2026-01-10,6,72.9,0
PRD_EST_055,STR_012,2026-01-10,6,85.7,0
PRD_EST_055,STR_013,2026-01-10,6,86.6,0
PRD_EST_055,STR_014,2026-01-10,6,87.4,0
PRD_EST_055,STR_015,2026-01-10,6,70.7,0
PRD_EST_055,STR_001,2026-01-17,7,67.8,0
PRD_EST_055,STR_002,2026-01-17,7,70.4,0
PRD_EST_055,STR_003,2026-01-17,7,72.5,0
PRD_EST_055,STR_004,2026-01-17,7,89.2,0
PRD_EST_055,STR_005,2026-01-17,7,98.8,0
PRD_EST_055,STR_006,2026-01-17,7,77.3,0
PRD_EST_055,STR_007,2026-01-17,7,68.0,0
PRD_EST_055,STR_008,2026-01-17,7,66.0,0
PRD_EST_055,STR_009,2026-01-17,7,62.8,0
PRD_EST_055,STR_010,2026-01-17,7,70.3,0
PRD_EST_055,STR_011,2026-01-17,7,78.1,0
PRD_EST_055,STR_012,2026-01-17,7,89.0,0
PRD_EST_055,STR_013,2026-01-17,7,97.5,0
PRD_EST_055,STR_014,2026-01-17,7,100.4,0
PRD_EST_055,STR_015,2026-01-17,7,80.0,0
PRD_EST_055,STR_001,2026-01-24,8,60.0,0
PRD_EST_055,STR_002,2026-01-24,8,64.5,0
PRD_EST_055,STR_003,2026-01-24,8,69.4,0
PRD_EST_055,STR_004,2026-01-24,8,89.3,0
PRD_EST_055,STR_005,2026-01-24,8,93.4,0
PRD_EST_055,STR_006,2026-01-24,8,77.9,0
PRD_EST_055,STR_007,2026-01-24,8,55.2,0
PRD_EST_055,STR_008,2026-01-24,8,64.3,0
PRD_EST_055,STR_009,2026-01-24,8,59.0,0
PRD_EST_055,STR_010,2026-01-24,8,65.3,0
PRD_EST_055,STR_011,2026-01-24,8,71.7,0
PRD_EST_055,STR_012,2026-01-24,8,77.8,0
PRD_EST_055,STR_013,2026-01-24,8,88.1,0
PRD_EST_055,STR_014,2026-01-24,8,82.4,0
PRD_EST_055,STR_015,2026-01-24,8,66.6,0
PRD_EST_056,STR_001,2024-11-10,1,137.4,1
PRD_EST_056,STR_002,2024-11-10,1,135.0,1
PRD_EST_056,STR_003,2024-11-10,1,126.9,1
PRD_EST_056,STR_004,2024-11-10,1,190.8,1
PRD_EST_056,STR_005,2024-11-10,1,179.2,1
PRD_EST_056,STR_006,2024-11-10,1,161.6,1
PRD_EST_056,STR_007,2024-11-10,1,116.0,1
PRD_EST_056,STR_008,2024-11-10,1,128.2,1
PRD_EST_056,STR_009,2024-11-10,1,123.0,1
PRD_EST_056,STR_010,2024-11-10,1,146.1,1
PRD_EST_056,STR_011,2024-11-10,1,155.9,1
PRD_EST_056,STR_012,2024-11-10,1,165.9,1
PRD_EST_056,STR_013,2024-11-10,1,180.3,1
PRD_EST_056,STR_014,2024-11-10,1,190.0,1
PRD_EST_056,STR_015,2024-11-10,1,152.2,1
PRD_EST_056,STR_001,2024-11-17,2,119.0,1
PRD_EST_056,STR_002,2024-11-17,2,125.5,1
PRD_EST_056,STR_003,2024-11-17,2,121.9,1
PRD_EST_056,STR_004,2024-11-17,2,147.0,1
PRD_EST_056,STR_005,2024-11-17,2,144.9,1
PRD_EST_056,STR_006,2024-11-17,2,144.1,1
PRD_EST_056,STR_007,2024-11-17,2,106.8,1
PRD_EST_056,STR_008,2024-11-17,2,114.2,1
PRD_EST_056,STR_009,2024-11-17,2,113.2,1
PRD_EST_056,STR_010,2024-11-17,2,120.2,1
PRD_EST_056,STR_011,2024-11-17,2,124.2,1
PRD_EST_056,STR_012,2024-11-17,2,141.0,1
PRD_EST_056,STR_013,2024-11-17,2,159.4,1
PRD_EST_056,STR_014,2024-11-17,2,151.9,1
PRD_EST_056,STR_015,2024-11-17,2,128.6,1
PRD_EST_056,STR_001,2024-11-24,3,72.4,0
PRD_EST_056,STR_002,2024-11-24,3,72.0,0
PRD_EST_056,STR_003,2024-11-24,3,62.9,0
PRD_EST_056,STR_004,2024-11-24,3,125.4,0
PRD_EST_056,STR_005,2024-11-24,3,125.6,0
PRD_EST_056,STR_006,2024-11-24,3,114.8,0
PRD_EST_056,STR_007,2024-11-24,3,59.8,0
PRD_EST_056,STR_008,2024-11-24,3,65.4,0
PRD_EST_056,STR_009,2024-11-24,3,91.6,0
PRD_EST_056,STR_010,2024-11-24,3,68.5,0
PRD_EST_056,STR_011,2024-11-24,3,71.3,0
PRD_EST_056,STR_012,2024-11-24,3,81.5,0
PRD_EST_056,STR_013,2024-11-24,3,127.9,0
PRD_EST_056,STR_014,2024-11-24,3,119.1,0
PRD_EST_056,STR_015,2024-11-24,3,71.2,0
PRD_EST_056,STR_001,2024-12-01,4,76.6,0
PRD_EST_056,STR_002,2024-12-01,4,73.9,0
PRD_EST_056,STR_003,2024-12-01,4,70.7,0
PRD_EST_056,STR_004,2024-12-01,4,123.1,0
PRD_EST_056,STR_005,2024-12-01,4,127.8,0
PRD_EST_056,STR_006,2024-12-01,4,120.4,0
PRD_EST_056,STR_007,2024-12-01,4,66.5,0
PRD_EST_056,STR_008,2024-12-01,4,63.6,0
PRD_EST_056,STR_009,2024-12-01,4,92.9,0
PRD_EST_056,STR_010,2024-12-01,4,75.3,0
PRD_EST_056,STR_011,2024-12-01,4,77.2,0
PRD_EST_056,STR_012,2024-12-01,4,82.1,0
PRD_EST_056,STR_013,2024-12-01,4,133.4,0
PRD_EST_056,STR_014,2024-12-01,4,140.0,0
PRD_EST_056,STR_015,2024-12-01,4,76.3,0
PRD_EST_056,STR_001,2024-12-08,5,139.3,0
PRD_EST_056,STR_002,2024-12-08,5,156.7,0
PRD_EST_056,STR_003,2024-12-08,5,152.7,0
PRD_EST_056,STR_004,2024-12-08,5,174.5,0
PRD_EST_056,STR_005,2024-12-08,5,180.3,0
PRD_EST_056,STR_006,2024-12-08,5,175.0,0
PRD_EST_056,STR_007,2024-12-08,5,129.9,0
PRD_EST_056,STR_008,2024-12-08,5,140.7,0
PRD_EST_056,STR_009,2024-12-08,5,140.8,0
PRD_EST_056,STR_010,2024-12-08,5,137.7,0
PRD_EST_056,STR_011,2024-12-08,5,156.5,0
PRD_EST_056,STR_012,2024-12-08,5,181.4,0
PRD_EST_056,STR_013,2024-12-08,5,182.4,0
PRD_EST_056,STR_014,2024-12-08,5,185.7,0
PRD_EST_056,STR_015,2024-12-08,5,167.7,0
PRD_EST_056,STR_001,2024-12-15,6,78.4,0
PRD_EST_056,STR_002,2024-12-15,6,83.9,0
PRD_EST_056,STR_003,2024-12-15,6,75.9,0
PRD_EST_056,STR_004,2024-12-15,6,96.9,0
PRD_EST_056,STR_005,2024-12-15,6,101.1,0
PRD_EST_056,STR_006,2024-12-15,6,97.2,0
PRD_EST_056,STR_007,2024-12-15,6,68.4,0
PRD_EST_056,STR_008,2024-12-15,6,80.4,0
PRD_EST_056,STR_009,2024-12-15,6,73.5,0
PRD_EST_056,STR_010,2024-12-15,6,81.5,0
PRD_EST_056,STR_011,2024-12-15,6,89.5,0
PRD_EST_056,STR_012,2024-12-15,6,102.3,0
PRD_EST_056,STR_013,2024-12-15,6,99.7,0
PRD_EST_056,STR_014,2024-12-15,6,104.0,0
PRD_EST_056,STR_015,2024-12-15,6,84.4,0
PRD_EST_056,STR_001,2024-12-22,7,86.4,0
PRD_EST_056,STR_002,2024-12-22,7,88.3,0
PRD_EST_056,STR_003,2024-12-22,7,91.9,0
PRD_EST_056,STR_004,2024-12-22,7,117.9,0
PRD_EST_056,STR_005,2024-12-22,7,124.1,0
PRD_EST_056,STR_006,2024-12-22,7,99.1,0
PRD_EST_056,STR_007,2024-12-22,7,75.0,0
PRD_EST_056,STR_008,2024-12-22,7,89.1,0
PRD_EST_056,STR_009,2024-12-22,7,78.0,0
PRD_EST_056,STR_010,2024-12-22,7,91.8,0
PRD_EST_056,STR_011,2024-12-22,7,107.4,0
PRD_EST_056,STR_012,2024-12-22,7,102.5,0
PRD_EST_056,STR_013,2024-12-22,7,119.9,0
PRD_EST_056,STR_014,2024-12-22,7,112.4,0
PRD_EST_056,STR_015,2024-12-22,7,99.2,0
PRD_EST_056,STR_001,2024-12-29,8,101.0,0
PRD_EST_056,STR_002,2024-12-29,8,98.7,0
PRD_EST_056,STR_003,2024-12-29,8,101.3,0
PRD_EST_056,STR_004,2024-12-29,8,123.1,0
PRD_EST_056,STR_005,2024-12-29,8,122.9,0
PRD_EST_056,STR_006,2024-12-29,8,109.4,0
PRD_EST_056,STR_007,2024-12-29,8,82.6,0
PRD_EST_056,STR_008,2024-12-29,8,95.1,0
PRD_EST_056,STR_009,2024-12-29,8,95.6,0
PRD_EST_056,STR_010,2024-12-29,8,99.5,0
PRD_EST_056,STR_011,2024-12-29,8,111.4,0
PRD_EST_056,STR_012,2024-12-29,8,117.5,0
PRD_EST_056,STR_013,2024-12-29,8,122.5,0
PRD_EST_056,STR_014,2024-12-29,8,118.5,0
PRD_EST_056,STR_015,2024-12-29,8,99.7,0
PRD_EST_057,STR_001,2025-01-26,1,272.4,1
PRD_EST_057,STR_002,2025-01-26,1,256.7,1
PRD_EST_057,STR_003,2025-01-26,1,267.2,1
PRD_EST_057,STR_004,2025-01-26,1,280.7,1
PRD_EST_057,STR_005,2025-01-26,1,278.4,1
PRD_EST_057,STR_006,2025-01-26,1,241.5,1
PRD_EST_057,STR_007,2025-01-26,1,221.7,1
PRD_EST_057,STR_008,2025-01-26,1,267.1,1
PRD_EST_057,STR_009,2025-01-26,1,262.8,1
PRD_EST_057,STR_010,2025-01-26,1,275.3,1
PRD_EST_057,STR_011,2025-01-26,1,265.8,1
PRD_EST_057,STR_012,2025-01-26,1,309.8,1
PRD_EST_057,STR_013,2025-01-26,1,256.5,1
PRD_EST_057,STR_014,2025-01-26,1,296.3,1
PRD_EST_057,STR_015,2025-01-26,1,274.5,1
PRD_EST_057,STR_001,2025-02-02,2,235.4,1
PRD_EST_057,STR_002,2025-02-02,2,244.2,1
PRD_EST_057,STR_003,2025-02-02,2,236.3,1
PRD_EST_057,STR_004,2025-02-02,2,255.2,1
PRD_EST_057,STR_005,2025-02-02,2,238.8,1
PRD_EST_057,STR_006,2025-02-02,2,221.7,1
PRD_EST_057,STR_007,2025-02-02,2,228.5,1
PRD_EST_057,STR_008,2025-02-02,2,242.6,1
PRD_EST_057,STR_009,2025-02-02,2,241.8,1
PRD_EST_057,STR_010,2025-02-02,2,253.8,1
PRD_EST_057,STR_011,2025-02-02,2,281.0,1
PRD_EST_057,STR_012,2025-02-02,2,301.1,1
PRD_EST_057,STR_013,2025-02-02,2,245.0,1
PRD_EST_057,STR_014,2025-02-02,2,246.0,1
PRD_EST_057,STR_015,2025-02-02,2,243.8,1
PRD_EST_057,STR_001,2025-02-09,3,152.3,0
PRD_EST_057,STR_002,2025-02-09,3,155.3,0
PRD_EST_057,STR_003,2025-02-09,3,162.3,0
PRD_EST_057,STR_004,2025-02-09,3,160.4,0
PRD_EST_057,STR_005,2025-02-09,3,153.9,0
PRD_EST_057,STR_006,2025-02-09,3,150.2,0
PRD_EST_057,STR_007,2025-02-09,3,132.3,0
PRD_EST_057,STR_008,2025-02-09,3,149.1,0
PRD_EST_057,STR_009,2025-02-09,3,144.5,0
PRD_EST_057,STR_010,2025-02-09,3,162.7,0
PRD_EST_057,STR_011,2025-02-09,3,159.7,0
PRD_EST_057,STR_012,2025-02-09,3,184.0,0
PRD_EST_057,STR_013,2025-02-09,3,152.0,0
PRD_EST_057,STR_014,2025-02-09,3,169.6,0
PRD_EST_057,STR_015,2025-02-09,3,158.5,0
PRD_EST_057,STR_001,2025-02-16,4,138.3,0
PRD_EST_057,STR_002,2025-02-16,4,152.5,0
PRD_EST_057,STR_003,2025-02-16,4,150.3,0
PRD_EST_057,STR_004,2025-02-16,4,143.0,0
PRD_EST_057,STR_005,2025-02-16,4,154.6,0
PRD_EST_057,STR_006,2025-02-16,4,141.7,0
PRD_EST_057,STR_007,2025-02-16,4,123.4,0
PRD_EST_057,STR_008,2025-02-16,4,148.1,0
PRD_EST_057,STR_009,2025-02-16,4,145.8,0
PRD_EST_057,STR_010,2025-02-16,4,152.8,0
PRD_EST_057,STR_011,2025-02-16,4,153.9,0
PRD_EST_057,STR_012,2025-02-16,4,170.3,0
PRD_EST_057,STR_013,2025-02-16,4,154.1,0
PRD_EST_057,STR_014,2025-02-16,4,167.9,0
PRD_EST_057,STR_015,2025-02-16,4,148.4,0
PRD_EST_057,STR_001,2025-02-23,5,148.4,0
PRD_EST_057,STR_002,2025-02-23,5,160.2,0
PRD_EST_057,STR_003,2025-02-23,5,165.1,0
PRD_EST_057,STR_004,2025-02-23,5,155.4,0
PRD_EST_057,STR_005,2025-02-23,5,175.1,0
PRD_EST_057,STR_006,2025-02-23,5,157.7,0
PRD_EST_057,STR_007,2025-02-23,5,151.6,0
PRD_EST_057,STR_008,2025-02-23,5,157.0,0
PRD_EST_057,STR_009,2025-02-23,5,151.2,0
PRD_EST_057,STR_010,2025-02-23,5,163.0,0
PRD_EST_057,STR_011,2025-02-23,5,171.7,0
PRD_EST_057,STR_012,2025-02-23,5,199.3,0
PRD_EST_057,STR_013,2025-02-23,5,174.4,0
PRD_EST_057,STR_014,2025-02-23,5,168.3,0
PRD_EST_057,STR_015,2025-02-23,5,175.5,0
PRD_EST_057,STR_001,2025-03-02,6,143.7,0
PRD_EST_057,STR_002,2025-03-02,6,152.1,0
PRD_EST_057,STR_003,2025-03-02,6,151.0,0
PRD_EST_057,STR_004,2025-03-02,6,143.6,0
PRD_EST_057,STR_005,2025-03-02,6,143.9,0
PRD_EST_057,STR_006,2025-03-02,6,125.5,0
PRD_EST_057,STR_007,2025-03-02,6,119.6,0
PRD_EST_057,STR_008,2025-03-02,6,141.2,0
PRD_EST_057,STR_009,2025-03-02,6,143.8,0
PRD_EST_057,STR_010,2025-03-02,6,149.5,0
PRD_EST_057,STR_011,2025-03-02,6,148.4,0
PRD_EST_057,STR_012,2025-03-02,6,170.2,0
PRD_EST_057,STR_013,2025-03-02,6,160.4,0
PRD_EST_057,STR_014,2025-03-02,6,166.2,0
PRD_EST_057,STR_015,2025-03-02,6,156.8,0
PRD_EST_057,STR_001,2025-03-09,7,148.3,0
PRD_EST_057,STR_002,2025-03-09,7,151.5,0
PRD_EST_057,STR_003,2025-03-09,7,163.8,0
PRD_EST_057,STR_004,2025-03-09,7,179.5,0
PRD_EST_057,STR_005,2025-03-09,7,187.0,0
PRD_EST_057,STR_006,2025-03-09,7,147.8,0
PRD_EST_057,STR_007,2025-03-09,7,141.9,0
PRD_EST_057,STR_008,2025-03-09,7,158.4,0
PRD_EST_057,STR_009,2025-03-09,7,159.4,0
PRD_EST_057,STR_010,2025-03-09,7,163.4,0
PRD_EST_057,STR_011,2025-03-09,7,181.9,0
PRD_EST_057,STR_012,2025-03-09,7,188.1,0
PRD_EST_057,STR_013,2025-03-09,7,169.0,0
PRD_EST_057,STR_014,2025-03-09,7,176.5,0
PRD_EST_057,STR_015,2025-03-09,7,174.3,0
PRD_EST_057,STR_001,2025-03-16,8,168.3,0
PRD_EST_057,STR_002,2025-03-16,8,193.2,0
PRD_EST_057,STR_003,2025-03-16,8,190.2,0
PRD_EST_057,STR_004,2025-03-16,8,188.4,0
PRD_EST_057,STR_005,2025-03-16,8,191.0,0
PRD_EST_057,STR_006,2025-03-16,8,171.3,0
PRD_EST_057,STR_007,2025-03-16,8,151.5,0
PRD_EST_057,STR_008,2025-03-16,8,175.0,0
PRD_EST_057,STR_009,2025-03-16,8,176.7,0
PRD_EST_057,STR_010,2025-03-16,8,186.3,0
PRD_EST_057,STR_011,2025-03-16,8,201.4,0
PRD_EST_057,STR_012,2025-03-16,8,211.5,0
PRD_EST_057,STR_013,2025-03-16,8,205.3,0
PRD_EST_057,STR_014,2025-03-16,8,182.6,0
PRD_EST_057,STR_015,2025-03-16,8,209.8,0
PRD_EST_058,STR_001,2024-09-27,1,416.2,1
PRD_EST_058,STR_002,2024-09-27,1,413.8,1
PRD_EST_058,STR_003,2024-09-27,1,372.2,1
PRD_EST_058,STR_004,2024-09-27,1,553.7,1
PRD_EST_058,STR_005,2024-09-27,1,506.7,1
PRD_EST_058,STR_006,2024-09-27,1,467.1,1
PRD_EST_058,STR_007,2024-09-27,1,350.7,1
PRD_EST_058,STR_008,2024-09-27,1,408.2,1
PRD_EST_058,STR_009,2024-09-27,1,384.0,1
PRD_EST_058,STR_010,2024-09-27,1,423.3,1
PRD_EST_058,STR_011,2024-09-27,1,475.2,1
PRD_EST_058,STR_012,2024-09-27,1,488.3,1
PRD_EST_058,STR_013,2024-09-27,1,514.9,1
PRD_EST_058,STR_014,2024-09-27,1,555.0,1
PRD_EST_058,STR_015,2024-09-27,1,465.6,1
PRD_EST_058,STR_001,2024-10-04,2,375.2,1
PRD_EST_058,STR_002,2024-10-04,2,358.0,1
PRD_EST_058,STR_003,2024-10-04,2,366.0,1
PRD_EST_058,STR_004,2024-10-04,2,459.0,1
PRD_EST_058,STR_005,2024-10-04,2,500.7,1
PRD_EST_058,STR_006,2024-10-04,2,404.7,1
PRD_EST_058,STR_007,2024-10-04,2,342.8,1
PRD_EST_058,STR_008,2024-10-04,2,338.5,1
PRD_EST_058,STR_009,2024-10-04,2,320.2,1
PRD_EST_058,STR_010,2024-10-04,2,379.1,1
PRD_EST_058,STR_011,2024-10-04,2,405.5,1
PRD_EST_058,STR_012,2024-10-04,2,461.9,1
PRD_EST_058,STR_013,2024-10-04,2,507.4,1
PRD_EST_058,STR_014,2024-10-04,2,506.9,1
PRD_EST_058,STR_015,2024-10-04,2,389.7,1
PRD_EST_058,STR_001,2024-10-11,3,173.4,0
PRD_EST_058,STR_002,2024-10-11,3,174.5,0
PRD_EST_058,STR_003,2024-10-11,3,191.1,0
PRD_EST_058,STR_004,2024-10-11,3,233.7,0
PRD_EST_058,STR_005,2024-10-11,3,232.8,0
PRD_EST_058,STR_006,2024-10-11,3,206.6,0
PRD_EST_058,STR_007,2024-10-11,3,171.5,0
PRD_EST_058,STR_008,2024-10-11,3,181.7,0
PRD_EST_058,STR_009,2024-10-11,3,159.5,0
PRD_EST_058,STR_010,2024-10-11,3,192.0,0
PRD_EST_058,STR_011,2024-10-11,3,206.1,0
PRD_EST_058,STR_012,2024-10-11,3,230.3,0
PRD_EST_058,STR_013,2024-10-11,3,263.4,0
PRD_EST_058,STR_014,2024-10-11,3,235.3,0
PRD_EST_058,STR_015,2024-10-11,3,213.9,0
PRD_EST_058,STR_001,2024-10-18,4,179.5,0
PRD_EST_058,STR_002,2024-10-18,4,193.7,0
PRD_EST_058,STR_003,2024-10-18,4,196.2,0
PRD_EST_058,STR_004,2024-10-18,4,224.1,0
PRD_EST_058,STR_005,2024-10-18,4,263.2,0
PRD_EST_058,STR_006,2024-10-18,4,203.4,0
PRD_EST_058,STR_007,2024-10-18,4,151.8,0
PRD_EST_058,STR_008,2024-10-18,4,186.9,0
PRD_EST_058,STR_009,2024-10-18,4,175.6,0
PRD_EST_058,STR_010,2024-10-18,4,186.4,0
PRD_EST_058,STR_011,2024-10-18,4,217.0,0
PRD_EST_058,STR_012,2024-10-18,4,226.5,0
PRD_EST_058,STR_013,2024-10-18,4,238.4,0
PRD_EST_058,STR_014,2024-10-18,4,228.8,0
PRD_EST_058,STR_015,2024-10-18,4,189.6,0
PRD_EST_058,STR_001,2024-10-25,5,178.3,0
PRD_EST_058,STR_002,2024-10-25,5,186.1,0
PRD_EST_058,STR_003,2024-10-25,5,193.8,0
PRD_EST_058,STR_004,2024-10-25,5,241.5,0
PRD_EST_058,STR_005,2024-10-25,5,235.9,0
PRD_EST_058,STR_006,2024-10-25,5,217.4,0
PRD_EST_058,STR_007,2024-10-25,5,168.4,0
PRD_EST_058,STR_008,2024-10-25,5,175.0,0
PRD_EST_058,STR_009,2024-10-25,5,176.2,0
PRD_EST_058,STR_010,2024-10-25,5,191.2,0
PRD_EST_058,STR_011,2024-10-25,5,203.3,0
PRD_EST_058,STR_012,2024-10-25,5,210.5,0
PRD_EST_058,STR_013,2024-10-25,5,244.0,0
PRD_EST_058,STR_014,2024-10-25,5,238.0,0
PRD_EST_058,STR_015,2024-10-25,5,182.7,0
PRD_EST_058,STR_001,2024-11-01,6,197.5,0
PRD_EST_058,STR_002,2024-11-01,6,213.7,0
PRD_EST_058,STR_003,2024-11-01,6,219.8,0
PRD_EST_058,STR_004,2024-11-01,6,279.7,0
PRD_EST_058,STR_005,2024-11-01,6,263.4,0
PRD_EST_058,STR_006,2024-11-01,6,252.8,0
PRD_EST_058,STR_007,2024-11-01,6,192.7,0
PRD_EST_058,STR_008,2024-11-01,6,194.9,0
PRD_EST_058,STR_009,2024-11-01,6,207.8,0
PRD_EST_058,STR_010,2024-11-01,6,224.1,0
PRD_EST_058,STR_011,2024-11-01,6,223.2,0
PRD_EST_058,STR_012,2024-11-01,6,258.1,0
PRD_EST_058,STR_013,2024-11-01,6,288.8,0
PRD_EST_058,STR_014,2024-11-01,6,285.1,0
PRD_EST_058,STR_015,2024-11-01,6,233.1,0
PRD_EST_058,STR_001,2024-11-08,7,177.6,0
PRD_EST_058,STR_002,2024-11-08,7,178.5,0
PRD_EST_058,STR_003,2024-11-08,7,204.5,0
PRD_EST_058,STR_004,2024-11-08,7,262.3,0
PRD_EST_058,STR_005,2024-11-08,7,242.8,0
PRD_EST_058,STR_006,2024-11-08,7,235.3,0
PRD_EST_058,STR_007,2024-11-08,7,157.7,0
PRD_EST_058,STR_008,2024-11-08,7,183.0,0
PRD_EST_058,STR_009,2024-11-08,7,180.3,0
PRD_EST_058,STR_010,2024-11-08,7,201.5,0
PRD_EST_058,STR_011,2024-11-08,7,210.5,0
PRD_EST_058,STR_012,2024-11-08,7,232.7,0
PRD_EST_058,STR_013,2024-11-08,7,256.5,0
PRD_EST_058,STR_014,2024-11-08,7,267.2,0
PRD_EST_058,STR_015,2024-11-08,7,216.3,0
PRD_EST_058,STR_001,2024-11-15,8,209.0,0
PRD_EST_058,STR_002,2024-11-15,8,234.0,0
PRD_EST_058,STR_003,2024-11-15,8,241.6,0
PRD_EST_058,STR_004,2024-11-15,8,312.1,0
PRD_EST_058,STR_005,2024-11-15,8,284.3,0
PRD_EST_058,STR_006,2024-11-15,8,266.7,0
PRD_EST_058,STR_007,2024-11-15,8,189.9,0
PRD_EST_058,STR_008,2024-11-15,8,214.4,0
PRD_EST_058,STR_009,2024-11-15,8,220.1,0
PRD_EST_058,STR_010,2024-11-15,8,211.3,0
PRD_EST_058,STR_011,2024-11-15,8,232.4,0
PRD_EST_058,STR_012,2024-11-15,8,259.0,0
PRD_EST_058,STR_013,2024-11-15,8,280.4,0
PRD_EST_058,STR_014,2024-11-15,8,305.7,0
PRD_EST_058,STR_015,2024-11-15,8,255.8,0
PRD_EST_059,STR_001,2025-04-21,1,91.5,0
PRD_EST_059,STR_002,2025-04-21,1,90.8,0
PRD_EST_059,STR_003,2025-04-21,1,87.8,0
PRD_EST_059,STR_004,2025-04-21,1,93.6,0
PRD_EST_059,STR_005,2025-04-21,1,97.3,0
PRD_EST_059,STR_006,2025-04-21,1,83.0,0
PRD_EST_059,STR_007,2025-04-21,1,84.9,0
PRD_EST_059,STR_008,2025-04-21,1,81.7,0
PRD_EST_059,STR_009,2025-04-21,1,83.2,0
PRD_EST_059,STR_010,2025-04-21,1,84.4,0
PRD_EST_059,STR_011,2025-04-21,1,91.1,0
PRD_EST_059,STR_012,2025-04-21,1,112.5,0
PRD_EST_059,STR_013,2025-04-21,1,89.5,0
PRD_EST_059,STR_014,2025-04-21,1,90.6,0
PRD_EST_059,STR_015,2025-04-21,1,92.3,0
PRD_EST_059,STR_001,2025-04-28,2,71.7,0
PRD_EST_059,STR_002,2025-04-28,2,73.8,0
PRD_EST_059,STR_003,2025-04-28,2,69.9,0
PRD_EST_059,STR_004,2025-04-28,2,68.6,0
PRD_EST_059,STR_005,2025-04-28,2,71.7,0
PRD_EST_059,STR_006,2025-04-28,2,60.4,0
PRD_EST_059,STR_007,2025-04-28,2,62.4,0
PRD_EST_059,STR_008,2025-04-28,2,60.6,0
PRD_EST_059,STR_009,2025-04-28,2,61.7,0
PRD_EST_059,STR_010,2025-04-28,2,67.5,0
PRD_EST_059,STR_011,2025-04-28,2,80.5,0
PRD_EST_059,STR_012,2025-04-28,2,81.8,0
PRD_EST_059,STR_013,2025-04-28,2,67.7,0
PRD_EST_059,STR_014,2025-04-28,2,71.2,0
PRD_EST_059,STR_015,2025-04-28,2,73.2,0
PRD_EST_059,STR_001,2025-05-05,3,50.7,0
PRD_EST_059,STR_002,2025-05-05,3,50.0,0
PRD_EST_059,STR_003,2025-05-05,3,46.3,0
PRD_EST_059,STR_004,2025-05-05,3,53.8,0
PRD_EST_059,STR_005,2025-05-05,3,57.2,0
PRD_EST_059,STR_006,2025-05-05,3,47.9,0
PRD_EST_059,STR_007,2025-05-05,3,42.1,0
PRD_EST_059,STR_008,2025-05-05,3,46.0,0
PRD_EST_059,STR_009,2025-05-05,3,47.6,0
PRD_EST_059,STR_010,2025-05-05,3,52.2,0
PRD_EST_059,STR_011,2025-05-05,3,55.5,0
PRD_EST_059,STR_012,2025-05-05,3,59.3,0
PRD_EST_059,STR_013,2025-05-05,3,49.5,0
PRD_EST_059,STR_014,2025-05-05,3,57.7,0
PRD_EST_059,STR_015,2025-05-05,3,52.9,0
PRD_EST_059,STR_001,2025-05-12,4,44.7,0
PRD_EST_059,STR_002,2025-05-12,4,49.8,0
PRD_EST_059,STR_003,2025-05-12,4,45.6,0
PRD_EST_059,STR_004,2025-05-12,4,48.0,0
PRD_EST_059,STR_005,2025-05-12,4,48.9,0
PRD_EST_059,STR_006,2025-05-12,4,46.1,0
PRD_EST_059,STR_007,2025-05-12,4,40.6,0
PRD_EST_059,STR_008,2025-05-12,4,47.3,0
PRD_EST_059,STR_009,2025-05-12,4,44.7,0
PRD_EST_059,STR_010,2025-05-12,4,47.7,0
PRD_EST_059,STR_011,2025-05-12,4,51.8,0
PRD_EST_059,STR_012,2025-05-12,4,62.7,0
PRD_EST_059,STR_013,2025-05-12,4,49.4,0
PRD_EST_059,STR_014,2025-05-12,4,48.6,0
PRD_EST_059,STR_015,2025-05-12,4,51.7,0
PRD_EST_059,STR_001,2025-05-19,5,53.5,0
PRD_EST_059,STR_002,2025-05-19,5,49.3,0
PRD_EST_059,STR_003,2025-05-19,5,47.1,0
PRD_EST_059,STR_004,2025-05-19,5,56.1,0
PRD_EST_059,STR_005,2025-05-19,5,50.9,0
PRD_EST_059,STR_006,2025-05-19,5,48.7,0
PRD_EST_059,STR_007,2025-05-19,5,43.4,0
PRD_EST_059,STR_008,2025-05-19,5,50.0,0
PRD_EST_059,STR_009,2025-05-19,5,46.9,0
PRD_EST_059,STR_010,2025-05-19,5,50.6,0
PRD_EST_059,STR_011,2025-05-19,5,57.1,0
PRD_EST_059,STR_012,2025-05-19,5,64.4,0
PRD_EST_059,STR_013,2025-05-19,5,53.5,0
PRD_EST_059,STR_014,2025-05-19,5,55.1,0
PRD_EST_059,STR_015,2025-05-19,5,57.6,0
PRD_EST_059,STR_001,2025-05-26,6,55.0,0
PRD_EST_059,STR_002,2025-05-26,6,62.9,0
PRD_EST_059,STR_003,2025-05-26,6,57.7,0
PRD_EST_059,STR_004,2025-05-26,6,59.8,0
PRD_EST_059,STR_005,2025-05-26,6,65.0,0
PRD_EST_059,STR_006,2025-05-26,6,58.9,0
PRD_EST_059,STR_007,2025-05-26,6,52.5,0
PRD_EST_059,STR_008,2025-05-26,6,56.3,0
PRD_EST_059,STR_009,2025-05-26,6,57.9,0
PRD_EST_059,STR_010,2025-05-26,6,58.5,0
PRD_EST_059,STR_011,2025-05-26,6,60.7,0
PRD_EST_059,STR_012,2025-05-26,6,65.4,0
PRD_EST_059,STR_013,2025-05-26,6,62.1,0
PRD_EST_059,STR_014,2025-05-26,6,59.7,0
PRD_EST_059,STR_015,2025-05-26,6,59.4,0
PRD_EST_059,STR_001,2025-06-02,7,47.0,0
PRD_EST_059,STR_002,2025-06-02,7,50.3,0
PRD_EST_059,STR_003,2025-06-02,7,45.0,0
PRD_EST_059,STR_004,2025-06-02,7,52.5,0
PRD_EST_059,STR_005,2025-06-02,7,55.6,0
PRD_EST_059,STR_006,2025-06-02,7,46.8,0
PRD_EST_059,STR_007,2025-06-02,7,41.4,0
PRD_EST_059,STR_008,2025-06-02,7,46.6,0
PRD_EST_059,STR_009,2025-06-02,7,46.8,0
PRD_EST_059,STR_010,2025-06-02,7,46.0,0
PRD_EST_059,STR_011,2025-06-02,7,57.4,0
PRD_EST_059,STR_012,2025-06-02,7,61.4,0
PRD_EST_059,STR_013,2025-06-02,7,51.2,0
PRD_EST_059,STR_014,2025-06-02,7,50.4,0
PRD_EST_059,STR_015,2025-06-02,7,51.6,0
PRD_EST_059,STR_001,2025-06-09,8,57.2,0
PRD_EST_059,STR_002,2025-06-09,8,57.4,0
PRD_EST_059,STR_003,2025-06-09,8,56.8,0
PRD_EST_059,STR_004,2025-06-09,8,54.7,0
PRD_EST_059,STR_005,2025-06-09,8,60.9,0
PRD_EST_059,STR_006,2025-06-09,8,54.1,0
PRD_EST_059,STR_007,2025-06-09,8,47.4,0
PRD_EST_059,STR_008,2025-06-09,8,49.6,0
PRD_EST_059,STR_009,2025-06-09,8,47.2,0
PRD_EST_059,STR_010,2025-06-09,8,50.4,0
PRD_EST_059,STR_011,2025-06-09,8,61.6,0
PRD_EST_059,STR_012,2025-06-09,8,70.0,0
PRD_EST_059,STR_013,2025-06-09,8,54.0,0
PRD_EST_059,STR_014,2025-06-09,8,54.1,0
PRD_EST_059,STR_015,2025-06-09,8,60.5,0
PRD_EST_060,STR_001,2025-06-19,1,189.5,0
PRD_EST_060,STR_002,2025-06-19,1,182.9,0
PRD_EST_060,STR_003,2025-06-19,1,189.2,0
PRD_EST_060,STR_004,2025-06-19,1,206.6,0
PRD_EST_060,STR_005,2025-06-19,1,205.8,0
PRD_EST_060,STR_006,2025-06-19,1,179.4,0
PRD_EST_060,STR_007,2025-06-19,1,170.7,0
PRD_EST_060,STR_008,2025-06-19,1,182.5,0
PRD_EST_060,STR_009,2025-06-19,1,166.4,0
PRD_EST_060,STR_010,2025-06-19,1,192.8,0
PRD_EST_060,STR_011,2025-06-19,1,218.8,0
PRD_EST_060,STR_012,2025-06-19,1,236.1,0
PRD_EST_060,STR_013,2025-06-19,1,207.9,0
PRD_EST_060,STR_014,2025-06-19,1,200.9,0
PRD_EST_060,STR_015,2025-06-19,1,203.5,0
PRD_EST_060,STR_001,2025-06-26,2,170.7,0
PRD_EST_060,STR_002,2025-06-26,2,182.3,0
PRD_EST_060,STR_003,2025-06-26,2,174.5,0
PRD_EST_060,STR_004,2025-06-26,2,188.0,0
PRD_EST_060,STR_005,2025-06-26,2,181.6,0
PRD_EST_060,STR_006,2025-06-26,2,151.6,0
PRD_EST_060,STR_007,2025-06-26,2,140.8,0
PRD_EST_060,STR_008,2025-06-26,2,169.1,0
PRD_EST_060,STR_009,2025-06-26,2,158.9,0
PRD_EST_060,STR_010,2025-06-26,2,182.0,0
PRD_EST_060,STR_011,2025-06-26,2,184.2,0
PRD_EST_060,STR_012,2025-06-26,2,201.2,0
PRD_EST_060,STR_013,2025-06-26,2,175.4,0
PRD_EST_060,STR_014,2025-06-26,2,171.5,0
PRD_EST_060,STR_015,2025-06-26,2,194.9,0
PRD_EST_060,STR_001,2025-07-03,3,122.8,0
PRD_EST_060,STR_002,2025-07-03,3,130.1,0
PRD_EST_060,STR_003,2025-07-03,3,134.8,0
PRD_EST_060,STR_004,2025-07-03,3,126.7,0
PRD_EST_060,STR_005,2025-07-03,3,133.4,0
PRD_EST_060,STR_006,2025-07-03,3,116.8,0
PRD_EST_060,STR_007,2025-07-03,3,109.8,0
PRD_EST_060,STR_008,2025-07-03,3,126.9,0
PRD_EST_060,STR_009,2025-07-03,3,122.1,0
PRD_EST_060,STR_010,2025-07-03,3,123.5,0
PRD_EST_060,STR_011,2025-07-03,3,137.7,0
PRD_EST_060,STR_012,2025-07-03,3,167.1,0
PRD_EST_060,STR_013,2025-07-03,3,139.5,0
PRD_EST_060,STR_014,2025-07-03,3,146.5,0
PRD_EST_060,STR_015,2025-07-03,3,128.9,0
PRD_EST_060,STR_001,2025-07-10,4,107.9,0
PRD_EST_060,STR_002,2025-07-10,4,111.8,0
PRD_EST_060,STR_003,2025-07-10,4,109.5,0
PRD_EST_060,STR_004,2025-07-10,4,111.9,0
PRD_EST_060,STR_005,2025-07-10,4,119.1,0
PRD_EST_060,STR_006,2025-07-10,4,99.7,0
PRD_EST_060,STR_007,2025-07-10,4,95.4,0
PRD_EST_060,STR_008,2025-07-10,4,95.5,0
PRD_EST_060,STR_009,2025-07-10,4,108.9,0
PRD_EST_060,STR_010,2025-07-10,4,104.2,0
PRD_EST_060,STR_011,2025-07-10,4,117.8,0
PRD_EST_060,STR_012,2025-07-10,4,124.2,0
PRD_EST_060,STR_013,2025-07-10,4,115.6,0
PRD_EST_060,STR_014,2025-07-10,4,110.3,0
PRD_EST_060,STR_015,2025-07-10,4,118.5,0
PRD_EST_060,STR_001,2025-07-17,5,110.3,0
PRD_EST_060,STR_002,2025-07-17,5,110.9,0
PRD_EST_060,STR_003,2025-07-17,5,117.8,0
PRD_EST_060,STR_004,2025-07-17,5,116.4,0
PRD_EST_060,STR_005,2025-07-17,5,129.0,0
PRD_EST_060,STR_006,2025-07-17,5,105.4,0
PRD_EST_060,STR_007,2025-07-17,5,103.3,0
PRD_EST_060,STR_008,2025-07-17,5,108.0,0
PRD_EST_060,STR_009,2025-07-17,5,109.0,0
PRD_EST_060,STR_010,2025-07-17,5,112.0,0
PRD_EST_060,STR_011,2025-07-17,5,136.2,0
PRD_EST_060,STR_012,2025-07-17,5,133.7,0
PRD_EST_060,STR_013,2025-07-17,5,123.3,0
PRD_EST_060,STR_014,2025-07-17,5,134.0,0
PRD_EST_060,STR_015,2025-07-17,5,120.2,0
PRD_EST_060,STR_001,2025-07-24,6,125.3,0
PRD_EST_060,STR_002,2025-07-24,6,128.4,0
PRD_EST_060,STR_003,2025-07-24,6,126.8,0
PRD_EST_060,STR_004,2025-07-24,6,143.5,0
PRD_EST_060,STR_005,2025-07-24,6,131.6,0
PRD_EST_060,STR_006,2025-07-24,6,115.2,0
PRD_EST_060,STR_007,2025-07-24,6,107.0,0
PRD_EST_060,STR_008,2025-07-24,6,120.6,0
PRD_EST_060,STR_009,2025-07-24,6,125.9,0
PRD_EST_060,STR_010,2025-07-24,6,138.1,0
PRD_EST_060,STR_011,2025-07-24,6,134.8,0
PRD_EST_060,STR_012,2025-07-24,6,149.3,0
PRD_EST_060,STR_013,2025-07-24,6,136.4,0
PRD_EST_060,STR_014,2025-07-24,6,143.4,0
PRD_EST_060,STR_015,2025-07-24,6,134.5,0
PRD_EST_060,STR_001,2025-07-31,7,123.5,0
PRD_EST_060,STR_002,2025-07-31,7,127.5,0
PRD_EST_060,STR_003,2025-07-31,7,132.6,0
PRD_EST_060,STR_004,2025-07-31,7,136.6,0
PRD_EST_060,STR_005,2025-07-31,7,131.1,0
PRD_EST_060,STR_006,2025-07-31,7,123.1,0
PRD_EST_060,STR_007,2025-07-31,7,119.5,0
PRD_EST_060,STR_008,2025-07-31,7,119.6,0
PRD_EST_060,STR_009,2025-07-31,7,126.2,0
PRD_EST_060,STR_010,2025-07-31,7,133.4,0
PRD_EST_060,STR_011,2025-07-31,7,136.5,0
PRD_EST_060,STR_012,2025-07-31,7,143.4,0
PRD_EST_060,STR_013,2025-07-31,7,125.1,0
PRD_EST_060,STR_014,2025-07-31,7,125.8,0
PRD_EST_060,STR_015,2025-07-31,7,128.7,0
PRD_EST_060,STR_001,2025-08-07,8,130.5,0
PRD_EST_060,STR_002,2025-08-07,8,137.6,0
PRD_EST_060,STR_003,2025-08-07,8,126.4,0
PRD_EST_060,STR_004,2025-08-07,8,141.7,0
PRD_EST_060,STR_005,2025-08-07,8,137.1,0
PRD_EST_060,STR_006,2025-08-07,8,132.6,0
PRD_EST_060,STR_007,2025-08-07,8,121.9,0
PRD_EST_060,STR_008,2025-08-07,8,123.4,0
PRD_EST_060,STR_009,2025-08-07,8,119.1,0
PRD_EST_060,STR_010,2025-08-07,8,131.7,0
PRD_EST_060,STR_011,2025-08-07,8,151.1,0
PRD_EST_060,STR_012,2025-08-07,8,153.1,0
PRD_EST_060,STR_013,2025-08-07,8,131.5,0
PRD_EST_060,STR_014,2025-08-07,8,142.4,0
PRD_EST_060,STR_015,2025-08-07,8,136.4,0
PRD_EST_061,STR_001,2025-07-14,1,340.1,1
PRD_EST_061,STR_002,2025-07-14,1,318.0,1
PRD_EST_061,STR_003,2025-07-14,1,316.5,1
PRD_EST_061,STR_004,2025-07-14,1,432.8,1
PRD_EST_061,STR_005,2025-07-14,1,432.7,1
PRD_EST_061,STR_006,2025-07-14,1,374.1,1
PRD_EST_061,STR_007,2025-07-14,1,283.0,1
PRD_EST_061,STR_008,2025-07-14,1,293.9,1
PRD_EST_061,STR_009,2025-07-14,1,299.6,1
PRD_EST_061,STR_010,2025-07-14,1,356.6,1
PRD_EST_061,STR_011,2025-07-14,1,363.2,1
PRD_EST_061,STR_012,2025-07-14,1,408.9,1
PRD_EST_061,STR_013,2025-07-14,1,458.6,1
PRD_EST_061,STR_014,2025-07-14,1,488.4,1
PRD_EST_061,STR_015,2025-07-14,1,346.7,1
PRD_EST_061,STR_001,2025-07-21,2,286.1,1
PRD_EST_061,STR_002,2025-07-21,2,272.2,1
PRD_EST_061,STR_003,2025-07-21,2,289.4,1
PRD_EST_061,STR_004,2025-07-21,2,354.7,1
PRD_EST_061,STR_005,2025-07-21,2,365.8,1
PRD_EST_061,STR_006,2025-07-21,2,334.4,1
PRD_EST_061,STR_007,2025-07-21,2,279.1,1
PRD_EST_061,STR_008,2025-07-21,2,286.1,1
PRD_EST_061,STR_009,2025-07-21,2,262.4,1
PRD_EST_061,STR_010,2025-07-21,2,311.3,1
PRD_EST_061,STR_011,2025-07-21,2,305.4,1
PRD_EST_061,STR_012,2025-07-21,2,325.6,1
PRD_EST_061,STR_013,2025-07-21,2,396.0,1
PRD_EST_061,STR_014,2025-07-21,2,382.9,1
PRD_EST_061,STR_015,2025-07-21,2,304.5,1
PRD_EST_061,STR_001,2025-07-28,3,130.7,0
PRD_EST_061,STR_002,2025-07-28,3,139.3,0
PRD_EST_061,STR_003,2025-07-28,3,135.4,0
PRD_EST_061,STR_004,2025-07-28,3,231.7,0
PRD_EST_061,STR_005,2025-07-28,3,246.0,0
PRD_EST_061,STR_006,2025-07-28,3,210.1,0
PRD_EST_061,STR_007,2025-07-28,3,114.3,0
PRD_EST_061,STR_008,2025-07-28,3,132.9,0
PRD_EST_061,STR_009,2025-07-28,3,177.8,0
PRD_EST_061,STR_010,2025-07-28,3,142.9,0
PRD_EST_061,STR_011,2025-07-28,3,141.6,0
PRD_EST_061,STR_012,2025-07-28,3,161.9,0
PRD_EST_061,STR_013,2025-07-28,3,255.9,0
PRD_EST_061,STR_014,2025-07-28,3,258.6,0
PRD_EST_061,STR_015,2025-07-28,3,149.6,0
PRD_EST_061,STR_001,2025-08-04,4,147.6,0
PRD_EST_061,STR_002,2025-08-04,4,140.6,0
PRD_EST_061,STR_003,2025-08-04,4,141.5,0
PRD_EST_061,STR_004,2025-08-04,4,262.1,0
PRD_EST_061,STR_005,2025-08-04,4,246.6,0
PRD_EST_061,STR_006,2025-08-04,4,216.8,0
PRD_EST_061,STR_007,2025-08-04,4,133.4,0
PRD_EST_061,STR_008,2025-08-04,4,141.0,0
PRD_EST_061,STR_009,2025-08-04,4,171.5,0
PRD_EST_061,STR_010,2025-08-04,4,157.8,0
PRD_EST_061,STR_011,2025-08-04,4,171.2,0
PRD_EST_061,STR_012,2025-08-04,4,186.4,0
PRD_EST_061,STR_013,2025-08-04,4,248.5,0
PRD_EST_061,STR_014,2025-08-04,4,264.4,0
PRD_EST_061,STR_015,2025-08-04,4,147.9,0
PRD_EST_061,STR_001,2025-08-11,5,282.1,0
PRD_EST_061,STR_002,2025-08-11,5,271.5,0
PRD_EST_061,STR_003,2025-08-11,5,258.0,0
PRD_EST_061,STR_004,2025-08-11,5,346.3,0
PRD_EST_061,STR_005,2025-08-11,5,369.8,0
PRD_EST_061,STR_006,2025-08-11,5,312.8,0
PRD_EST_061,STR_007,2025-08-11,5,224.0,0
PRD_EST_061,STR_008,2025-08-11,5,236.8,0
PRD_EST_061,STR_009,2025-08-11,5,245.6,0
PRD_EST_061,STR_010,2025-08-11,5,275.5,0
PRD_EST_061,STR_011,2025-08-11,5,311.1,0
PRD_EST_061,STR_012,2025-08-11,5,335.4,0
PRD_EST_061,STR_013,2025-08-11,5,370.8,0
PRD_EST_061,STR_014,2025-08-11,5,362.1,0
PRD_EST_061,STR_015,2025-08-11,5,279.9,0
PRD_EST_061,STR_001,2025-08-18,6,153.5,0
PRD_EST_061,STR_002,2025-08-18,6,161.9,0
PRD_EST_061,STR_003,2025-08-18,6,148.9,0
PRD_EST_061,STR_004,2025-08-18,6,204.9,0
PRD_EST_061,STR_005,2025-08-18,6,210.8,0
PRD_EST_061,STR_006,2025-08-18,6,185.9,0
PRD_EST_061,STR_007,2025-08-18,6,151.4,0
PRD_EST_061,STR_008,2025-08-18,6,156.9,0
PRD_EST_061,STR_009,2025-08-18,6,140.3,0
PRD_EST_061,STR_010,2025-08-18,6,152.9,0
PRD_EST_061,STR_011,2025-08-18,6,187.3,0
PRD_EST_061,STR_012,2025-08-18,6,185.3,0
PRD_EST_061,STR_013,2025-08-18,6,224.4,0
PRD_EST_061,STR_014,2025-08-18,6,198.5,0
PRD_EST_061,STR_015,2025-08-18,6,183.7,0
PRD_EST_061,STR_001,2025-08-25,7,157.8,0
PRD_EST_061,STR_002,2025-08-25,7,176.3,0
PRD_EST_061,STR_003,2025-08-25,7,167.8,0
PRD_EST_061,STR_004,2025-08-25,7,220.2,0
PRD_EST_061,STR_005,2025-08-25,7,224.2,0
PRD_EST_061,STR_006,2025-08-25,7,182.7,0
PRD_EST_061,STR_007,2025-08-25,7,148.0,0
PRD_EST_061,STR_008,2025-08-25,7,158.9,0
PRD_EST_061,STR_009,2025-08-25,7,158.4,0
PRD_EST_061,STR_010,2025-08-25,7,164.9,0
PRD_EST_061,STR_011,2025-08-25,7,187.7,0
PRD_EST_061,STR_012,2025-08-25,7,193.4,0
PRD_EST_061,STR_013,2025-08-25,7,203.8,0
PRD_EST_061,STR_014,2025-08-25,7,228.6,0
PRD_EST_061,STR_015,2025-08-25,7,183.5,0
PRD_EST_061,STR_001,2025-09-01,8,154.9,0
PRD_EST_061,STR_002,2025-09-01,8,181.6,0
PRD_EST_061,STR_003,2025-09-01,8,170.3,0
PRD_EST_061,STR_004,2025-09-01,8,222.0,0
PRD_EST_061,STR_005,2025-09-01,8,234.5,0
PRD_EST_061,STR_006,2025-09-01,8,190.8,0
PRD_EST_061,STR_007,2025-09-01,8,159.8,0
PRD_EST_061,STR_008,2025-09-01,8,155.4,0
PRD_EST_061,STR_009,2025-09-01,8,152.9,0
PRD_EST_061,STR_010,2025-09-01,8,159.6,0
PRD_EST_061,STR_011,2025-09-01,8,178.5,0
PRD_EST_061,STR_012,2025-09-01,8,206.6,0
PRD_EST_061,STR_013,2025-09-01,8,216.7,0
PRD_EST_061,STR_014,2025-09-01,8,233.9,0
PRD_EST_061,STR_015,2025-09-01,8,196.0,0
PRD_EST_062,STR_001,2025-10-06,1,256.4,1
PRD_EST_062,STR_002,2025-10-06,1,253.0,1
PRD_EST_062,STR_003,2025-10-06,1,260.0,1
PRD_EST_062,STR_004,2025-10-06,1,232.4,1
PRD_EST_062,STR_005,2025-10-06,1,245.1,1
PRD_EST_062,STR_006,2025-10-06,1,205.1,1
PRD_EST_062,STR_007,2025-10-06,1,207.6,1
PRD_EST_062,STR_008,2025-10-06,1,249.2,1
PRD_EST_062,STR_009,2025-10-06,1,246.6,1
PRD_EST_062,STR_010,2025-10-06,1,239.8,1
PRD_EST_062,STR_011,2025-10-06,1,296.4,1
PRD_EST_062,STR_012,2025-10-06,1,287.8,1
PRD_EST_062,STR_013,2025-10-06,1,256.3,1
PRD_EST_062,STR_014,2025-10-06,1,244.8,1
PRD_EST_062,STR_015,2025-10-06,1,291.1,1
PRD_EST_062,STR_001,2025-10-13,2,255.3,1
PRD_EST_062,STR_002,2025-10-13,2,258.2,1
PRD_EST_062,STR_003,2025-10-13,2,231.6,1
PRD_EST_062,STR_004,2025-10-13,2,241.3,1
PRD_EST_062,STR_005,2025-10-13,2,232.6,1
PRD_EST_062,STR_006,2025-10-13,2,212.9,1
PRD_EST_062,STR_007,2025-10-13,2,233.0,1
PRD_EST_062,STR_008,2025-10-13,2,238.6,1
PRD_EST_062,STR_009,2025-10-13,2,232.7,1
PRD_EST_062,STR_010,2025-10-13,2,259.7,1
PRD_EST_062,STR_011,2025-10-13,2,259.4,1
PRD_EST_062,STR_012,2025-10-13,2,287.7,1
PRD_EST_062,STR_013,2025-10-13,2,237.7,1
PRD_EST_062,STR_014,2025-10-13,2,251.3,1
PRD_EST_062,STR_015,2025-10-13,2,276.9,1
PRD_EST_062,STR_001,2025-10-20,3,118.5,0
PRD_EST_062,STR_002,2025-10-20,3,121.4,0
PRD_EST_062,STR_003,2025-10-20,3,177.5,0
PRD_EST_062,STR_004,2025-10-20,3,116.7,0
PRD_EST_062,STR_005,2025-10-20,3,129.5,0
PRD_EST_062,STR_006,2025-10-20,3,99.7,0
PRD_EST_062,STR_007,2025-10-20,3,107.2,0
PRD_EST_062,STR_008,2025-10-20,3,113.8,0
PRD_EST_062,STR_009,2025-10-20,3,169.2,0
PRD_EST_062,STR_010,2025-10-20,3,120.5,0
PRD_EST_062,STR_011,2025-10-20,3,139.2,0
PRD_EST_062,STR_012,2025-10-20,3,159.0,0
PRD_EST_062,STR_013,2025-10-20,3,123.3,0
PRD_EST_062,STR_014,2025-10-20,3,113.5,0
PRD_EST_062,STR_015,2025-10-20,3,129.2,0
PRD_EST_062,STR_001,2025-10-27,4,137.7,0
PRD_EST_062,STR_002,2025-10-27,4,144.3,0
PRD_EST_062,STR_003,2025-10-27,4,201.6,0
PRD_EST_062,STR_004,2025-10-27,4,128.4,0
PRD_EST_062,STR_005,2025-10-27,4,131.2,0
PRD_EST_062,STR_006,2025-10-27,4,118.4,0
PRD_EST_062,STR_007,2025-10-27,4,139.2,0
PRD_EST_062,STR_008,2025-10-27,4,149.2,0
PRD_EST_062,STR_009,2025-10-27,4,173.3,0
PRD_EST_062,STR_010,2025-10-27,4,147.4,0
PRD_EST_062,STR_011,2025-10-27,4,167.2,0
PRD_EST_062,STR_012,2025-10-27,4,186.2,0
PRD_EST_062,STR_013,2025-10-27,4,141.7,0
PRD_EST_062,STR_014,2025-10-27,4,139.5,0
PRD_EST_062,STR_015,2025-10-27,4,146.0,0
PRD_EST_062,STR_001,2025-11-03,5,315.5,0
PRD_EST_062,STR_002,2025-11-03,5,316.0,0
PRD_EST_062,STR_003,2025-11-03,5,310.2,0
PRD_EST_062,STR_004,2025-11-03,5,264.1,0
PRD_EST_062,STR_005,2025-11-03,5,279.2,0
PRD_EST_062,STR_006,2025-11-03,5,237.9,0
PRD_EST_062,STR_007,2025-11-03,5,254.5,0
PRD_EST_062,STR_008,2025-11-03,5,292.4,0
PRD_EST_062,STR_009,2025-11-03,5,261.2,0
PRD_EST_062,STR_010,2025-11-03,5,325.8,0
PRD_EST_062,STR_011,2025-11-03,5,357.6,0
PRD_EST_062,STR_012,2025-11-03,5,343.4,0
PRD_EST_062,STR_013,2025-11-03,5,298.8,0
PRD_EST_062,STR_014,2025-11-03,5,286.3,0
PRD_EST_062,STR_015,2025-11-03,5,337.4,0
PRD_EST_062,STR_001,2025-11-10,6,130.8,0
PRD_EST_062,STR_002,2025-11-10,6,138.4,0
PRD_EST_062,STR_003,2025-11-10,6,140.3,0
PRD_EST_062,STR_004,2025-11-10,6,129.3,0
PRD_EST_062,STR_005,2025-11-10,6,126.0,0
PRD_EST_062,STR_006,2025-11-10,6,113.6,0
PRD_EST_062,STR_007,2025-11-10,6,116.8,0
PRD_EST_062,STR_008,2025-11-10,6,121.9,0
PRD_EST_062,STR_009,2025-11-10,6,133.7,0
PRD_EST_062,STR_010,2025-11-10,6,141.7,0
PRD_EST_062,STR_011,2025-11-10,6,143.4,0
PRD_EST_062,STR_012,2025-11-10,6,176.6,0
PRD_EST_062,STR_013,2025-11-10,6,123.5,0
PRD_EST_062,STR_014,2025-11-10,6,130.2,0
PRD_EST_062,STR_015,2025-11-10,6,149.8,0
PRD_EST_062,STR_001,2025-11-17,7,142.7,0
PRD_EST_062,STR_002,2025-11-17,7,129.1,0
PRD_EST_062,STR_003,2025-11-17,7,146.0,0
PRD_EST_062,STR_004,2025-11-17,7,118.9,0
PRD_EST_062,STR_005,2025-11-17,7,129.9,0
PRD_EST_062,STR_006,2025-11-17,7,108.6,0
PRD_EST_062,STR_007,2025-11-17,7,124.9,0
PRD_EST_062,STR_008,2025-11-17,7,123.8,0
PRD_EST_062,STR_009,2025-11-17,7,135.7,0
PRD_EST_062,STR_010,2025-11-17,7,134.4,0
PRD_EST_062,STR_011,2025-11-17,7,159.8,0
PRD_EST_062,STR_012,2025-11-17,7,174.1,0
PRD_EST_062,STR_013,2025-11-17,7,122.0,0
PRD_EST_062,STR_014,2025-11-17,7,125.7,0
PRD_EST_062,STR_015,2025-11-17,7,138.3,0
PRD_EST_062,STR_001,2025-11-24,8,150.4,0
PRD_EST_062,STR_002,2025-11-24,8,174.3,0
PRD_EST_062,STR_003,2025-11-24,8,158.7,0
PRD_EST_062,STR_004,2025-11-24,8,155.4,0
PRD_EST_062,STR_005,2025-11-24,8,146.3,0
PRD_EST_062,STR_006,2025-11-24,8,145.8,0
PRD_EST_062,STR_007,2025-11-24,8,154.3,0
PRD_EST_062,STR_008,2025-11-24,8,163.2,0
PRD_EST_062,STR_009,2025-11-24,8,154.3,0
PRD_EST_062,STR_010,2025-11-24,8,154.1,0
PRD_EST_062,STR_011,2025-11-24,8,179.4,0
PRD_EST_062,STR_012,2025-11-24,8,199.5,0
PRD_EST_062,STR_013,2025-11-24,8,158.7,0
PRD_EST_062,STR_014,2025-11-24,8,148.6,0
PRD_EST_062,STR_015,2025-11-24,8,179.6,0
PRD_EST_063,STR_001,2025-08-12,1,107.3,0
PRD_EST_063,STR_002,2025-08-12,1,98.0,0
PRD_EST_063,STR_003,2025-08-12,1,98.0,0
PRD_EST_063,STR_004,2025-08-12,1,134.3,0
PRD_EST_063,STR_005,2025-08-12,1,144.9,0
PRD_EST_063,STR_006,2025-08-12,1,130.5,0
PRD_EST_063,STR_007,2025-08-12,1,97.1,0
PRD_EST_063,STR_008,2025-08-12,1,92.1,0
PRD_EST_063,STR_009,2025-08-12,1,95.9,0
PRD_EST_063,STR_010,2025-08-12,1,107.6,0
PRD_EST_063,STR_011,2025-08-12,1,107.6,0
PRD_EST_063,STR_012,2025-08-12,1,122.0,0
PRD_EST_063,STR_013,2025-08-12,1,128.8,0
PRD_EST_063,STR_014,2025-08-12,1,145.8,0
PRD_EST_063,STR_015,2025-08-12,1,109.2,0
PRD_EST_063,STR_001,2025-08-19,2,79.6,0
PRD_EST_063,STR_002,2025-08-19,2,80.3,0
PRD_EST_063,STR_003,2025-08-19,2,86.6,0
PRD_EST_063,STR_004,2025-08-19,2,106.8,0
PRD_EST_063,STR_005,2025-08-19,2,109.7,0
PRD_EST_063,STR_006,2025-08-19,2,88.6,0
PRD_EST_063,STR_007,2025-08-19,2,76.8,0
PRD_EST_063,STR_008,2025-08-19,2,81.2,0
PRD_EST_063,STR_009,2025-08-19,2,73.8,0
PRD_EST_063,STR_010,2025-08-19,2,81.2,0
PRD_EST_063,STR_011,2025-08-19,2,89.0,0
PRD_EST_063,STR_012,2025-08-19,2,97.2,0
PRD_EST_063,STR_013,2025-08-19,2,106.8,0
PRD_EST_063,STR_014,2025-08-19,2,103.7,0
PRD_EST_063,STR_015,2025-08-19,2,81.0,0
PRD_EST_063,STR_001,2025-08-26,3,162.4,0
PRD_EST_063,STR_002,2025-08-26,3,159.4,0
PRD_EST_063,STR_003,2025-08-26,3,122.8,0
PRD_EST_063,STR_004,2025-08-26,3,217.4,0
PRD_EST_063,STR_005,2025-08-26,3,202.0,0
PRD_EST_063,STR_006,2025-08-26,3,173.1,0
PRD_EST_063,STR_007,2025-08-26,3,138.2,0
PRD_EST_063,STR_008,2025-08-26,3,142.9,0
PRD_EST_063,STR_009,2025-08-26,3,116.0,0
PRD_EST_063,STR_010,2025-08-26,3,155.2,0
PRD_EST_063,STR_011,2025-08-26,3,173.7,0
PRD_EST_063,STR_012,2025-08-26,3,180.6,0
PRD_EST_063,STR_013,2025-08-26,3,196.2,0
PRD_EST_063,STR_014,2025-08-26,3,227.7,0
PRD_EST_063,STR_015,2025-08-26,3,167.1,0
PRD_EST_063,STR_001,2025-09-02,4,90.3,0
PRD_EST_063,STR_002,2025-09-02,4,90.3,0
PRD_EST_063,STR_003,2025-09-02,4,60.4,0
PRD_EST_063,STR_004,2025-09-02,4,112.1,0
PRD_EST_063,STR_005,2025-09-02,4,121.4,0
PRD_EST_063,STR_006,2025-09-02,4,101.8,0
PRD_EST_063,STR_007,2025-09-02,4,82.3,0
PRD_EST_063,STR_008,2025-09-02,4,80.7,0
PRD_EST_063,STR_009,2025-09-02,4,57.1,0
PRD_EST_063,STR_010,2025-09-02,4,82.7,0
PRD_EST_063,STR_011,2025-09-02,4,98.8,0
PRD_EST_063,STR_012,2025-09-02,4,98.1,0
PRD_EST_063,STR_013,2025-09-02,4,117.6,0
PRD_EST_063,STR_014,2025-09-02,4,109.8,0
PRD_EST_063,STR_015,2025-09-02,4,96.6,0
PRD_EST_063,STR_001,2025-09-09,5,65.3,0
PRD_EST_063,STR_002,2025-09-09,5,63.2,0
PRD_EST_063,STR_003,2025-09-09,5,59.4,0
PRD_EST_063,STR_004,2025-09-09,5,78.2,0
PRD_EST_063,STR_005,2025-09-09,5,86.4,0
PRD_EST_063,STR_006,2025-09-09,5,74.4,0
PRD_EST_063,STR_007,2025-09-09,5,57.8,0
PRD_EST_063,STR_008,2025-09-09,5,57.2,0
PRD_EST_063,STR_009,2025-09-09,5,56.4,0
PRD_EST_063,STR_010,2025-09-09,5,60.3,0
PRD_EST_063,STR_011,2025-09-09,5,67.4,0
PRD_EST_063,STR_012,2025-09-09,5,71.3,0
PRD_EST_063,STR_013,2025-09-09,5,88.8,0
PRD_EST_063,STR_014,2025-09-09,5,85.0,0
PRD_EST_063,STR_015,2025-09-09,5,71.8,0
PRD_EST_063,STR_001,2025-09-16,6,69.6,0
PRD_EST_063,STR_002,2025-09-16,6,66.6,0
PRD_EST_063,STR_003,2025-09-16,6,71.0,0
PRD_EST_063,STR_004,2025-09-16,6,98.9,0
PRD_EST_063,STR_005,2025-09-16,6,93.8,0
PRD_EST_063,STR_006,2025-09-16,6,85.5,0
PRD_EST_063,STR_007,2025-09-16,6,62.4,0
PRD_EST_063,STR_008,2025-09-16,6,68.4,0
PRD_EST_063,STR_009,2025-09-16,6,60.9,0
PRD_EST_063,STR_010,2025-09-16,6,66.3,0
PRD_EST_063,STR_011,2025-09-16,6,72.2,0
PRD_EST_063,STR_012,2025-09-16,6,87.4,0
PRD_EST_063,STR_013,2025-09-16,6,94.8,0
PRD_EST_063,STR_014,2025-09-16,6,90.2,0
PRD_EST_063,STR_015,2025-09-16,6,72.0,0
PRD_EST_063,STR_001,2025-09-23,7,69.8,0
PRD_EST_063,STR_002,2025-09-23,7,70.9,0
PRD_EST_063,STR_003,2025-09-23,7,76.9,0
PRD_EST_063,STR_004,2025-09-23,7,93.0,0
PRD_EST_063,STR_005,2025-09-23,7,98.9,0
PRD_EST_063,STR_006,2025-09-23,7,80.6,0
PRD_EST_063,STR_007,2025-09-23,7,64.6,0
PRD_EST_063,STR_008,2025-09-23,7,65.7,0
PRD_EST_063,STR_009,2025-09-23,7,64.1,0
PRD_EST_063,STR_010,2025-09-23,7,76.8,0
PRD_EST_063,STR_011,2025-09-23,7,76.0,0
PRD_EST_063,STR_012,2025-09-23,7,81.1,0
PRD_EST_063,STR_013,2025-09-23,7,92.8,0
PRD_EST_063,STR_014,2025-09-23,7,103.6,0
PRD_EST_063,STR_015,2025-09-23,7,80.3,0
PRD_EST_063,STR_001,2025-09-30,8,70.9,0
PRD_EST_063,STR_002,2025-09-30,8,67.7,0
PRD_EST_063,STR_003,2025-09-30,8,71.6,0
PRD_EST_063,STR_004,2025-09-30,8,100.0,0
PRD_EST_063,STR_005,2025-09-30,8,104.5,0
PRD_EST_063,STR_006,2025-09-30,8,86.5,0
PRD_EST_063,STR_007,2025-09-30,8,60.5,0
PRD_EST_063,STR_008,2025-09-30,8,71.0,0
PRD_EST_063,STR_009,2025-09-30,8,67.8,0
PRD_EST_063,STR_010,2025-09-30,8,74.7,0
PRD_EST_063,STR_011,2025-09-30,8,78.9,0
PRD_EST_063,STR_012,2025-09-30,8,86.4,0
PRD_EST_063,STR_013,2025-09-30,8,89.3,0
PRD_EST_063,STR_014,2025-09-30,8,96.1,0
PRD_EST_063,STR_015,2025-09-30,8,77.5,0
PRD_EST_064,STR_001,2025-03-16,1,113.2,1
PRD_EST_064,STR_002,2025-03-16,1,114.7,1
PRD_EST_064,STR_003,2025-03-16,1,128.8,1
PRD_EST_064,STR_004,2025-03-16,1,108.5,1
PRD_EST_064,STR_005,2025-03-16,1,107.9,1
PRD_EST_064,STR_006,2025-03-16,1,102.4,1
PRD_EST_064,STR_007,2025-03-16,1,99.4,1
PRD_EST_064,STR_008,2025-03-16,1,122.7,1
PRD_EST_064,STR_009,2025-03-16,1,112.3,1
PRD_EST_064,STR_010,2025-03-16,1,111.8,1
PRD_EST_064,STR_011,2025-03-16,1,123.8,1
PRD_EST_064,STR_012,2025-03-16,1,141.2,1
PRD_EST_064,STR_013,2025-03-16,1,123.2,1
PRD_EST_064,STR_014,2025-03-16,1,121.5,1
PRD_EST_064,STR_015,2025-03-16,1,139.3,1
PRD_EST_064,STR_001,2025-03-23,2,107.0,1
PRD_EST_064,STR_002,2025-03-23,2,105.0,1
PRD_EST_064,STR_003,2025-03-23,2,106.3,1
PRD_EST_064,STR_004,2025-03-23,2,99.3,1
PRD_EST_064,STR_005,2025-03-23,2,97.7,1
PRD_EST_064,STR_006,2025-03-23,2,93.5,1
PRD_EST_064,STR_007,2025-03-23,2,93.7,1
PRD_EST_064,STR_008,2025-03-23,2,108.8,1
PRD_EST_064,STR_009,2025-03-23,2,101.2,1
PRD_EST_064,STR_010,2025-03-23,2,108.3,1
PRD_EST_064,STR_011,2025-03-23,2,124.2,1
PRD_EST_064,STR_012,2025-03-23,2,120.9,1
PRD_EST_064,STR_013,2025-03-23,2,107.6,1
PRD_EST_064,STR_014,2025-03-23,2,104.5,1
PRD_EST_064,STR_015,2025-03-23,2,123.4,1
PRD_EST_064,STR_001,2025-03-30,3,58.4,0
PRD_EST_064,STR_002,2025-03-30,3,60.3,0
PRD_EST_064,STR_003,2025-03-30,3,65.7,0
PRD_EST_064,STR_004,2025-03-30,3,55.9,0
PRD_EST_064,STR_005,2025-03-30,3,62.4,0
PRD_EST_064,STR_006,2025-03-30,3,57.5,0
PRD_EST_064,STR_007,2025-03-30,3,54.3,0
PRD_EST_064,STR_008,2025-03-30,3,57.5,0
PRD_EST_064,STR_009,2025-03-30,3,61.3,0
PRD_EST_064,STR_010,2025-03-30,3,60.1,0
PRD_EST_064,STR_011,2025-03-30,3,72.6,0
PRD_EST_064,STR_012,2025-03-30,3,83.2,0
PRD_EST_064,STR_013,2025-03-30,3,60.6,0
PRD_EST_064,STR_014,2025-03-30,3,66.7,0
PRD_EST_064,STR_015,2025-03-30,3,69.9,0
PRD_EST_064,STR_001,2025-04-06,4,54.6,0
PRD_EST_064,STR_002,2025-04-06,4,57.3,0
PRD_EST_064,STR_003,2025-04-06,4,54.5,0
PRD_EST_064,STR_004,2025-04-06,4,48.6,0
PRD_EST_064,STR_005,2025-04-06,4,51.0,0
PRD_EST_064,STR_006,2025-04-06,4,47.1,0
PRD_EST_064,STR_007,2025-04-06,4,52.4,0
PRD_EST_064,STR_008,2025-04-06,4,48.1,0
PRD_EST_064,STR_009,2025-04-06,4,53.1,0
PRD_EST_064,STR_010,2025-04-06,4,56.6,0
PRD_EST_064,STR_011,2025-04-06,4,57.9,0
PRD_EST_064,STR_012,2025-04-06,4,71.7,0
PRD_EST_064,STR_013,2025-04-06,4,53.1,0
PRD_EST_064,STR_014,2025-04-06,4,57.2,0
PRD_EST_064,STR_015,2025-04-06,4,59.8,0
PRD_EST_064,STR_001,2025-04-13,5,60.8,0
PRD_EST_064,STR_002,2025-04-13,5,53.3,0
PRD_EST_064,STR_003,2025-04-13,5,52.5,0
PRD_EST_064,STR_004,2025-04-13,5,55.8,0
PRD_EST_064,STR_005,2025-04-13,5,53.0,0
PRD_EST_064,STR_006,2025-04-13,5,50.7,0
PRD_EST_064,STR_007,2025-04-13,5,53.1,0
PRD_EST_064,STR_008,2025-04-13,5,57.2,0
PRD_EST_064,STR_009,2025-04-13,5,53.2,0
PRD_EST_064,STR_010,2025-04-13,5,56.6,0
PRD_EST_064,STR_011,2025-04-13,5,59.3,0
PRD_EST_064,STR_012,2025-04-13,5,66.6,0
PRD_EST_064,STR_013,2025-04-13,5,50.3,0
PRD_EST_064,STR_014,2025-04-13,5,55.9,0
PRD_EST_064,STR_015,2025-04-13,5,59.9,0
PRD_EST_064,STR_001,2025-04-20,6,54.5,0
PRD_EST_064,STR_002,2025-04-20,6,61.1,0
PRD_EST_064,STR_003,2025-04-20,6,58.8,0
PRD_EST_064,STR_004,2025-04-20,6,59.9,0
PRD_EST_064,STR_005,2025-04-20,6,61.1,0
PRD_EST_064,STR_006,2025-04-20,6,51.8,0
PRD_EST_064,STR_007,2025-04-20,6,52.2,0
PRD_EST_064,STR_008,2025-04-20,6,59.7,0
PRD_EST_064,STR_009,2025-04-20,6,59.1,0
PRD_EST_064,STR_010,2025-04-20,6,63.6,0
PRD_EST_064,STR_011,2025-04-20,6,64.9,0
PRD_EST_064,STR_012,2025-04-20,6,69.9,0
PRD_EST_064,STR_013,2025-04-20,6,54.2,0
PRD_EST_064,STR_014,2025-04-20,6,56.5,0
PRD_EST_064,STR_015,2025-04-20,6,64.9,0
PRD_EST_064,STR_001,2025-04-27,7,59.8,0
PRD_EST_064,STR_002,2025-04-27,7,58.2,0
PRD_EST_064,STR_003,2025-04-27,7,58.9,0
PRD_EST_064,STR_004,2025-04-27,7,56.3,0
PRD_EST_064,STR_005,2025-04-27,7,54.7,0
PRD_EST_064,STR_006,2025-04-27,7,46.1,0
PRD_EST_064,STR_007,2025-04-27,7,51.6,0
PRD_EST_064,STR_008,2025-04-27,7,55.1,0
PRD_EST_064,STR_009,2025-04-27,7,58.2,0
PRD_EST_064,STR_010,2025-04-27,7,63.4,0
PRD_EST_064,STR_011,2025-04-27,7,59.9,0
PRD_EST_064,STR_012,2025-04-27,7,76.5,0
PRD_EST_064,STR_013,2025-04-27,7,51.9,0
PRD_EST_064,STR_014,2025-04-27,7,59.6,0
PRD_EST_064,STR_015,2025-04-27,7,65.3,0
PRD_EST_064,STR_001,2025-05-04,8,62.1,0
PRD_EST_064,STR_002,2025-05-04,8,58.7,0
PRD_EST_064,STR_003,2025-05-04,8,58.2,0
PRD_EST_064,STR_004,2025-05-04,8,57.2,0
PRD_EST_064,STR_005,2025-05-04,8,60.3,0
PRD_EST_064,STR_006,2025-05-04,8,55.2,0
PRD_EST_064,STR_007,2025-05-04,8,52.9,0
PRD_EST_064,STR_008,2025-05-04,8,62.3,0
PRD_EST_064,STR_009,2025-05-04,8,59.6,0
PRD_EST_064,STR_010,2025-05-04,8,60.7,0
PRD_EST_064,STR_011,2025-05-04,8,68.0,0
PRD_EST_064,STR_012,2025-05-04,8,75.6,0
PRD_EST_064,STR_013,2025-05-04,8,62.0,0
PRD_EST_064,STR_014,2025-05-04,8,56.5,0
PRD_EST_064,STR_015,2025-05-04,8,63.5,0
PRD_EST_065,STR_001,2025-07-29,1,176.8,0
PRD_EST_065,STR_002,2025-07-29,1,181.4,0
PRD_EST_065,STR_003,2025-07-29,1,193.0,0
PRD_EST_065,STR_004,2025-07-29,1,159.6,0
PRD_EST_065,STR_005,2025-07-29,1,164.8,0
PRD_EST_065,STR_006,2025-07-29,1,153.0,0
PRD_EST_065,STR_007,2025-07-29,1,172.8,0
PRD_EST_065,STR_008,2025-07-29,1,177.7,0
PRD_EST_065,STR_009,2025-07-29,1,156.4,0
PRD_EST_065,STR_010,2025-07-29,1,189.0,0
PRD_EST_065,STR_011,2025-07-29,1,207.1,0
PRD_EST_065,STR_012,2025-07-29,1,234.4,0
PRD_EST_065,STR_013,2025-07-29,1,163.1,0
PRD_EST_065,STR_014,2025-07-29,1,166.5,0
PRD_EST_065,STR_015,2025-07-29,1,179.1,0
PRD_EST_065,STR_001,2025-08-05,2,141.4,0
PRD_EST_065,STR_002,2025-08-05,2,135.6,0
PRD_EST_065,STR_003,2025-08-05,2,131.9,0
PRD_EST_065,STR_004,2025-08-05,2,122.3,0
PRD_EST_065,STR_005,2025-08-05,2,124.2,0
PRD_EST_065,STR_006,2025-08-05,2,111.3,0
PRD_EST_065,STR_007,2025-08-05,2,114.0,0
PRD_EST_065,STR_008,2025-08-05,2,137.5,0
PRD_EST_065,STR_009,2025-08-05,2,127.3,0
PRD_EST_065,STR_010,2025-08-05,2,135.6,0
PRD_EST_065,STR_011,2025-08-05,2,144.0,0
PRD_EST_065,STR_012,2025-08-05,2,176.4,0
PRD_EST_065,STR_013,2025-08-05,2,123.8,0
PRD_EST_065,STR_014,2025-08-05,2,123.6,0
PRD_EST_065,STR_015,2025-08-05,2,157.2,0
PRD_EST_065,STR_001,2025-08-12,3,100.7,0
PRD_EST_065,STR_002,2025-08-12,3,110.6,0
PRD_EST_065,STR_003,2025-08-12,3,99.7,0
PRD_EST_065,STR_004,2025-08-12,3,92.1,0
PRD_EST_065,STR_005,2025-08-12,3,105.8,0
PRD_EST_065,STR_006,2025-08-12,3,86.3,0
PRD_EST_065,STR_007,2025-08-12,3,92.2,0
PRD_EST_065,STR_008,2025-08-12,3,101.8,0
PRD_EST_065,STR_009,2025-08-12,3,103.4,0
PRD_EST_065,STR_010,2025-08-12,3,102.0,0
PRD_EST_065,STR_011,2025-08-12,3,120.7,0
PRD_EST_065,STR_012,2025-08-12,3,125.9,0
PRD_EST_065,STR_013,2025-08-12,3,102.9,0
PRD_EST_065,STR_014,2025-08-12,3,100.8,0
PRD_EST_065,STR_015,2025-08-12,3,117.9,0
PRD_EST_065,STR_001,2025-08-19,4,91.1,0
PRD_EST_065,STR_002,2025-08-19,4,100.3,0
PRD_EST_065,STR_003,2025-08-19,4,98.0,0
PRD_EST_065,STR_004,2025-08-19,4,85.8,0
PRD_EST_065,STR_005,2025-08-19,4,95.3,0
PRD_EST_065,STR_006,2025-08-19,4,85.6,0
PRD_EST_065,STR_007,2025-08-19,4,89.4,0
PRD_EST_065,STR_008,2025-08-19,4,96.3,0
PRD_EST_065,STR_009,2025-08-19,4,93.8,0
PRD_EST_065,STR_010,2025-08-19,4,89.3,0
PRD_EST_065,STR_011,2025-08-19,4,113.2,0
PRD_EST_065,STR_012,2025-08-19,4,125.2,0
PRD_EST_065,STR_013,2025-08-19,4,91.9,0
PRD_EST_065,STR_014,2025-08-19,4,91.1,0
PRD_EST_065,STR_015,2025-08-19,4,109.1,0
PRD_EST_065,STR_001,2025-08-26,5,96.5,0
PRD_EST_065,STR_002,2025-08-26,5,91.3,0
PRD_EST_065,STR_003,2025-08-26,5,98.3,0
PRD_EST_065,STR_004,2025-08-26,5,96.1,0
PRD_EST_065,STR_005,2025-08-26,5,97.5,0
PRD_EST_065,STR_006,2025-08-26,5,84.4,0
PRD_EST_065,STR_007,2025-08-26,5,86.3,0
PRD_EST_065,STR_008,2025-08-26,5,91.7,0
PRD_EST_065,STR_009,2025-08-26,5,89.8,0
PRD_EST_065,STR_010,2025-08-26,5,87.9,0
PRD_EST_065,STR_011,2025-08-26,5,108.4,0
PRD_EST_065,STR_012,2025-08-26,5,109.0,0
PRD_EST_065,STR_013,2025-08-26,5,92.9,0
PRD_EST_065,STR_014,2025-08-26,5,96.0,0
PRD_EST_065,STR_015,2025-08-26,5,103.9,0
PRD_EST_065,STR_001,2025-09-02,6,100.5,0
PRD_EST_065,STR_002,2025-09-02,6,101.5,0
PRD_EST_065,STR_003,2025-09-02,6,101.2,0
PRD_EST_065,STR_004,2025-09-02,6,102.9,0
PRD_EST_065,STR_005,2025-09-02,6,109.6,0
PRD_EST_065,STR_006,2025-09-02,6,87.6,0
PRD_EST_065,STR_007,2025-09-02,6,92.7,0
PRD_EST_065,STR_008,2025-09-02,6,97.4,0
PRD_EST_065,STR_009,2025-09-02,6,96.4,0
PRD_EST_065,STR_010,2025-09-02,6,111.9,0
PRD_EST_065,STR_011,2025-09-02,6,110.0,0
PRD_EST_065,STR_012,2025-09-02,6,128.7,0
PRD_EST_065,STR_013,2025-09-02,6,109.2,0
PRD_EST_065,STR_014,2025-09-02,6,101.8,0
PRD_EST_065,STR_015,2025-09-02,6,111.9,0
PRD_EST_065,STR_001,2025-09-09,7,120.3,0
PRD_EST_065,STR_002,2025-09-09,7,114.2,0
PRD_EST_065,STR_003,2025-09-09,7,124.3,0
PRD_EST_065,STR_004,2025-09-09,7,105.7,0
PRD_EST_065,STR_005,2025-09-09,7,118.4,0
PRD_EST_065,STR_006,2025-09-09,7,96.5,0
PRD_EST_065,STR_007,2025-09-09,7,100.8,0
PRD_EST_065,STR_008,2025-09-09,7,110.1,0
PRD_EST_065,STR_009,2025-09-09,7,102.1,0
PRD_EST_065,STR_010,2025-09-09,7,114.4,0
PRD_EST_065,STR_011,2025-09-09,7,122.6,0
PRD_EST_065,STR_012,2025-09-09,7,143.3,0
PRD_EST_065,STR_013,2025-09-09,7,112.9,0
PRD_EST_065,STR_014,2025-09-09,7,114.4,0
PRD_EST_065,STR_015,2025-09-09,7,128.5,0
PRD_EST_065,STR_001,2025-09-16,8,114.0,0
PRD_EST_065,STR_002,2025-09-16,8,114.7,0
PRD_EST_065,STR_003,2025-09-16,8,100.8,0
PRD_EST_065,STR_004,2025-09-16,8,94.6,0
PRD_EST_065,STR_005,2025-09-16,8,108.9,0
PRD_EST_065,STR_006,2025-09-16,8,84.6,0
PRD_EST_065,STR_007,2025-09-16,8,88.5,0
PRD_EST_065,STR_008,2025-09-16,8,108.9,0
PRD_EST_065,STR_009,2025-09-16,8,94.3,0
PRD_EST_065,STR_010,2025-09-16,8,112.1,0
PRD_EST_065,STR_011,2025-09-16,8,120.7,0
PRD_EST_065,STR_012,2025-09-16,8,131.2,0
PRD_EST_065,STR_013,2025-09-16,8,104.5,0
PRD_EST_065,STR_014,2025-09-16,8,104.5,0
PRD_EST_065,STR_015,2025-09-16,8,121.7,0
PRD_EST_066,STR_001,2025-01-21,1,174.6,0
PRD_EST_066,STR_002,2025-01-21,1,169.6,0
PRD_EST_066,STR_003,2025-01-21,1,173.3,0
PRD_EST_066,STR_004,2025-01-21,1,170.1,0
PRD_EST_066,STR_005,2025-01-21,1,189.1,0
PRD_EST_066,STR_006,2025-01-21,1,161.8,0
PRD_EST_066,STR_007,2025-01-21,1,147.7,0
PRD_EST_066,STR_008,2025-01-21,1,150.8,0
PRD_EST_066,STR_009,2025-01-21,1,158.7,0
PRD_EST_066,STR_010,2025-01-21,1,160.6,0
PRD_EST_066,STR_011,2025-01-21,1,193.8,0
PRD_EST_066,STR_012,2025-01-21,1,213.4,0
PRD_EST_066,STR_013,2025-01-21,1,179.7,0
PRD_EST_066,STR_014,2025-01-21,1,164.3,0
PRD_EST_066,STR_015,2025-01-21,1,190.1,0
PRD_EST_066,STR_001,2025-01-28,2,113.7,0
PRD_EST_066,STR_002,2025-01-28,2,114.8,0
PRD_EST_066,STR_003,2025-01-28,2,130.0,0
PRD_EST_066,STR_004,2025-01-28,2,136.7,0
PRD_EST_066,STR_005,2025-01-28,2,132.8,0
PRD_EST_066,STR_006,2025-01-28,2,120.5,0
PRD_EST_066,STR_007,2025-01-28,2,107.3,0
PRD_EST_066,STR_008,2025-01-28,2,111.2,0
PRD_EST_066,STR_009,2025-01-28,2,117.4,0
PRD_EST_066,STR_010,2025-01-28,2,122.8,0
PRD_EST_066,STR_011,2025-01-28,2,137.7,0
PRD_EST_066,STR_012,2025-01-28,2,147.5,0
PRD_EST_066,STR_013,2025-01-28,2,133.5,0
PRD_EST_066,STR_014,2025-01-28,2,131.5,0
PRD_EST_066,STR_015,2025-01-28,2,124.2,0
PRD_EST_066,STR_001,2025-02-04,3,109.8,0
PRD_EST_066,STR_002,2025-02-04,3,102.7,0
PRD_EST_066,STR_003,2025-02-04,3,111.1,0
PRD_EST_066,STR_004,2025-02-04,3,106.5,0
PRD_EST_066,STR_005,2025-02-04,3,114.7,0
PRD_EST_066,STR_006,2025-02-04,3,95.5,0
PRD_EST_066,STR_007,2025-02-04,3,89.7,0
PRD_EST_066,STR_008,2025-02-04,3,92.8,0
PRD_EST_066,STR_009,2025-02-04,3,92.8,0
PRD_EST_066,STR_010,2025-02-04,3,107.3,0
PRD_EST_066,STR_011,2025-02-04,3,107.3,0
PRD_EST_066,STR_012,2025-02-04,3,117.8,0
PRD_EST_066,STR_013,2025-02-04,3,110.9,0
PRD_EST_066,STR_014,2025-02-04,3,109.9,0
PRD_EST_066,STR_015,2025-02-04,3,116.5,0
PRD_EST_066,STR_001,2025-02-11,4,99.2,0
PRD_EST_066,STR_002,2025-02-11,4,99.1,0
PRD_EST_066,STR_003,2025-02-11,4,88.9,0
PRD_EST_066,STR_004,2025-02-11,4,95.3,0
PRD_EST_066,STR_005,2025-02-11,4,93.7,0
PRD_EST_066,STR_006,2025-02-11,4,81.1,0
PRD_EST_066,STR_007,2025-02-11,4,77.1,0
PRD_EST_066,STR_008,2025-02-11,4,92.7,0
PRD_EST_066,STR_009,2025-02-11,4,82.9,0
PRD_EST_066,STR_010,2025-02-11,4,95.8,0
PRD_EST_066,STR_011,2025-02-11,4,104.0,0
PRD_EST_066,STR_012,2025-02-11,4,122.2,0
PRD_EST_066,STR_013,2025-02-11,4,100.3,0
PRD_EST_066,STR_014,2025-02-11,4,93.5,0
PRD_EST_066,STR_015,2025-02-11,4,105.0,0
PRD_EST_066,STR_001,2025-02-18,5,96.0,0
PRD_EST_066,STR_002,2025-02-18,5,92.0,0
PRD_EST_066,STR_003,2025-02-18,5,94.1,0
PRD_EST_066,STR_004,2025-02-18,5,89.3,0
PRD_EST_066,STR_005,2025-02-18,5,98.4,0
PRD_EST_066,STR_006,2025-02-18,5,80.4,0
PRD_EST_066,STR_007,2025-02-18,5,76.3,0
PRD_EST_066,STR_008,2025-02-18,5,89.8,0
PRD_EST_066,STR_009,2025-02-18,5,87.2,0
PRD_EST_066,STR_010,2025-02-18,5,94.5,0
PRD_EST_066,STR_011,2025-02-18,5,97.1,0
PRD_EST_066,STR_012,2025-02-18,5,104.7,0
PRD_EST_066,STR_013,2025-02-18,5,88.2,0
PRD_EST_066,STR_014,2025-02-18,5,90.5,0
PRD_EST_066,STR_015,2025-02-18,5,91.5,0
PRD_EST_066,STR_001,2025-02-25,6,101.0,0
PRD_EST_066,STR_002,2025-02-25,6,119.1,0
PRD_EST_066,STR_003,2025-02-25,6,117.1,0
PRD_EST_066,STR_004,2025-02-25,6,108.2,0
PRD_EST_066,STR_005,2025-02-25,6,125.9,0
PRD_EST_066,STR_006,2025-02-25,6,97.0,0
PRD_EST_066,STR_007,2025-02-25,6,92.8,0
PRD_EST_066,STR_008,2025-02-25,6,100.5,0
PRD_EST_066,STR_009,2025-02-25,6,98.0,0
PRD_EST_066,STR_010,2025-02-25,6,103.1,0
PRD_EST_066,STR_011,2025-02-25,6,128.2,0
PRD_EST_066,STR_012,2025-02-25,6,142.5,0
PRD_EST_066,STR_013,2025-02-25,6,111.2,0
PRD_EST_066,STR_014,2025-02-25,6,111.5,0
PRD_EST_066,STR_015,2025-02-25,6,124.7,0
PRD_EST_066,STR_001,2025-03-04,7,114.6,0
PRD_EST_066,STR_002,2025-03-04,7,117.2,0
PRD_EST_066,STR_003,2025-03-04,7,119.8,0
PRD_EST_066,STR_004,2025-03-04,7,117.0,0
PRD_EST_066,STR_005,2025-03-04,7,123.6,0
PRD_EST_066,STR_006,2025-03-04,7,116.6,0
PRD_EST_066,STR_007,2025-03-04,7,106.8,0
PRD_EST_066,STR_008,2025-03-04,7,110.2,0
PRD_EST_066,STR_009,2025-03-04,7,103.8,0
PRD_EST_066,STR_010,2025-03-04,7,113.7,0
PRD_EST_066,STR_011,2025-03-04,7,137.4,0
PRD_EST_066,STR_012,2025-03-04,7,145.6,0
PRD_EST_066,STR_013,2025-03-04,7,126.5,0
PRD_EST_066,STR_014,2025-03-04,7,133.7,0
PRD_EST_066,STR_015,2025-03-04,7,118.8,0
PRD_EST_066,STR_001,2025-03-11,8,101.3,0
PRD_EST_066,STR_002,2025-03-11,8,102.5,0
PRD_EST_066,STR_003,2025-03-11,8,113.4,0
PRD_EST_066,STR_004,2025-03-11,8,111.5,0
PRD_EST_066,STR_005,2025-03-11,8,103.2,0
PRD_EST_066,STR_006,2025-03-11,8,98.5,0
PRD_EST_066,STR_007,2025-03-11,8,89.9,0
PRD_EST_066,STR_008,2025-03-11,8,93.3,0
PRD_EST_066,STR_009,2025-03-11,8,99.8,0
PRD_EST_066,STR_010,2025-03-11,8,105.7,0
PRD_EST_066,STR_011,2025-03-11,8,115.8,0
PRD_EST_066,STR_012,2025-03-11,8,132.4,0
PRD_EST_066,STR_013,2025-03-11,8,105.8,0
PRD_EST_066,STR_014,2025-03-11,8,110.7,0
PRD_EST_066,STR_015,2025-03-11,8,120.4,0
PRD_EST_067,STR_001,2026-02-12,1,108.7,0
PRD_EST_067,STR_002,2026-02-12,1,107.9,0
PRD_EST_067,STR_003,2026-02-12,1,104.3,0
PRD_EST_067,STR_004,2026-02-12,1,135.6,0
PRD_EST_067,STR_005,2026-02-12,1,150.5,0
PRD_EST_067,STR_006,2026-02-12,1,136.0,0
PRD_EST_067,STR_007,2026-02-12,1,94.2,0
PRD_EST_067,STR_008,2026-02-12,1,101.9,0
PRD_EST_067,STR_009,2026-02-12,1,103.8,0
PRD_EST_067,STR_010,2026-02-12,1,114.3,0
PRD_EST_067,STR_011,2026-02-12,1,116.9,0
PRD_EST_067,STR_012,2026-02-12,1,138.8,0
PRD_EST_067,STR_013,2026-02-12,1,155.1,0
PRD_EST_067,STR_014,2026-02-12,1,147.3,0
PRD_EST_067,STR_015,2026-02-12,1,125.3,0
PRD_EST_067,STR_001,2026-02-19,2,90.1,0
PRD_EST_067,STR_002,2026-02-19,2,95.9,0
PRD_EST_067,STR_003,2026-02-19,2,96.9,0
PRD_EST_067,STR_004,2026-02-19,2,122.8,0
PRD_EST_067,STR_005,2026-02-19,2,125.1,0
PRD_EST_067,STR_006,2026-02-19,2,106.5,0
PRD_EST_067,STR_007,2026-02-19,2,83.0,0
PRD_EST_067,STR_008,2026-02-19,2,85.4,0
PRD_EST_067,STR_009,2026-02-19,2,88.0,0
PRD_EST_067,STR_010,2026-02-19,2,85.8,0
PRD_EST_067,STR_011,2026-02-19,2,96.0,0
PRD_EST_067,STR_012,2026-02-19,2,103.2,0
PRD_EST_067,STR_013,2026-02-19,2,121.9,0
PRD_EST_067,STR_014,2026-02-19,2,125.9,0
PRD_EST_067,STR_015,2026-02-19,2,96.1,0
PRD_EST_067,STR_001,2026-02-26,3,109.4,0
PRD_EST_067,STR_002,2026-02-26,3,107.6,0
PRD_EST_067,STR_003,2026-02-26,3,83.7,0
PRD_EST_067,STR_004,2026-02-26,3,134.0,0
PRD_EST_067,STR_005,2026-02-26,3,129.6,0
PRD_EST_067,STR_006,2026-02-26,3,116.5,0
PRD_EST_067,STR_007,2026-02-26,3,90.9,0
PRD_EST_067,STR_008,2026-02-26,3,104.0,0
PRD_EST_067,STR_009,2026-02-26,3,71.1,0
PRD_EST_067,STR_010,2026-02-26,3,98.0,0
PRD_EST_067,STR_011,2026-02-26,3,118.5,0
PRD_EST_067,STR_012,2026-02-26,3,124.5,0
PRD_EST_067,STR_013,2026-02-26,3,144.9,0
PRD_EST_067,STR_014,2026-02-26,3,133.0,0
PRD_EST_067,STR_015,2026-02-26,3,110.0,0
PRD_EST_067,STR_001,2026-03-05,4,80.1,0
PRD_EST_067,STR_002,2026-03-05,4,85.4,0
PRD_EST_067,STR_003,2026-03-05,4,64.7,0
PRD_EST_067,STR_004,2026-03-05,4,120.0,0
PRD_EST_067,STR_005,2026-03-05,4,124.5,0
PRD_EST_067,STR_006,2026-03-05,4,103.6,0
PRD_EST_067,STR_007,2026-03-05,4,76.8,0
PRD_EST_067,STR_008,2026-03-05,4,84.4,0
PRD_EST_067,STR_009,2026-03-05,4,61.0,0
PRD_EST_067,STR_010,2026-03-05,4,82.3,0
PRD_EST_067,STR_011,2026-03-05,4,93.1,0
PRD_EST_067,STR_012,2026-03-05,4,108.0,0
PRD_EST_067,STR_013,2026-03-05,4,122.9,0
PRD_EST_067,STR_014,2026-03-05,4,125.1,0
PRD_EST_067,STR_015,2026-03-05,4,88.2,0
PRD_EST_067,STR_001,2026-03-12,5,133.2,0
PRD_EST_067,STR_002,2026-03-12,5,125.1,0
PRD_EST_067,STR_003,2026-03-12,5,131.9,0
PRD_EST_067,STR_004,2026-03-12,5,160.5,0
PRD_EST_067,STR_005,2026-03-12,5,163.9,0
PRD_EST_067,STR_006,2026-03-12,5,140.7,0
PRD_EST_067,STR_007,2026-03-12,5,118.2,0
PRD_EST_067,STR_008,2026-03-12,5,119.7,0
PRD_EST_067,STR_009,2026-03-12,5,127.6,0
PRD_EST_067,STR_010,2026-03-12,5,125.1,0
PRD_EST_067,STR_011,2026-03-12,5,130.8,0
PRD_EST_067,STR_012,2026-03-12,5,145.1,0
PRD_EST_067,STR_013,2026-03-12,5,162.4,0
PRD_EST_067,STR_014,2026-03-12,5,167.3,0
PRD_EST_067,STR_015,2026-03-12,5,138.1,0
PRD_EST_067,STR_001,2026-03-19,6,70.7,0
PRD_EST_067,STR_002,2026-03-19,6,75.8,0
PRD_EST_067,STR_003,2026-03-19,6,78.3,0
PRD_EST_067,STR_004,2026-03-19,6,104.2,0
PRD_EST_067,STR_005,2026-03-19,6,105.2,0
PRD_EST_067,STR_006,2026-03-19,6,83.5,0
PRD_EST_067,STR_007,2026-03-19,6,69.5,0
PRD_EST_067,STR_008,2026-03-19,6,68.9,0
PRD_EST_067,STR_009,2026-03-19,6,73.6,0
PRD_EST_067,STR_010,2026-03-19,6,79.0,0
PRD_EST_067,STR_011,2026-03-19,6,75.4,0
PRD_EST_067,STR_012,2026-03-19,6,91.6,0
PRD_EST_067,STR_013,2026-03-19,6,91.0,0
PRD_EST_067,STR_014,2026-03-19,6,93.3,0
PRD_EST_067,STR_015,2026-03-19,6,83.6,0
PRD_EST_067,STR_001,2026-03-26,7,74.5,0
PRD_EST_067,STR_002,2026-03-26,7,70.1,0
PRD_EST_067,STR_003,2026-03-26,7,75.7,0
PRD_EST_067,STR_004,2026-03-26,7,93.4,0
PRD_EST_067,STR_005,2026-03-26,7,97.8,0
PRD_EST_067,STR_006,2026-03-26,7,82.4,0
PRD_EST_067,STR_007,2026-03-26,7,65.9,0
PRD_EST_067,STR_008,2026-03-26,7,67.5,0
PRD_EST_067,STR_009,2026-03-26,7,70.0,0
PRD_EST_067,STR_010,2026-03-26,7,72.2,0
PRD_EST_067,STR_011,2026-03-26,7,84.4,0
PRD_EST_067,STR_012,2026-03-26,7,94.5,0
PRD_EST_067,STR_013,2026-03-26,7,90.1,0
PRD_EST_067,STR_014,2026-03-26,7,95.9,0
PRD_EST_067,STR_015,2026-03-26,7,79.8,0
PRD_EST_067,STR_001,2026-04-02,8,80.6,0
PRD_EST_067,STR_002,2026-04-02,8,81.7,0
PRD_EST_067,STR_003,2026-04-02,8,81.2,0
PRD_EST_067,STR_004,2026-04-02,8,107.7,0
PRD_EST_067,STR_005,2026-04-02,8,114.0,0
PRD_EST_067,STR_006,2026-04-02,8,105.9,0
PRD_EST_067,STR_007,2026-04-02,8,77.6,0
PRD_EST_067,STR_008,2026-04-02,8,78.9,0
PRD_EST_067,STR_009,2026-04-02,8,78.2,0
PRD_EST_067,STR_010,2026-04-02,8,93.8,0
PRD_EST_067,STR_011,2026-04-02,8,94.8,0
PRD_EST_067,STR_012,2026-04-02,8,113.3,0
PRD_EST_067,STR_013,2026-04-02,8,125.3,0
PRD_EST_067,STR_014,2026-04-02,8,126.8,0
PRD_EST_067,STR_015,2026-04-02,8,100.4,0
PRD_EST_068,STR_001,2025-08-07,1,112.8,0
PRD_EST_068,STR_002,2025-08-07,1,110.9,0
PRD_EST_068,STR_003,2025-08-07,1,119.1,0
PRD_EST_068,STR_004,2025-08-07,1,129.5,0
PRD_EST_068,STR_005,2025-08-07,1,133.2,0
PRD_EST_068,STR_006,2025-08-07,1,112.1,0
PRD_EST_068,STR_007,2025-08-07,1,107.4,0
PRD_EST_068,STR_008,2025-08-07,1,111.4,0
PRD_EST_068,STR_009,2025-08-07,1,105.2,0
PRD_EST_068,STR_010,2025-08-07,1,117.1,0
PRD_EST_068,STR_011,2025-08-07,1,128.9,0
PRD_EST_068,STR_012,2025-08-07,1,137.0,0
PRD_EST_068,STR_013,2025-08-07,1,129.3,0
PRD_EST_068,STR_014,2025-08-07,1,126.2,0
PRD_EST_068,STR_015,2025-08-07,1,118.3,0
PRD_EST_068,STR_001,2025-08-14,2,90.0,0
PRD_EST_068,STR_002,2025-08-14,2,90.2,0
PRD_EST_068,STR_003,2025-08-14,2,85.2,0
PRD_EST_068,STR_004,2025-08-14,2,96.0,0
PRD_EST_068,STR_005,2025-08-14,2,89.2,0
PRD_EST_068,STR_006,2025-08-14,2,83.4,0
PRD_EST_068,STR_007,2025-08-14,2,82.1,0
PRD_EST_068,STR_008,2025-08-14,2,85.0,0
PRD_EST_068,STR_009,2025-08-14,2,76.0,0
PRD_EST_068,STR_010,2025-08-14,2,87.2,0
PRD_EST_068,STR_011,2025-08-14,2,91.5,0
PRD_EST_068,STR_012,2025-08-14,2,108.4,0
PRD_EST_068,STR_013,2025-08-14,2,91.6,0
PRD_EST_068,STR_014,2025-08-14,2,92.3,0
PRD_EST_068,STR_015,2025-08-14,2,93.8,0
PRD_EST_068,STR_001,2025-08-21,3,216.0,0
PRD_EST_068,STR_002,2025-08-21,3,235.3,0
PRD_EST_068,STR_003,2025-08-21,3,233.5,0
PRD_EST_068,STR_004,2025-08-21,3,173.7,0
PRD_EST_068,STR_005,2025-08-21,3,171.6,0
PRD_EST_068,STR_006,2025-08-21,3,166.1,0
PRD_EST_068,STR_007,2025-08-21,3,206.1,0
PRD_EST_068,STR_008,2025-08-21,3,217.0,0
PRD_EST_068,STR_009,2025-08-21,3,163.7,0
PRD_EST_068,STR_010,2025-08-21,3,209.9,0
PRD_EST_068,STR_011,2025-08-21,3,231.7,0
PRD_EST_068,STR_012,2025-08-21,3,288.9,0
PRD_EST_068,STR_013,2025-08-21,3,171.9,0
PRD_EST_068,STR_014,2025-08-21,3,177.4,0
PRD_EST_068,STR_015,2025-08-21,3,246.0,0
PRD_EST_068,STR_001,2025-08-28,4,76.8,0
PRD_EST_068,STR_002,2025-08-28,4,80.3,0
PRD_EST_068,STR_003,2025-08-28,4,75.9,0
PRD_EST_068,STR_004,2025-08-28,4,62.3,0
PRD_EST_068,STR_005,2025-08-28,4,66.3,0
PRD_EST_068,STR_006,2025-08-28,4,60.5,0
PRD_EST_068,STR_007,2025-08-28,4,73.5,0
PRD_EST_068,STR_008,2025-08-28,4,72.2,0
PRD_EST_068,STR_009,2025-08-28,4,56.1,0
PRD_EST_068,STR_010,2025-08-28,4,76.4,0
PRD_EST_068,STR_011,2025-08-28,4,84.0,0
PRD_EST_068,STR_012,2025-08-28,4,91.0,0
PRD_EST_068,STR_013,2025-08-28,4,63.3,0
PRD_EST_068,STR_014,2025-08-28,4,62.6,0
PRD_EST_068,STR_015,2025-08-28,4,87.5,0
PRD_EST_068,STR_001,2025-09-04,5,67.5,0
PRD_EST_068,STR_002,2025-09-04,5,66.3,0
PRD_EST_068,STR_003,2025-09-04,5,63.7,0
PRD_EST_068,STR_004,2025-09-04,5,71.4,0
PRD_EST_068,STR_005,2025-09-04,5,70.7,0
PRD_EST_068,STR_006,2025-09-04,5,60.5,0
PRD_EST_068,STR_007,2025-09-04,5,59.4,0
PRD_EST_068,STR_008,2025-09-04,5,63.4,0
PRD_EST_068,STR_009,2025-09-04,5,61.7,0
PRD_EST_068,STR_010,2025-09-04,5,67.2,0
PRD_EST_068,STR_011,2025-09-04,5,73.0,0
PRD_EST_068,STR_012,2025-09-04,5,76.1,0
PRD_EST_068,STR_013,2025-09-04,5,70.3,0
PRD_EST_068,STR_014,2025-09-04,5,78.1,0
PRD_EST_068,STR_015,2025-09-04,5,69.5,0
PRD_EST_068,STR_001,2025-09-11,6,71.2,0
PRD_EST_068,STR_002,2025-09-11,6,71.9,0
PRD_EST_068,STR_003,2025-09-11,6,73.1,0
PRD_EST_068,STR_004,2025-09-11,6,80.5,0
PRD_EST_068,STR_005,2025-09-11,6,81.0,0
PRD_EST_068,STR_006,2025-09-11,6,66.4,0
PRD_EST_068,STR_007,2025-09-11,6,62.6,0
PRD_EST_068,STR_008,2025-09-11,6,68.8,0
PRD_EST_068,STR_009,2025-09-11,6,66.4,0
PRD_EST_068,STR_010,2025-09-11,6,71.1,0
PRD_EST_068,STR_011,2025-09-11,6,88.6,0
PRD_EST_068,STR_012,2025-09-11,6,92.7,0
PRD_EST_068,STR_013,2025-09-11,6,76.6,0
PRD_EST_068,STR_014,2025-09-11,6,82.1,0
PRD_EST_068,STR_015,2025-09-11,6,78.7,0
PRD_EST_068,STR_001,2025-09-18,7,85.8,0
PRD_EST_068,STR_002,2025-09-18,7,84.3,0
PRD_EST_068,STR_003,2025-09-18,7,80.5,0
PRD_EST_068,STR_004,2025-09-18,7,83.8,0
PRD_EST_068,STR_005,2025-09-18,7,83.2,0
PRD_EST_068,STR_006,2025-09-18,7,80.3,0
PRD_EST_068,STR_007,2025-09-18,7,75.0,0
PRD_EST_068,STR_008,2025-09-18,7,77.2,0
PRD_EST_068,STR_009,2025-09-18,7,72.3,0
PRD_EST_068,STR_010,2025-09-18,7,77.8,0
PRD_EST_068,STR_011,2025-09-18,7,91.8,0
PRD_EST_068,STR_012,2025-09-18,7,102.0,0
PRD_EST_068,STR_013,2025-09-18,7,83.3,0
PRD_EST_068,STR_014,2025-09-18,7,81.0,0
PRD_EST_068,STR_015,2025-09-18,7,83.6,0
PRD_EST_068,STR_001,2025-09-25,8,77.8,0
PRD_EST_068,STR_002,2025-09-25,8,75.2,0
PRD_EST_068,STR_003,2025-09-25,8,76.6,0
PRD_EST_068,STR_004,2025-09-25,8,81.4,0
PRD_EST_068,STR_005,2025-09-25,8,81.0,0
PRD_EST_068,STR_006,2025-09-25,8,65.3,0
PRD_EST_068,STR_007,2025-09-25,8,67.6,0
PRD_EST_068,STR_008,2025-09-25,8,66.0,0
PRD_EST_068,STR_009,2025-09-25,8,67.1,0
PRD_EST_068,STR_010,2025-09-25,8,73.3,0
PRD_EST_068,STR_011,2025-09-25,8,87.1,0
PRD_EST_068,STR_012,2025-09-25,8,91.6,0
PRD_EST_068,STR_013,2025-09-25,8,77.0,0
PRD_EST_068,STR_014,2025-09-25,8,73.4,0
PRD_EST_068,STR_015,2025-09-25,8,85.5,0
PRD_EST_069,STR_001,2025-12-18,1,245.6,0
PRD_EST_069,STR_002,2025-12-18,1,236.6,0
PRD_EST_069,STR_003,2025-12-18,1,223.1,0
PRD_EST_069,STR_004,2025-12-18,1,208.9,0
PRD_EST_069,STR_005,2025-12-18,1,211.4,0
PRD_EST_069,STR_006,2025-12-18,1,191.9,0
PRD_EST_069,STR_007,2025-12-18,1,217.7,0
PRD_EST_069,STR_008,2025-12-18,1,221.1,0
PRD_EST_069,STR_009,2025-12-18,1,228.4,0
PRD_EST_069,STR_010,2025-12-18,1,254.2,0
PRD_EST_069,STR_011,2025-12-18,1,248.9,0
PRD_EST_069,STR_012,2025-12-18,1,284.3,0
PRD_EST_069,STR_013,2025-12-18,1,218.9,0
PRD_EST_069,STR_014,2025-12-18,1,210.7,0
PRD_EST_069,STR_015,2025-12-18,1,247.8,0
PRD_EST_069,STR_001,2025-12-25,2,230.4,0
PRD_EST_069,STR_002,2025-12-25,2,239.5,0
PRD_EST_069,STR_003,2025-12-25,2,235.3,0
PRD_EST_069,STR_004,2025-12-25,2,223.9,0
PRD_EST_069,STR_005,2025-12-25,2,230.2,0
PRD_EST_069,STR_006,2025-12-25,2,192.4,0
PRD_EST_069,STR_007,2025-12-25,2,188.2,0
PRD_EST_069,STR_008,2025-12-25,2,219.4,0
PRD_EST_069,STR_009,2025-12-25,2,218.2,0
PRD_EST_069,STR_010,2025-12-25,2,208.1,0
PRD_EST_069,STR_011,2025-12-25,2,266.7,0
PRD_EST_069,STR_012,2025-12-25,2,288.0,0
PRD_EST_069,STR_013,2025-12-25,2,219.5,0
PRD_EST_069,STR_014,2025-12-25,2,205.9,0
PRD_EST_069,STR_015,2025-12-25,2,242.7,0
PRD_EST_069,STR_001,2026-01-01,3,383.9,0
PRD_EST_069,STR_002,2026-01-01,3,420.3,0
PRD_EST_069,STR_003,2026-01-01,3,322.5,0
PRD_EST_069,STR_004,2026-01-01,3,371.7,0
PRD_EST_069,STR_005,2026-01-01,3,403.4,0
PRD_EST_069,STR_006,2026-01-01,3,323.5,0
PRD_EST_069,STR_007,2026-01-01,3,386.4,0
PRD_EST_069,STR_008,2026-01-01,3,390.9,0
PRD_EST_069,STR_009,2026-01-01,3,300.8,0
PRD_EST_069,STR_010,2026-01-01,3,429.1,0
PRD_EST_069,STR_011,2026-01-01,3,457.4,0
PRD_EST_069,STR_012,2026-01-01,3,520.4,0
PRD_EST_069,STR_013,2026-01-01,3,381.1,0
PRD_EST_069,STR_014,2026-01-01,3,421.0,0
PRD_EST_069,STR_015,2026-01-01,3,437.7,0
PRD_EST_069,STR_001,2026-01-08,4,188.2,0
PRD_EST_069,STR_002,2026-01-08,4,203.3,0
PRD_EST_069,STR_003,2026-01-08,4,155.5,0
PRD_EST_069,STR_004,2026-01-08,4,182.5,0
PRD_EST_069,STR_005,2026-01-08,4,187.1,0
PRD_EST_069,STR_006,2026-01-08,4,179.3,0
PRD_EST_069,STR_007,2026-01-08,4,170.6,0
PRD_EST_069,STR_008,2026-01-08,4,173.1,0
PRD_EST_069,STR_009,2026-01-08,4,137.2,0
PRD_EST_069,STR_010,2026-01-08,4,192.7,0
PRD_EST_069,STR_011,2026-01-08,4,221.1,0
PRD_EST_069,STR_012,2026-01-08,4,236.4,0
PRD_EST_069,STR_013,2026-01-08,4,186.3,0
PRD_EST_069,STR_014,2026-01-08,4,205.9,0
PRD_EST_069,STR_015,2026-01-08,4,222.8,0
PRD_EST_069,STR_001,2026-01-15,5,151.9,0
PRD_EST_069,STR_002,2026-01-15,5,170.9,0
PRD_EST_069,STR_003,2026-01-15,5,158.9,0
PRD_EST_069,STR_004,2026-01-15,5,153.8,0
PRD_EST_069,STR_005,2026-01-15,5,151.7,0
PRD_EST_069,STR_006,2026-01-15,5,126.2,0
PRD_EST_069,STR_007,2026-01-15,5,152.1,0
PRD_EST_069,STR_008,2026-01-15,5,153.2,0
PRD_EST_069,STR_009,2026-01-15,5,152.4,0
PRD_EST_069,STR_010,2026-01-15,5,154.0,0
PRD_EST_069,STR_011,2026-01-15,5,168.8,0
PRD_EST_069,STR_012,2026-01-15,5,201.4,0
PRD_EST_069,STR_013,2026-01-15,5,139.2,0
PRD_EST_069,STR_014,2026-01-15,5,142.8,0
PRD_EST_069,STR_015,2026-01-15,5,165.3,0
PRD_EST_069,STR_001,2026-01-22,6,152.0,0
PRD_EST_069,STR_002,2026-01-22,6,140.6,0
PRD_EST_069,STR_003,2026-01-22,6,146.7,0
PRD_EST_069,STR_004,2026-01-22,6,140.7,0
PRD_EST_069,STR_005,2026-01-22,6,149.0,0
PRD_EST_069,STR_006,2026-01-22,6,117.1,0
PRD_EST_069,STR_007,2026-01-22,6,129.4,0
PRD_EST_069,STR_008,2026-01-22,6,139.7,0
PRD_EST_069,STR_009,2026-01-22,6,136.5,0
PRD_EST_069,STR_010,2026-01-22,6,160.1,0
PRD_EST_069,STR_011,2026-01-22,6,170.8,0
PRD_EST_069,STR_012,2026-01-22,6,190.9,0
PRD_EST_069,STR_013,2026-01-22,6,135.8,0
PRD_EST_069,STR_014,2026-01-22,6,137.0,0
PRD_EST_069,STR_015,2026-01-22,6,157.1,0
PRD_EST_069,STR_001,2026-01-29,7,200.8,0
PRD_EST_069,STR_002,2026-01-29,7,179.0,0
PRD_EST_069,STR_003,2026-01-29,7,190.7,0
PRD_EST_069,STR_004,2026-01-29,7,164.9,0
PRD_EST_069,STR_005,2026-01-29,7,172.3,0
PRD_EST_069,STR_006,2026-01-29,7,157.4,0
PRD_EST_069,STR_007,2026-01-29,7,163.5,0
PRD_EST_069,STR_008,2026-01-29,7,186.6,0
PRD_EST_069,STR_009,2026-01-29,7,179.5,0
PRD_EST_069,STR_010,2026-01-29,7,185.8,0
PRD_EST_069,STR_011,2026-01-29,7,222.1,0
PRD_EST_069,STR_012,2026-01-29,7,212.8,0
PRD_EST_069,STR_013,2026-01-29,7,171.8,0
PRD_EST_069,STR_014,2026-01-29,7,176.5,0
PRD_EST_069,STR_015,2026-01-29,7,196.4,0
PRD_EST_069,STR_001,2026-02-05,8,176.8,0
PRD_EST_069,STR_002,2026-02-05,8,182.1,0
PRD_EST_069,STR_003,2026-02-05,8,172.0,0
PRD_EST_069,STR_004,2026-02-05,8,168.4,0
PRD_EST_069,STR_005,2026-02-05,8,174.8,0
PRD_EST_069,STR_006,2026-02-05,8,141.6,0
PRD_EST_069,STR_007,2026-02-05,8,148.4,0
PRD_EST_069,STR_008,2026-02-05,8,168.7,0
PRD_EST_069,STR_009,2026-02-05,8,160.1,0
PRD_EST_069,STR_010,2026-02-05,8,165.3,0
PRD_EST_069,STR_011,2026-02-05,8,196.6,0
PRD_EST_069,STR_012,2026-02-05,8,218.3,0
PRD_EST_069,STR_013,2026-02-05,8,169.3,0
PRD_EST_069,STR_014,2026-02-05,8,168.1,0
PRD_EST_069,STR_015,2026-02-05,8,202.1,0
PRD_EST_070,STR_001,2026-01-29,1,80.5,0
PRD_EST_070,STR_002,2026-01-29,1,72.9,0
PRD_EST_070,STR_003,2026-01-29,1,73.6,0
PRD_EST_070,STR_004,2026-01-29,1,86.8,0
PRD_EST_070,STR_005,2026-01-29,1,87.0,0
PRD_EST_070,STR_006,2026-01-29,1,73.9,0
PRD_EST_070,STR_007,2026-01-29,1,68.1,0
PRD_EST_070,STR_008,2026-01-29,1,75.2,0
PRD_EST_070,STR_009,2026-01-29,1,77.6,0
PRD_EST_070,STR_010,2026-01-29,1,82.8,0
PRD_EST_070,STR_011,2026-01-29,1,79.7,0
PRD_EST_070,STR_012,2026-01-29,1,99.6,0
PRD_EST_070,STR_013,2026-01-29,1,77.4,0
PRD_EST_070,STR_014,2026-01-29,1,86.4,0
PRD_EST_070,STR_015,2026-01-29,1,83.6,0
PRD_EST_070,STR_001,2026-02-05,2,72.9,0
PRD_EST_070,STR_002,2026-02-05,2,70.9,0
PRD_EST_070,STR_003,2026-02-05,2,74.5,0
PRD_EST_070,STR_004,2026-02-05,2,68.9,0
PRD_EST_070,STR_005,2026-02-05,2,72.6,0
PRD_EST_070,STR_006,2026-02-05,2,71.2,0
PRD_EST_070,STR_007,2026-02-05,2,59.0,0
PRD_EST_070,STR_008,2026-02-05,2,67.8,0
PRD_EST_070,STR_009,2026-02-05,2,69.4,0
PRD_EST_070,STR_010,2026-02-05,2,71.4,0
PRD_EST_070,STR_011,2026-02-05,2,80.1,0
PRD_EST_070,STR_012,2026-02-05,2,90.5,0
PRD_EST_070,STR_013,2026-02-05,2,70.1,0
PRD_EST_070,STR_014,2026-02-05,2,77.2,0
PRD_EST_070,STR_015,2026-02-05,2,76.3,0
PRD_EST_070,STR_001,2026-02-12,3,52.4,0
PRD_EST_070,STR_002,2026-02-12,3,52.9,0
PRD_EST_070,STR_003,2026-02-12,3,51.4,0
PRD_EST_070,STR_004,2026-02-12,3,72.9,0
PRD_EST_070,STR_005,2026-02-12,3,79.2,0
PRD_EST_070,STR_006,2026-02-12,3,60.8,0
PRD_EST_070,STR_007,2026-02-12,3,48.5,0
PRD_EST_070,STR_008,2026-02-12,3,49.5,0
PRD_EST_070,STR_009,2026-02-12,3,61.0,0
PRD_EST_070,STR_010,2026-02-12,3,52.3,0
PRD_EST_070,STR_011,2026-02-12,3,58.3,0
PRD_EST_070,STR_012,2026-02-12,3,66.3,0
PRD_EST_070,STR_013,2026-02-12,3,76.5,0
PRD_EST_070,STR_014,2026-02-12,3,76.0,0
PRD_EST_070,STR_015,2026-02-12,3,52.5,0
PRD_EST_070,STR_001,2026-02-19,4,95.7,0
PRD_EST_070,STR_002,2026-02-19,4,98.2,0
PRD_EST_070,STR_003,2026-02-19,4,110.2,0
PRD_EST_070,STR_004,2026-02-19,4,146.9,0
PRD_EST_070,STR_005,2026-02-19,4,143.5,0
PRD_EST_070,STR_006,2026-02-19,4,122.7,0
PRD_EST_070,STR_007,2026-02-19,4,85.5,0
PRD_EST_070,STR_008,2026-02-19,4,98.3,0
PRD_EST_070,STR_009,2026-02-19,4,128.8,0
PRD_EST_070,STR_010,2026-02-19,4,111.0,0
PRD_EST_070,STR_011,2026-02-19,4,110.5,0
PRD_EST_070,STR_012,2026-02-19,4,125.3,0
PRD_EST_070,STR_013,2026-02-19,4,140.5,0
PRD_EST_070,STR_014,2026-02-19,4,144.7,0
PRD_EST_070,STR_015,2026-02-19,4,118.1,0
PRD_EST_070,STR_001,2026-02-26,5,53.0,0
PRD_EST_070,STR_002,2026-02-26,5,56.7,0
PRD_EST_070,STR_003,2026-02-26,5,55.1,0
PRD_EST_070,STR_004,2026-02-26,5,59.6,0
PRD_EST_070,STR_005,2026-02-26,5,55.8,0
PRD_EST_070,STR_006,2026-02-26,5,49.1,0
PRD_EST_070,STR_007,2026-02-26,5,45.8,0
PRD_EST_070,STR_008,2026-02-26,5,49.6,0
PRD_EST_070,STR_009,2026-02-26,5,54.1,0
PRD_EST_070,STR_010,2026-02-26,5,53.4,0
PRD_EST_070,STR_011,2026-02-26,5,61.3,0
PRD_EST_070,STR_012,2026-02-26,5,69.5,0
PRD_EST_070,STR_013,2026-02-26,5,55.9,0
PRD_EST_070,STR_014,2026-02-26,5,59.8,0
PRD_EST_070,STR_015,2026-02-26,5,58.0,0
PRD_EST_070,STR_001,2026-03-05,6,51.6,0
PRD_EST_070,STR_002,2026-03-05,6,56.6,0
PRD_EST_070,STR_003,2026-03-05,6,54.6,0
PRD_EST_070,STR_004,2026-03-05,6,56.1,0
PRD_EST_070,STR_005,2026-03-05,6,58.4,0
PRD_EST_070,STR_006,2026-03-05,6,54.6,0
PRD_EST_070,STR_007,2026-03-05,6,49.4,0
PRD_EST_070,STR_008,2026-03-05,6,55.4,0
PRD_EST_070,STR_009,2026-03-05,6,49.2,0
PRD_EST_070,STR_010,2026-03-05,6,53.8,0
PRD_EST_070,STR_011,2026-03-05,6,57.6,0
PRD_EST_070,STR_012,2026-03-05,6,66.2,0
PRD_EST_070,STR_013,2026-03-05,6,59.6,0
PRD_EST_070,STR_014,2026-03-05,6,55.6,0
PRD_EST_070,STR_015,2026-03-05,6,61.5,0
PRD_EST_070,STR_001,2026-03-12,7,57.3,0
PRD_EST_070,STR_002,2026-03-12,7,56.0,0
PRD_EST_070,STR_003,2026-03-12,7,60.2,0
PRD_EST_070,STR_004,2026-03-12,7,57.6,0
PRD_EST_070,STR_005,2026-03-12,7,56.8,0
PRD_EST_070,STR_006,2026-03-12,7,56.0,0
PRD_EST_070,STR_007,2026-03-12,7,50.0,0
PRD_EST_070,STR_008,2026-03-12,7,49.2,0
PRD_EST_070,STR_009,2026-03-12,7,49.9,0
PRD_EST_070,STR_010,2026-03-12,7,56.5,0
PRD_EST_070,STR_011,2026-03-12,7,65.7,0
PRD_EST_070,STR_012,2026-03-12,7,65.1,0
PRD_EST_070,STR_013,2026-03-12,7,63.5,0
PRD_EST_070,STR_014,2026-03-12,7,61.1,0
PRD_EST_070,STR_015,2026-03-12,7,61.0,0
PRD_EST_070,STR_001,2026-03-19,8,54.6,0
PRD_EST_070,STR_002,2026-03-19,8,55.0,0
PRD_EST_070,STR_003,2026-03-19,8,59.7,0
PRD_EST_070,STR_004,2026-03-19,8,61.4,0
PRD_EST_070,STR_005,2026-03-19,8,61.7,0
PRD_EST_070,STR_006,2026-03-19,8,57.5,0
PRD_EST_070,STR_007,2026-03-19,8,48.9,0
PRD_EST_070,STR_008,2026-03-19,8,57.5,0
PRD_EST_070,STR_009,2026-03-19,8,55.8,0
PRD_EST_070,STR_010,2026-03-19,8,62.2,0
PRD_EST_070,STR_011,2026-03-19,8,59.6,0
PRD_EST_070,STR_012,2026-03-19,8,74.2,0
PRD_EST_070,STR_013,2026-03-19,8,61.3,0
PRD_EST_070,STR_014,2026-03-19,8,67.4,0
PRD_EST_070,STR_015,2026-03-19,8,63.8,0
PRD_EST_071,STR_001,2024-11-12,1,136.9,0
PRD_EST_071,STR_002,2024-11-12,1,155.3,0
PRD_EST_071,STR_003,2024-11-12,1,143.3,0
PRD_EST_071,STR_004,2024-11-12,1,160.4,0
PRD_EST_071,STR_005,2024-11-12,1,159.6,0
PRD_EST_071,STR_006,2024-11-12,1,143.8,0
PRD_EST_071,STR_007,2024-11-12,1,129.5,0
PRD_EST_071,STR_008,2024-11-12,1,135.4,0
PRD_EST_071,STR_009,2024-11-12,1,145.9,0
PRD_EST_071,STR_010,2024-11-12,1,159.7,0
PRD_EST_071,STR_011,2024-11-12,1,172.3,0
PRD_EST_071,STR_012,2024-11-12,1,169.5,0
PRD_EST_071,STR_013,2024-11-12,1,167.5,0
PRD_EST_071,STR_014,2024-11-12,1,167.1,0
PRD_EST_071,STR_015,2024-11-12,1,158.2,0
PRD_EST_071,STR_001,2024-11-19,2,130.1,0
PRD_EST_071,STR_002,2024-11-19,2,130.6,0
PRD_EST_071,STR_003,2024-11-19,2,113.7,0
PRD_EST_071,STR_004,2024-11-19,2,122.6,0
PRD_EST_071,STR_005,2024-11-19,2,120.7,0
PRD_EST_071,STR_006,2024-11-19,2,118.8,0
PRD_EST_071,STR_007,2024-11-19,2,107.8,0
PRD_EST_071,STR_008,2024-11-19,2,113.3,0
PRD_EST_071,STR_009,2024-11-19,2,116.6,0
PRD_EST_071,STR_010,2024-11-19,2,113.1,0
PRD_EST_071,STR_011,2024-11-19,2,127.4,0
PRD_EST_071,STR_012,2024-11-19,2,138.6,0
PRD_EST_071,STR_013,2024-11-19,2,128.0,0
PRD_EST_071,STR_014,2024-11-19,2,124.0,0
PRD_EST_071,STR_015,2024-11-19,2,134.6,0
PRD_EST_071,STR_001,2024-11-26,3,93.8,0
PRD_EST_071,STR_002,2024-11-26,3,89.4,0
PRD_EST_071,STR_003,2024-11-26,3,93.9,0
PRD_EST_071,STR_004,2024-11-26,3,100.9,0
PRD_EST_071,STR_005,2024-11-26,3,95.8,0
PRD_EST_071,STR_006,2024-11-26,3,91.2,0
PRD_EST_071,STR_007,2024-11-26,3,82.8,0
PRD_EST_071,STR_008,2024-11-26,3,89.2,0
PRD_EST_071,STR_009,2024-11-26,3,91.9,0
PRD_EST_071,STR_010,2024-11-26,3,87.8,0
PRD_EST_071,STR_011,2024-11-26,3,95.4,0
PRD_EST_071,STR_012,2024-11-26,3,122.0,0
PRD_EST_071,STR_013,2024-11-26,3,92.8,0
PRD_EST_071,STR_014,2024-11-26,3,93.7,0
PRD_EST_071,STR_015,2024-11-26,3,95.4,0
PRD_EST_071,STR_001,2024-12-03,4,74.3,0
PRD_EST_071,STR_002,2024-12-03,4,85.2,0
PRD_EST_071,STR_003,2024-12-03,4,82.5,0
PRD_EST_071,STR_004,2024-12-03,4,90.2,0
PRD_EST_071,STR_005,2024-12-03,4,84.8,0
PRD_EST_071,STR_006,2024-12-03,4,78.5,0
PRD_EST_071,STR_007,2024-12-03,4,78.0,0
PRD_EST_071,STR_008,2024-12-03,4,80.0,0
PRD_EST_071,STR_009,2024-12-03,4,76.6,0
PRD_EST_071,STR_010,2024-12-03,4,77.6,0
PRD_EST_071,STR_011,2024-12-03,4,85.5,0
PRD_EST_071,STR_012,2024-12-03,4,103.8,0
PRD_EST_071,STR_013,2024-12-03,4,86.1,0
PRD_EST_071,STR_014,2024-12-03,4,85.9,0
PRD_EST_071,STR_015,2024-12-03,4,93.5,0
PRD_EST_071,STR_001,2024-12-10,5,99.1,0
PRD_EST_071,STR_002,2024-12-10,5,99.4,0
PRD_EST_071,STR_003,2024-12-10,5,93.9,0
PRD_EST_071,STR_004,2024-12-10,5,101.0,0
PRD_EST_071,STR_005,2024-12-10,5,107.1,0
PRD_EST_071,STR_006,2024-12-10,5,89.5,0
PRD_EST_071,STR_007,2024-12-10,5,79.4,0
PRD_EST_071,STR_008,2024-12-10,5,89.9,0
PRD_EST_071,STR_009,2024-12-10,5,82.9,0
PRD_EST_071,STR_010,2024-12-10,5,94.8,0
PRD_EST_071,STR_011,2024-12-10,5,96.7,0
PRD_EST_071,STR_012,2024-12-10,5,115.4,0
PRD_EST_071,STR_013,2024-12-10,5,92.4,0
PRD_EST_071,STR_014,2024-12-10,5,107.4,0
PRD_EST_071,STR_015,2024-12-10,5,98.7,0
PRD_EST_071,STR_001,2024-12-17,6,101.5,0
PRD_EST_071,STR_002,2024-12-17,6,95.8,0
PRD_EST_071,STR_003,2024-12-17,6,95.2,0
PRD_EST_071,STR_004,2024-12-17,6,107.8,0
PRD_EST_071,STR_005,2024-12-17,6,98.2,0
PRD_EST_071,STR_006,2024-12-17,6,87.9,0
PRD_EST_071,STR_007,2024-12-17,6,87.2,0
PRD_EST_071,STR_008,2024-12-17,6,88.3,0
PRD_EST_071,STR_009,2024-12-17,6,91.3,0
PRD_EST_071,STR_010,2024-12-17,6,99.2,0
PRD_EST_071,STR_011,2024-12-17,6,103.9,0
PRD_EST_071,STR_012,2024-12-17,6,120.0,0
PRD_EST_071,STR_013,2024-12-17,6,103.6,0
PRD_EST_071,STR_014,2024-12-17,6,111.5,0
PRD_EST_071,STR_015,2024-12-17,6,106.3,0
PRD_EST_071,STR_001,2024-12-24,7,105.9,0
PRD_EST_071,STR_002,2024-12-24,7,107.9,0
PRD_EST_071,STR_003,2024-12-24,7,102.6,0
PRD_EST_071,STR_004,2024-12-24,7,96.7,0
PRD_EST_071,STR_005,2024-12-24,7,105.4,0
PRD_EST_071,STR_006,2024-12-24,7,89.0,0
PRD_EST_071,STR_007,2024-12-24,7,94.6,0
PRD_EST_071,STR_008,2024-12-24,7,87.9,0
PRD_EST_071,STR_009,2024-12-24,7,89.1,0
PRD_EST_071,STR_010,2024-12-24,7,105.2,0
PRD_EST_071,STR_011,2024-12-24,7,107.0,0
PRD_EST_071,STR_012,2024-12-24,7,126.0,0
PRD_EST_071,STR_013,2024-12-24,7,112.6,0
PRD_EST_071,STR_014,2024-12-24,7,100.3,0
PRD_EST_071,STR_015,2024-12-24,7,107.7,0
PRD_EST_071,STR_001,2024-12-31,8,107.7,0
PRD_EST_071,STR_002,2024-12-31,8,104.9,0
PRD_EST_071,STR_003,2024-12-31,8,105.7,0
PRD_EST_071,STR_004,2024-12-31,8,114.2,0
PRD_EST_071,STR_005,2024-12-31,8,116.1,0
PRD_EST_071,STR_006,2024-12-31,8,94.6,0
PRD_EST_071,STR_007,2024-12-31,8,86.1,0
PRD_EST_071,STR_008,2024-12-31,8,96.8,0
PRD_EST_071,STR_009,2024-12-31,8,100.7,0
PRD_EST_071,STR_010,2024-12-31,8,111.0,0
PRD_EST_071,STR_011,2024-12-31,8,121.2,0
PRD_EST_071,STR_012,2024-12-31,8,125.1,0
PRD_EST_071,STR_013,2024-12-31,8,103.0,0
PRD_EST_071,STR_014,2024-12-31,8,115.8,0
PRD_EST_071,STR_015,2024-12-31,8,104.7,0
PRD_EST_072,STR_001,2025-11-14,1,261.9,0
PRD_EST_072,STR_002,2025-11-14,1,255.3,0
PRD_EST_072,STR_003,2025-11-14,1,268.0,0
PRD_EST_072,STR_004,2025-11-14,1,225.8,0
PRD_EST_072,STR_005,2025-11-14,1,249.1,0
PRD_EST_072,STR_006,2025-11-14,1,214.9,0
PRD_EST_072,STR_007,2025-11-14,1,227.2,0
PRD_EST_072,STR_008,2025-11-14,1,231.3,0
PRD_EST_072,STR_009,2025-11-14,1,251.0,0
PRD_EST_072,STR_010,2025-11-14,1,262.4,0
PRD_EST_072,STR_011,2025-11-14,1,268.5,0
PRD_EST_072,STR_012,2025-11-14,1,295.5,0
PRD_EST_072,STR_013,2025-11-14,1,251.8,0
PRD_EST_072,STR_014,2025-11-14,1,268.6,0
PRD_EST_072,STR_015,2025-11-14,1,273.7,0
PRD_EST_072,STR_001,2025-11-21,2,219.2,0
PRD_EST_072,STR_002,2025-11-21,2,242.5,0
PRD_EST_072,STR_003,2025-11-21,2,217.8,0
PRD_EST_072,STR_004,2025-11-21,2,199.6,0
PRD_EST_072,STR_005,2025-11-21,2,201.0,0
PRD_EST_072,STR_006,2025-11-21,2,188.4,0
PRD_EST_072,STR_007,2025-11-21,2,210.5,0
PRD_EST_072,STR_008,2025-11-21,2,225.4,0
PRD_EST_072,STR_009,2025-11-21,2,213.6,0
PRD_EST_072,STR_010,2025-11-21,2,210.8,0
PRD_EST_072,STR_011,2025-11-21,2,261.9,0
PRD_EST_072,STR_012,2025-11-21,2,291.2,0
PRD_EST_072,STR_013,2025-11-21,2,207.2,0
PRD_EST_072,STR_014,2025-11-21,2,204.7,0
PRD_EST_072,STR_015,2025-11-21,2,227.4,0
PRD_EST_072,STR_001,2025-11-28,3,170.1,0
PRD_EST_072,STR_002,2025-11-28,3,167.7,0
PRD_EST_072,STR_003,2025-11-28,3,168.6,0
PRD_EST_072,STR_004,2025-11-28,3,165.9,0
PRD_EST_072,STR_005,2025-11-28,3,177.1,0
PRD_EST_072,STR_006,2025-11-28,3,157.7,0
PRD_EST_072,STR_007,2025-11-28,3,145.5,0
PRD_EST_072,STR_008,2025-11-28,3,161.5,0
PRD_EST_072,STR_009,2025-11-28,3,166.4,0
PRD_EST_072,STR_010,2025-11-28,3,178.1,0
PRD_EST_072,STR_011,2025-11-28,3,178.0,0
PRD_EST_072,STR_012,2025-11-28,3,224.7,0
PRD_EST_072,STR_013,2025-11-28,3,157.2,0
PRD_EST_072,STR_014,2025-11-28,3,173.9,0
PRD_EST_072,STR_015,2025-11-28,3,196.5,0
PRD_EST_072,STR_001,2025-12-05,4,184.8,0
PRD_EST_072,STR_002,2025-12-05,4,185.7,0
PRD_EST_072,STR_003,2025-12-05,4,174.0,0
PRD_EST_072,STR_004,2025-12-05,4,159.8,0
PRD_EST_072,STR_005,2025-12-05,4,164.9,0
PRD_EST_072,STR_006,2025-12-05,4,148.9,0
PRD_EST_072,STR_007,2025-12-05,4,165.6,0
PRD_EST_072,STR_008,2025-12-05,4,159.2,0
PRD_EST_072,STR_009,2025-12-05,4,174.4,0
PRD_EST_072,STR_010,2025-12-05,4,170.5,0
PRD_EST_072,STR_011,2025-12-05,4,194.3,0
PRD_EST_072,STR_012,2025-12-05,4,198.9,0
PRD_EST_072,STR_013,2025-12-05,4,162.7,0
PRD_EST_072,STR_014,2025-12-05,4,167.8,0
PRD_EST_072,STR_015,2025-12-05,4,202.8,0
PRD_EST_072,STR_001,2025-12-12,5,185.9,0
PRD_EST_072,STR_002,2025-12-12,5,175.7,0
PRD_EST_072,STR_003,2025-12-12,5,200.8,0
PRD_EST_072,STR_004,2025-12-12,5,186.7,0
PRD_EST_072,STR_005,2025-12-12,5,181.3,0
PRD_EST_072,STR_006,2025-12-12,5,153.4,0
PRD_EST_072,STR_007,2025-12-12,5,169.1,0
PRD_EST_072,STR_008,2025-12-12,5,167.3,0
PRD_EST_072,STR_009,2025-12-12,5,182.3,0
PRD_EST_072,STR_010,2025-12-12,5,197.0,0
PRD_EST_072,STR_011,2025-12-12,5,191.6,0
PRD_EST_072,STR_012,2025-12-12,5,218.0,0
PRD_EST_072,STR_013,2025-12-12,5,177.1,0
PRD_EST_072,STR_014,2025-12-12,5,190.3,0
PRD_EST_072,STR_015,2025-12-12,5,217.6,0
PRD_EST_072,STR_001,2025-12-19,6,158.7,0
PRD_EST_072,STR_002,2025-12-19,6,183.1,0
PRD_EST_072,STR_003,2025-12-19,6,167.3,0
PRD_EST_072,STR_004,2025-12-19,6,165.5,0
PRD_EST_072,STR_005,2025-12-19,6,161.3,0
PRD_EST_072,STR_006,2025-12-19,6,156.9,0
PRD_EST_072,STR_007,2025-12-19,6,143.7,0
PRD_EST_072,STR_008,2025-12-19,6,173.5,0
PRD_EST_072,STR_009,2025-12-19,6,159.3,0
PRD_EST_072,STR_010,2025-12-19,6,160.3,0
PRD_EST_072,STR_011,2025-12-19,6,187.3,0
PRD_EST_072,STR_012,2025-12-19,6,208.1,0
PRD_EST_072,STR_013,2025-12-19,6,157.7,0
PRD_EST_072,STR_014,2025-12-19,6,165.1,0
PRD_EST_072,STR_015,2025-12-19,6,191.9,0
PRD_EST_072,STR_001,2025-12-26,7,206.9,0
PRD_EST_072,STR_002,2025-12-26,7,213.5,0
PRD_EST_072,STR_003,2025-12-26,7,192.5,0
PRD_EST_072,STR_004,2025-12-26,7,203.8,0
PRD_EST_072,STR_005,2025-12-26,7,213.6,0
PRD_EST_072,STR_006,2025-12-26,7,186.4,0
PRD_EST_072,STR_007,2025-12-26,7,192.8,0
PRD_EST_072,STR_008,2025-12-26,7,191.5,0
PRD_EST_072,STR_009,2025-12-26,7,204.6,0
PRD_EST_072,STR_010,2025-12-26,7,200.2,0
PRD_EST_072,STR_011,2025-12-26,7,238.0,0
PRD_EST_072,STR_012,2025-12-26,7,240.2,0
PRD_EST_072,STR_013,2025-12-26,7,182.7,0
PRD_EST_072,STR_014,2025-12-26,7,209.0,0
PRD_EST_072,STR_015,2025-12-26,7,228.5,0
PRD_EST_072,STR_001,2026-01-02,8,178.3,0
PRD_EST_072,STR_002,2026-01-02,8,178.1,0
PRD_EST_072,STR_003,2026-01-02,8,182.0,0
PRD_EST_072,STR_004,2026-01-02,8,166.5,0
PRD_EST_072,STR_005,2026-01-02,8,171.5,0
PRD_EST_072,STR_006,2026-01-02,8,144.4,0
PRD_EST_072,STR_007,2026-01-02,8,162.6,0
PRD_EST_072,STR_008,2026-01-02,8,172.1,0
PRD_EST_072,STR_009,2026-01-02,8,153.7,0
PRD_EST_072,STR_010,2026-01-02,8,183.7,0
PRD_EST_072,STR_011,2026-01-02,8,188.2,0
PRD_EST_072,STR_012,2026-01-02,8,203.4,0
PRD_EST_072,STR_013,2026-01-02,8,167.4,0
PRD_EST_072,STR_014,2026-01-02,8,172.2,0
PRD_EST_072,STR_015,2026-01-02,8,176.4,0
PRD_EST_073,STR_001,2025-02-20,1,339.4,0
PRD_EST_073,STR_002,2025-02-20,1,342.8,0
PRD_EST_073,STR_003,2025-02-20,1,341.8,0
PRD_EST_073,STR_004,2025-02-20,1,475.9,0
PRD_EST_073,STR_005,2025-02-20,1,494.9,0
PRD_EST_073,STR_006,2025-02-20,1,383.2,0
PRD_EST_073,STR_007,2025-02-20,1,307.1,0
PRD_EST_073,STR_008,2025-02-20,1,345.1,0
PRD_EST_073,STR_009,2025-02-20,1,350.4,0
PRD_EST_073,STR_010,2025-02-20,1,375.8,0
PRD_EST_073,STR_011,2025-02-20,1,387.7,0
PRD_EST_073,STR_012,2025-02-20,1,397.1,0
PRD_EST_073,STR_013,2025-02-20,1,432.6,0
PRD_EST_073,STR_014,2025-02-20,1,443.7,0
PRD_EST_073,STR_015,2025-02-20,1,374.7,0
PRD_EST_073,STR_001,2025-02-27,2,337.6,0
PRD_EST_073,STR_002,2025-02-27,2,337.0,0
PRD_EST_073,STR_003,2025-02-27,2,329.1,0
PRD_EST_073,STR_004,2025-02-27,2,441.4,0
PRD_EST_073,STR_005,2025-02-27,2,415.1,0
PRD_EST_073,STR_006,2025-02-27,2,414.7,0
PRD_EST_073,STR_007,2025-02-27,2,299.7,0
PRD_EST_073,STR_008,2025-02-27,2,338.5,0
PRD_EST_073,STR_009,2025-02-27,2,309.0,0
PRD_EST_073,STR_010,2025-02-27,2,321.0,0
PRD_EST_073,STR_011,2025-02-27,2,383.8,0
PRD_EST_073,STR_012,2025-02-27,2,388.2,0
PRD_EST_073,STR_013,2025-02-27,2,440.0,0
PRD_EST_073,STR_014,2025-02-27,2,430.0,0
PRD_EST_073,STR_015,2025-02-27,2,340.9,0
PRD_EST_073,STR_001,2025-03-06,3,303.3,0
PRD_EST_073,STR_002,2025-03-06,3,296.7,0
PRD_EST_073,STR_003,2025-03-06,3,277.1,0
PRD_EST_073,STR_004,2025-03-06,3,286.7,0
PRD_EST_073,STR_005,2025-03-06,3,271.2,0
PRD_EST_073,STR_006,2025-03-06,3,250.6,0
PRD_EST_073,STR_007,2025-03-06,3,255.2,0
PRD_EST_073,STR_008,2025-03-06,3,265.5,0
PRD_EST_073,STR_009,2025-03-06,3,202.0,0
PRD_EST_073,STR_010,2025-03-06,3,276.8,0
PRD_EST_073,STR_011,2025-03-06,3,341.0,0
PRD_EST_073,STR_012,2025-03-06,3,377.4,0
PRD_EST_073,STR_013,2025-03-06,3,304.2,0
PRD_EST_073,STR_014,2025-03-06,3,266.3,0
PRD_EST_073,STR_015,2025-03-06,3,328.9,0
PRD_EST_073,STR_001,2025-03-13,4,330.6,0
PRD_EST_073,STR_002,2025-03-13,4,318.6,0
PRD_EST_073,STR_003,2025-03-13,4,293.5,0
PRD_EST_073,STR_004,2025-03-13,4,293.0,0
PRD_EST_073,STR_005,2025-03-13,4,292.9,0
PRD_EST_073,STR_006,2025-03-13,4,274.1,0
PRD_EST_073,STR_007,2025-03-13,4,264.4,0
PRD_EST_073,STR_008,2025-03-13,4,279.0,0
PRD_EST_073,STR_009,2025-03-13,4,208.7,0
PRD_EST_073,STR_010,2025-03-13,4,320.1,0
PRD_EST_073,STR_011,2025-03-13,4,366.2,0
PRD_EST_073,STR_012,2025-03-13,4,393.8,0
PRD_EST_073,STR_013,2025-03-13,4,288.0,0
PRD_EST_073,STR_014,2025-03-13,4,312.0,0
PRD_EST_073,STR_015,2025-03-13,4,329.1,0
PRD_EST_073,STR_001,2025-03-20,5,351.6,0
PRD_EST_073,STR_002,2025-03-20,5,391.3,0
PRD_EST_073,STR_003,2025-03-20,5,376.1,0
PRD_EST_073,STR_004,2025-03-20,5,540.2,0
PRD_EST_073,STR_005,2025-03-20,5,545.2,0
PRD_EST_073,STR_006,2025-03-20,5,440.2,0
PRD_EST_073,STR_007,2025-03-20,5,366.7,0
PRD_EST_073,STR_008,2025-03-20,5,351.6,0
PRD_EST_073,STR_009,2025-03-20,5,332.4,0
PRD_EST_073,STR_010,2025-03-20,5,376.6,0
PRD_EST_073,STR_011,2025-03-20,5,408.7,0
PRD_EST_073,STR_012,2025-03-20,5,439.0,0
PRD_EST_073,STR_013,2025-03-20,5,514.8,0
PRD_EST_073,STR_014,2025-03-20,5,485.3,0
PRD_EST_073,STR_015,2025-03-20,5,395.2,0
PRD_EST_073,STR_001,2025-03-27,6,237.6,0
PRD_EST_073,STR_002,2025-03-27,6,256.2,0
PRD_EST_073,STR_003,2025-03-27,6,257.2,0
PRD_EST_073,STR_004,2025-03-27,6,337.8,0
PRD_EST_073,STR_005,2025-03-27,6,341.2,0
PRD_EST_073,STR_006,2025-03-27,6,309.5,0
PRD_EST_073,STR_007,2025-03-27,6,216.1,0
PRD_EST_073,STR_008,2025-03-27,6,237.1,0
PRD_EST_073,STR_009,2025-03-27,6,237.1,0
PRD_EST_073,STR_010,2025-03-27,6,233.7,0
PRD_EST_073,STR_011,2025-03-27,6,283.5,0
PRD_EST_073,STR_012,2025-03-27,6,306.5,0
PRD_EST_073,STR_013,2025-03-27,6,350.3,0
PRD_EST_073,STR_014,2025-03-27,6,357.8,0
PRD_EST_073,STR_015,2025-03-27,6,287.7,0
PRD_EST_073,STR_001,2025-04-03,7,231.3,0
PRD_EST_073,STR_002,2025-04-03,7,249.8,0
PRD_EST_073,STR_003,2025-04-03,7,236.2,0
PRD_EST_073,STR_004,2025-04-03,7,313.3,0
PRD_EST_073,STR_005,2025-04-03,7,310.3,0
PRD_EST_073,STR_006,2025-04-03,7,253.8,0
PRD_EST_073,STR_007,2025-04-03,7,218.5,0
PRD_EST_073,STR_008,2025-04-03,7,229.1,0
PRD_EST_073,STR_009,2025-04-03,7,219.9,0
PRD_EST_073,STR_010,2025-04-03,7,237.3,0
PRD_EST_073,STR_011,2025-04-03,7,255.1,0
PRD_EST_073,STR_012,2025-04-03,7,271.5,0
PRD_EST_073,STR_013,2025-04-03,7,290.3,0
PRD_EST_073,STR_014,2025-04-03,7,315.3,0
PRD_EST_073,STR_015,2025-04-03,7,265.6,0
PRD_EST_073,STR_001,2025-04-10,8,275.6,0
PRD_EST_073,STR_002,2025-04-10,8,300.3,0
PRD_EST_073,STR_003,2025-04-10,8,308.5,0
PRD_EST_073,STR_004,2025-04-10,8,357.8,0
PRD_EST_073,STR_005,2025-04-10,8,370.5,0
PRD_EST_073,STR_006,2025-04-10,8,359.9,0
PRD_EST_073,STR_007,2025-04-10,8,262.9,0
PRD_EST_073,STR_008,2025-04-10,8,268.4,0
PRD_EST_073,STR_009,2025-04-10,8,287.3,0
PRD_EST_073,STR_010,2025-04-10,8,282.4,0
PRD_EST_073,STR_011,2025-04-10,8,293.7,0
PRD_EST_073,STR_012,2025-04-10,8,349.7,0
PRD_EST_073,STR_013,2025-04-10,8,352.3,0
PRD_EST_073,STR_014,2025-04-10,8,377.3,0
PRD_EST_073,STR_015,2025-04-10,8,307.8,0
PRD_EST_074,STR_001,2025-11-08,1,77.6,1
PRD_EST_074,STR_002,2025-11-08,1,75.4,1
PRD_EST_074,STR_003,2025-11-08,1,79.8,1
PRD_EST_074,STR_004,2025-11-08,1,90.9,1
PRD_EST_074,STR_005,2025-11-08,1,87.2,1
PRD_EST_074,STR_006,2025-11-08,1,77.1,1
PRD_EST_074,STR_007,2025-11-08,1,75.1,1
PRD_EST_074,STR_008,2025-11-08,1,81.3,1
PRD_EST_074,STR_009,2025-11-08,1,80.0,1
PRD_EST_074,STR_010,2025-11-08,1,74.6,1
PRD_EST_074,STR_011,2025-11-08,1,83.4,1
PRD_EST_074,STR_012,2025-11-08,1,94.0,1
PRD_EST_074,STR_013,2025-11-08,1,86.0,1
PRD_EST_074,STR_014,2025-11-08,1,93.0,1
PRD_EST_074,STR_015,2025-11-08,1,90.4,1
PRD_EST_074,STR_001,2025-11-15,2,57.2,1
PRD_EST_074,STR_002,2025-11-15,2,56.9,1
PRD_EST_074,STR_003,2025-11-15,2,60.9,1
PRD_EST_074,STR_004,2025-11-15,2,66.2,1
PRD_EST_074,STR_005,2025-11-15,2,70.7,1
PRD_EST_074,STR_006,2025-11-15,2,54.1,1
PRD_EST_074,STR_007,2025-11-15,2,58.0,1
PRD_EST_074,STR_008,2025-11-15,2,62.0,1
PRD_EST_074,STR_009,2025-11-15,2,61.2,1
PRD_EST_074,STR_010,2025-11-15,2,60.1,1
PRD_EST_074,STR_011,2025-11-15,2,66.6,1
PRD_EST_074,STR_012,2025-11-15,2,75.1,1
PRD_EST_074,STR_013,2025-11-15,2,67.1,1
PRD_EST_074,STR_014,2025-11-15,2,62.2,1
PRD_EST_074,STR_015,2025-11-15,2,70.5,1
PRD_EST_074,STR_001,2025-11-22,3,60.0,0
PRD_EST_074,STR_002,2025-11-22,3,57.8,0
PRD_EST_074,STR_003,2025-11-22,3,58.1,0
PRD_EST_074,STR_004,2025-11-22,3,47.6,0
PRD_EST_074,STR_005,2025-11-22,3,41.7,0
PRD_EST_074,STR_006,2025-11-22,3,40.9,0
PRD_EST_074,STR_007,2025-11-22,3,49.6,0
PRD_EST_074,STR_008,2025-11-22,3,53.4,0
PRD_EST_074,STR_009,2025-11-22,3,38.9,0
PRD_EST_074,STR_010,2025-11-22,3,56.5,0
PRD_EST_074,STR_011,2025-11-22,3,66.0,0
PRD_EST_074,STR_012,2025-11-22,3,66.6,0
PRD_EST_074,STR_013,2025-11-22,3,44.4,0
PRD_EST_074,STR_014,2025-11-22,3,42.8,0
PRD_EST_074,STR_015,2025-11-22,3,58.3,0
PRD_EST_074,STR_001,2025-11-29,4,57.8,0
PRD_EST_074,STR_002,2025-11-29,4,59.8,0
PRD_EST_074,STR_003,2025-11-29,4,59.9,0
PRD_EST_074,STR_004,2025-11-29,4,40.4,0
PRD_EST_074,STR_005,2025-11-29,4,47.0,0
PRD_EST_074,STR_006,2025-11-29,4,39.3,0
PRD_EST_074,STR_007,2025-11-29,4,48.8,0
PRD_EST_074,STR_008,2025-11-29,4,54.2,0
PRD_EST_074,STR_009,2025-11-29,4,38.0,0
PRD_EST_074,STR_010,2025-11-29,4,55.5,0
PRD_EST_074,STR_011,2025-11-29,4,61.6,0
PRD_EST_074,STR_012,2025-11-29,4,68.7,0
PRD_EST_074,STR_013,2025-11-29,4,46.9,0
PRD_EST_074,STR_014,2025-11-29,4,41.8,0
PRD_EST_074,STR_015,2025-11-29,4,58.4,0
PRD_EST_074,STR_001,2025-12-06,5,69.9,0
PRD_EST_074,STR_002,2025-12-06,5,73.3,0
PRD_EST_074,STR_003,2025-12-06,5,77.1,0
PRD_EST_074,STR_004,2025-12-06,5,76.7,0
PRD_EST_074,STR_005,2025-12-06,5,81.6,0
PRD_EST_074,STR_006,2025-12-06,5,67.0,0
PRD_EST_074,STR_007,2025-12-06,5,62.7,0
PRD_EST_074,STR_008,2025-12-06,5,66.6,0
PRD_EST_074,STR_009,2025-12-06,5,64.3,0
PRD_EST_074,STR_010,2025-12-06,5,68.4,0
PRD_EST_074,STR_011,2025-12-06,5,83.7,0
PRD_EST_074,STR_012,2025-12-06,5,91.0,0
PRD_EST_074,STR_013,2025-12-06,5,82.5,0
PRD_EST_074,STR_014,2025-12-06,5,74.5,0
PRD_EST_074,STR_015,2025-12-06,5,78.3,0
PRD_EST_074,STR_001,2025-12-13,6,39.5,0
PRD_EST_074,STR_002,2025-12-13,6,40.2,0
PRD_EST_074,STR_003,2025-12-13,6,37.0,0
PRD_EST_074,STR_004,2025-12-13,6,39.8,0
PRD_EST_074,STR_005,2025-12-13,6,39.5,0
PRD_EST_074,STR_006,2025-12-13,6,35.6,0
PRD_EST_074,STR_007,2025-12-13,6,34.8,0
PRD_EST_074,STR_008,2025-12-13,6,39.6,0
PRD_EST_074,STR_009,2025-12-13,6,35.6,0
PRD_EST_074,STR_010,2025-12-13,6,42.1,0
PRD_EST_074,STR_011,2025-12-13,6,46.8,0
PRD_EST_074,STR_012,2025-12-13,6,49.7,0
PRD_EST_074,STR_013,2025-12-13,6,44.5,0
PRD_EST_074,STR_014,2025-12-13,6,43.7,0
PRD_EST_074,STR_015,2025-12-13,6,40.1,0
PRD_EST_074,STR_001,2025-12-20,7,44.3,0
PRD_EST_074,STR_002,2025-12-20,7,49.5,0
PRD_EST_074,STR_003,2025-12-20,7,48.9,0
PRD_EST_074,STR_004,2025-12-20,7,45.3,0
PRD_EST_074,STR_005,2025-12-20,7,53.3,0
PRD_EST_074,STR_006,2025-12-20,7,47.1,0
PRD_EST_074,STR_007,2025-12-20,7,42.1,0
PRD_EST_074,STR_008,2025-12-20,7,46.5,0
PRD_EST_074,STR_009,2025-12-20,7,40.4,0
PRD_EST_074,STR_010,2025-12-20,7,49.5,0
PRD_EST_074,STR_011,2025-12-20,7,47.7,0
PRD_EST_074,STR_012,2025-12-20,7,54.1,0
PRD_EST_074,STR_013,2025-12-20,7,53.0,0
PRD_EST_074,STR_014,2025-12-20,7,51.1,0
PRD_EST_074,STR_015,2025-12-20,7,52.4,0
PRD_EST_074,STR_001,2025-12-27,8,45.8,0
PRD_EST_074,STR_002,2025-12-27,8,48.6,0
PRD_EST_074,STR_003,2025-12-27,8,44.6,0
PRD_EST_074,STR_004,2025-12-27,8,45.2,0
PRD_EST_074,STR_005,2025-12-27,8,50.8,0
PRD_EST_074,STR_006,2025-12-27,8,45.5,0
PRD_EST_074,STR_007,2025-12-27,8,40.7,0
PRD_EST_074,STR_008,2025-12-27,8,43.1,0
PRD_EST_074,STR_009,2025-12-27,8,41.5,0
PRD_EST_074,STR_010,2025-12-27,8,48.8,0
PRD_EST_074,STR_011,2025-12-27,8,54.7,0
PRD_EST_074,STR_012,2025-12-27,8,57.8,0
PRD_EST_074,STR_013,2025-12-27,8,45.7,0
PRD_EST_074,STR_014,2025-12-27,8,48.5,0
PRD_EST_074,STR_015,2025-12-27,8,46.3,0
PRD_EST_075,STR_001,2025-01-05,1,341.1,1
PRD_EST_075,STR_002,2025-01-05,1,335.1,1
PRD_EST_075,STR_003,2025-01-05,1,317.4,1
PRD_EST_075,STR_004,2025-01-05,1,316.7,1
PRD_EST_075,STR_005,2025-01-05,1,337.7,1
PRD_EST_075,STR_006,2025-01-05,1,286.4,1
PRD_EST_075,STR_007,2025-01-05,1,318.6,1
PRD_EST_075,STR_008,2025-01-05,1,322.1,1
PRD_EST_075,STR_009,2025-01-05,1,299.3,1
PRD_EST_075,STR_010,2025-01-05,1,338.6,1
PRD_EST_075,STR_011,2025-01-05,1,388.9,1
PRD_EST_075,STR_012,2025-01-05,1,385.6,1
PRD_EST_075,STR_013,2025-01-05,1,301.7,1
PRD_EST_075,STR_014,2025-01-05,1,322.2,1
PRD_EST_075,STR_015,2025-01-05,1,358.8,1
PRD_EST_075,STR_001,2025-01-12,2,246.4,1
PRD_EST_075,STR_002,2025-01-12,2,262.2,1
PRD_EST_075,STR_003,2025-01-12,2,246.8,1
PRD_EST_075,STR_004,2025-01-12,2,251.8,1
PRD_EST_075,STR_005,2025-01-12,2,235.1,1
PRD_EST_075,STR_006,2025-01-12,2,221.1,1
PRD_EST_075,STR_007,2025-01-12,2,241.8,1
PRD_EST_075,STR_008,2025-01-12,2,236.6,1
PRD_EST_075,STR_009,2025-01-12,2,242.4,1
PRD_EST_075,STR_010,2025-01-12,2,261.9,1
PRD_EST_075,STR_011,2025-01-12,2,293.4,1
PRD_EST_075,STR_012,2025-01-12,2,327.7,1
PRD_EST_075,STR_013,2025-01-12,2,230.7,1
PRD_EST_075,STR_014,2025-01-12,2,261.9,1
PRD_EST_075,STR_015,2025-01-12,2,287.6,1
PRD_EST_075,STR_001,2025-01-19,3,225.5,0
PRD_EST_075,STR_002,2025-01-19,3,213.9,0
PRD_EST_075,STR_003,2025-01-19,3,217.9,0
PRD_EST_075,STR_004,2025-01-19,3,156.2,0
PRD_EST_075,STR_005,2025-01-19,3,170.2,0
PRD_EST_075,STR_006,2025-01-19,3,147.5,0
PRD_EST_075,STR_007,2025-01-19,3,209.6,0
PRD_EST_075,STR_008,2025-01-19,3,223.7,0
PRD_EST_075,STR_009,2025-01-19,3,158.7,0
PRD_EST_075,STR_010,2025-01-19,3,223.0,0
PRD_EST_075,STR_011,2025-01-19,3,250.5,0
PRD_EST_075,STR_012,2025-01-19,3,274.2,0
PRD_EST_075,STR_013,2025-01-19,3,158.2,0
PRD_EST_075,STR_014,2025-01-19,3,155.1,0
PRD_EST_075,STR_015,2025-01-19,3,229.7,0
PRD_EST_075,STR_001,2025-01-26,4,455.3,0
PRD_EST_075,STR_002,2025-01-26,4,455.8,0
PRD_EST_075,STR_003,2025-01-26,4,446.7,0
PRD_EST_075,STR_004,2025-01-26,4,294.5,0
PRD_EST_075,STR_005,2025-01-26,4,302.0,0
PRD_EST_075,STR_006,2025-01-26,4,256.1,0
PRD_EST_075,STR_007,2025-01-26,4,376.9,0
PRD_EST_075,STR_008,2025-01-26,4,384.1,0
PRD_EST_075,STR_009,2025-01-26,4,318.2,0
PRD_EST_075,STR_010,2025-01-26,4,439.6,0
PRD_EST_075,STR_011,2025-01-26,4,459.5,0
PRD_EST_075,STR_012,2025-01-26,4,509.7,0
PRD_EST_075,STR_013,2025-01-26,4,283.5,0
PRD_EST_075,STR_014,2025-01-26,4,326.5,0
PRD_EST_075,STR_015,2025-01-26,4,486.7,0
PRD_EST_075,STR_001,2025-02-02,5,177.6,0
PRD_EST_075,STR_002,2025-02-02,5,172.5,0
PRD_EST_075,STR_003,2025-02-02,5,174.8,0
PRD_EST_075,STR_004,2025-02-02,5,147.4,0
PRD_EST_075,STR_005,2025-02-02,5,156.8,0
PRD_EST_075,STR_006,2025-02-02,5,136.2,0
PRD_EST_075,STR_007,2025-02-02,5,159.5,0
PRD_EST_075,STR_008,2025-02-02,5,158.1,0
PRD_EST_075,STR_009,2025-02-02,5,160.1,0
PRD_EST_075,STR_010,2025-02-02,5,164.9,0
PRD_EST_075,STR_011,2025-02-02,5,191.7,0
PRD_EST_075,STR_012,2025-02-02,5,202.2,0
PRD_EST_075,STR_013,2025-02-02,5,169.1,0
PRD_EST_075,STR_014,2025-02-02,5,162.5,0
PRD_EST_075,STR_015,2025-02-02,5,175.8,0
PRD_EST_075,STR_001,2025-02-09,6,160.2,0
PRD_EST_075,STR_002,2025-02-09,6,174.0,0
PRD_EST_075,STR_003,2025-02-09,6,166.5,0
PRD_EST_075,STR_004,2025-02-09,6,167.4,0
PRD_EST_075,STR_005,2025-02-09,6,155.1,0
PRD_EST_075,STR_006,2025-02-09,6,145.3,0
PRD_EST_075,STR_007,2025-02-09,6,148.3,0
PRD_EST_075,STR_008,2025-02-09,6,174.7,0
PRD_EST_075,STR_009,2025-02-09,6,163.8,0
PRD_EST_075,STR_010,2025-02-09,6,182.2,0
PRD_EST_075,STR_011,2025-02-09,6,179.7,0
PRD_EST_075,STR_012,2025-02-09,6,226.6,0
PRD_EST_075,STR_013,2025-02-09,6,168.5,0
PRD_EST_075,STR_014,2025-02-09,6,159.0,0
PRD_EST_075,STR_015,2025-02-09,6,189.0,0
PRD_EST_075,STR_001,2025-02-16,7,201.7,0
PRD_EST_075,STR_002,2025-02-16,7,175.7,0
PRD_EST_075,STR_003,2025-02-16,7,186.6,0
PRD_EST_075,STR_004,2025-02-16,7,186.8,0
PRD_EST_075,STR_005,2025-02-16,7,177.7,0
PRD_EST_075,STR_006,2025-02-16,7,156.2,0
PRD_EST_075,STR_007,2025-02-16,7,176.6,0
PRD_EST_075,STR_008,2025-02-16,7,167.3,0
PRD_EST_075,STR_009,2025-02-16,7,164.9,0
PRD_EST_075,STR_010,2025-02-16,7,181.5,0
PRD_EST_075,STR_011,2025-02-16,7,210.3,0
PRD_EST_075,STR_012,2025-02-16,7,247.9,0
PRD_EST_075,STR_013,2025-02-16,7,190.4,0
PRD_EST_075,STR_014,2025-02-16,7,181.3,0
PRD_EST_075,STR_015,2025-02-16,7,212.1,0
PRD_EST_075,STR_001,2025-02-23,8,185.8,0
PRD_EST_075,STR_002,2025-02-23,8,183.8,0
PRD_EST_075,STR_003,2025-02-23,8,190.5,0
PRD_EST_075,STR_004,2025-02-23,8,180.1,0
PRD_EST_075,STR_005,2025-02-23,8,188.1,0
PRD_EST_075,STR_006,2025-02-23,8,156.8,0
PRD_EST_075,STR_007,2025-02-23,8,159.6,0
PRD_EST_075,STR_008,2025-02-23,8,193.9,0
PRD_EST_075,STR_009,2025-02-23,8,189.0,0
PRD_EST_075,STR_010,2025-02-23,8,195.2,0
PRD_EST_075,STR_011,2025-02-23,8,213.7,0
PRD_EST_075,STR_012,2025-02-23,8,245.9,0
PRD_EST_075,STR_013,2025-02-23,8,171.0,0
PRD_EST_075,STR_014,2025-02-23,8,181.9,0
PRD_EST_075,STR_015,2025-02-23,8,193.4,0
PRD_EST_076,STR_001,2025-10-06,1,153.5,0
PRD_EST_076,STR_002,2025-10-06,1,160.1,0
PRD_EST_076,STR_003,2025-10-06,1,160.8,0
PRD_EST_076,STR_004,2025-10-06,1,149.5,0
PRD_EST_076,STR_005,2025-10-06,1,171.7,0
PRD_EST_076,STR_006,2025-10-06,1,145.8,0
PRD_EST_076,STR_007,2025-10-06,1,147.3,0
PRD_EST_076,STR_008,2025-10-06,1,137.1,0
PRD_EST_076,STR_009,2025-10-06,1,146.9,0
PRD_EST_076,STR_010,2025-10-06,1,152.4,0
PRD_EST_076,STR_011,2025-10-06,1,179.4,0
PRD_EST_076,STR_012,2025-10-06,1,198.2,0
PRD_EST_076,STR_013,2025-10-06,1,171.0,0
PRD_EST_076,STR_014,2025-10-06,1,165.0,0
PRD_EST_076,STR_015,2025-10-06,1,173.5,0
PRD_EST_076,STR_001,2025-10-13,2,110.5,0
PRD_EST_076,STR_002,2025-10-13,2,114.6,0
PRD_EST_076,STR_003,2025-10-13,2,108.0,0
PRD_EST_076,STR_004,2025-10-13,2,129.5,0
PRD_EST_076,STR_005,2025-10-13,2,124.5,0
PRD_EST_076,STR_006,2025-10-13,2,105.7,0
PRD_EST_076,STR_007,2025-10-13,2,101.6,0
PRD_EST_076,STR_008,2025-10-13,2,104.2,0
PRD_EST_076,STR_009,2025-10-13,2,106.2,0
PRD_EST_076,STR_010,2025-10-13,2,111.3,0
PRD_EST_076,STR_011,2025-10-13,2,122.4,0
PRD_EST_076,STR_012,2025-10-13,2,144.0,0
PRD_EST_076,STR_013,2025-10-13,2,121.9,0
PRD_EST_076,STR_014,2025-10-13,2,121.9,0
PRD_EST_076,STR_015,2025-10-13,2,134.1,0
PRD_EST_076,STR_001,2025-10-20,3,102.1,0
PRD_EST_076,STR_002,2025-10-20,3,106.8,0
PRD_EST_076,STR_003,2025-10-20,3,103.8,0
PRD_EST_076,STR_004,2025-10-20,3,107.6,0
PRD_EST_076,STR_005,2025-10-20,3,105.4,0
PRD_EST_076,STR_006,2025-10-20,3,94.2,0
PRD_EST_076,STR_007,2025-10-20,3,82.0,0
PRD_EST_076,STR_008,2025-10-20,3,98.3,0
PRD_EST_076,STR_009,2025-10-20,3,92.3,0
PRD_EST_076,STR_010,2025-10-20,3,99.3,0
PRD_EST_076,STR_011,2025-10-20,3,102.6,0
PRD_EST_076,STR_012,2025-10-20,3,116.8,0
PRD_EST_076,STR_013,2025-10-20,3,99.1,0
PRD_EST_076,STR_014,2025-10-20,3,109.5,0
PRD_EST_076,STR_015,2025-10-20,3,100.2,0
PRD_EST_076,STR_001,2025-10-27,4,95.8,0
PRD_EST_076,STR_002,2025-10-27,4,91.4,0
PRD_EST_076,STR_003,2025-10-27,4,102.7,0
PRD_EST_076,STR_004,2025-10-27,4,101.6,0
PRD_EST_076,STR_005,2025-10-27,4,95.4,0
PRD_EST_076,STR_006,2025-10-27,4,88.2,0
PRD_EST_076,STR_007,2025-10-27,4,90.0,0
PRD_EST_076,STR_008,2025-10-27,4,91.0,0
PRD_EST_076,STR_009,2025-10-27,4,94.5,0
PRD_EST_076,STR_010,2025-10-27,4,99.9,0
PRD_EST_076,STR_011,2025-10-27,4,98.0,0
PRD_EST_076,STR_012,2025-10-27,4,115.8,0
PRD_EST_076,STR_013,2025-10-27,4,99.8,0
PRD_EST_076,STR_014,2025-10-27,4,107.3,0
PRD_EST_076,STR_015,2025-10-27,4,108.8,0
PRD_EST_076,STR_001,2025-11-03,5,84.4,0
PRD_EST_076,STR_002,2025-11-03,5,95.0,0
PRD_EST_076,STR_003,2025-11-03,5,93.6,0
PRD_EST_076,STR_004,2025-11-03,5,102.0,0
PRD_EST_076,STR_005,2025-11-03,5,94.6,0
PRD_EST_076,STR_006,2025-11-03,5,82.1,0
PRD_EST_076,STR_007,2025-11-03,5,82.9,0
PRD_EST_076,STR_008,2025-11-03,5,87.0,0
PRD_EST_076,STR_009,2025-11-03,5,86.1,0
PRD_EST_076,STR_010,2025-11-03,5,99.0,0
PRD_EST_076,STR_011,2025-11-03,5,97.0,0
PRD_EST_076,STR_012,2025-11-03,5,110.7,0
PRD_EST_076,STR_013,2025-11-03,5,97.0,0
PRD_EST_076,STR_014,2025-11-03,5,100.1,0
PRD_EST_076,STR_015,2025-11-03,5,103.1,0
PRD_EST_076,STR_001,2025-11-10,6,100.2,0
PRD_EST_076,STR_002,2025-11-10,6,104.2,0
PRD_EST_076,STR_003,2025-11-10,6,96.5,0
PRD_EST_076,STR_004,2025-11-10,6,95.0,0
PRD_EST_076,STR_005,2025-11-10,6,97.9,0
PRD_EST_076,STR_006,2025-11-10,6,84.1,0
PRD_EST_076,STR_007,2025-11-10,6,87.2,0
PRD_EST_076,STR_008,2025-11-10,6,86.7,0
PRD_EST_076,STR_009,2025-11-10,6,86.8,0
PRD_EST_076,STR_010,2025-11-10,6,103.4,0
PRD_EST_076,STR_011,2025-11-10,6,100.7,0
PRD_EST_076,STR_012,2025-11-10,6,125.3,0
PRD_EST_076,STR_013,2025-11-10,6,102.9,0
PRD_EST_076,STR_014,2025-11-10,6,107.3,0
PRD_EST_076,STR_015,2025-11-10,6,105.6,0
PRD_EST_076,STR_001,2025-11-17,7,102.5,0
PRD_EST_076,STR_002,2025-11-17,7,116.6,0
PRD_EST_076,STR_003,2025-11-17,7,108.6,0
PRD_EST_076,STR_004,2025-11-17,7,105.8,0
PRD_EST_076,STR_005,2025-11-17,7,110.1,0
PRD_EST_076,STR_006,2025-11-17,7,110.9,0
PRD_EST_076,STR_007,2025-11-17,7,101.4,0
PRD_EST_076,STR_008,2025-11-17,7,110.3,0
PRD_EST_076,STR_009,2025-11-17,7,99.0,0
PRD_EST_076,STR_010,2025-11-17,7,106.9,0
PRD_EST_076,STR_011,2025-11-17,7,128.4,0
PRD_EST_076,STR_012,2025-11-17,7,134.3,0
PRD_EST_076,STR_013,2025-11-17,7,109.9,0
PRD_EST_076,STR_014,2025-11-17,7,114.5,0
PRD_EST_076,STR_015,2025-11-17,7,122.0,0
PRD_EST_076,STR_001,2025-11-24,8,120.4,0
PRD_EST_076,STR_002,2025-11-24,8,124.5,0
PRD_EST_076,STR_003,2025-11-24,8,113.7,0
PRD_EST_076,STR_004,2025-11-24,8,123.2,0
PRD_EST_076,STR_005,2025-11-24,8,123.2,0
PRD_EST_076,STR_006,2025-11-24,8,103.4,0
PRD_EST_076,STR_007,2025-11-24,8,100.5,0
PRD_EST_076,STR_008,2025-11-24,8,114.1,0
PRD_EST_076,STR_009,2025-11-24,8,117.1,0
PRD_EST_076,STR_010,2025-11-24,8,124.1,0
PRD_EST_076,STR_011,2025-11-24,8,120.7,0
PRD_EST_076,STR_012,2025-11-24,8,145.2,0
PRD_EST_076,STR_013,2025-11-24,8,122.0,0
PRD_EST_076,STR_014,2025-11-24,8,121.4,0
PRD_EST_076,STR_015,2025-11-24,8,118.6,0
PRD_EST_077,STR_001,2025-06-10,1,139.0,0
PRD_EST_077,STR_002,2025-06-10,1,146.0,0
PRD_EST_077,STR_003,2025-06-10,1,134.2,0
PRD_EST_077,STR_004,2025-06-10,1,132.5,0
PRD_EST_077,STR_005,2025-06-10,1,139.5,0
PRD_EST_077,STR_006,2025-06-10,1,124.1,0
PRD_EST_077,STR_007,2025-06-10,1,130.5,0
PRD_EST_077,STR_008,2025-06-10,1,128.5,0
PRD_EST_077,STR_009,2025-06-10,1,133.2,0
PRD_EST_077,STR_010,2025-06-10,1,134.7,0
PRD_EST_077,STR_011,2025-06-10,1,157.7,0
PRD_EST_077,STR_012,2025-06-10,1,177.9,0
PRD_EST_077,STR_013,2025-06-10,1,146.6,0
PRD_EST_077,STR_014,2025-06-10,1,151.5,0
PRD_EST_077,STR_015,2025-06-10,1,141.1,0
PRD_EST_077,STR_001,2025-06-17,2,96.4,0
PRD_EST_077,STR_002,2025-06-17,2,90.0,0
PRD_EST_077,STR_003,2025-06-17,2,91.7,0
PRD_EST_077,STR_004,2025-06-17,2,95.2,0
PRD_EST_077,STR_005,2025-06-17,2,103.5,0
PRD_EST_077,STR_006,2025-06-17,2,84.4,0
PRD_EST_077,STR_007,2025-06-17,2,85.8,0
PRD_EST_077,STR_008,2025-06-17,2,92.9,0
PRD_EST_077,STR_009,2025-06-17,2,88.1,0
PRD_EST_077,STR_010,2025-06-17,2,97.3,0
PRD_EST_077,STR_011,2025-06-17,2,111.6,0
PRD_EST_077,STR_012,2025-06-17,2,118.1,0
PRD_EST_077,STR_013,2025-06-17,2,108.9,0
PRD_EST_077,STR_014,2025-06-17,2,107.4,0
PRD_EST_077,STR_015,2025-06-17,2,105.4,0
PRD_EST_077,STR_001,2025-06-24,3,87.2,0
PRD_EST_077,STR_002,2025-06-24,3,78.9,0
PRD_EST_077,STR_003,2025-06-24,3,76.1,0
PRD_EST_077,STR_004,2025-06-24,3,82.6,0
PRD_EST_077,STR_005,2025-06-24,3,84.2,0
PRD_EST_077,STR_006,2025-06-24,3,82.6,0
PRD_EST_077,STR_007,2025-06-24,3,75.0,0
PRD_EST_077,STR_008,2025-06-24,3,73.7,0
PRD_EST_077,STR_009,2025-06-24,3,77.0,0
PRD_EST_077,STR_010,2025-06-24,3,76.1,0
PRD_EST_077,STR_011,2025-06-24,3,84.8,0
PRD_EST_077,STR_012,2025-06-24,3,107.5,0
PRD_EST_077,STR_013,2025-06-24,3,82.2,0
PRD_EST_077,STR_014,2025-06-24,3,93.5,0
PRD_EST_077,STR_015,2025-06-24,3,88.0,0
PRD_EST_077,STR_001,2025-07-01,4,69.1,0
PRD_EST_077,STR_002,2025-07-01,4,67.9,0
PRD_EST_077,STR_003,2025-07-01,4,73.1,0
PRD_EST_077,STR_004,2025-07-01,4,70.2,0
PRD_EST_077,STR_005,2025-07-01,4,73.5,0
PRD_EST_077,STR_006,2025-07-01,4,68.4,0
PRD_EST_077,STR_007,2025-07-01,4,64.5,0
PRD_EST_077,STR_008,2025-07-01,4,64.8,0
PRD_EST_077,STR_009,2025-07-01,4,69.1,0
PRD_EST_077,STR_010,2025-07-01,4,68.1,0
PRD_EST_077,STR_011,2025-07-01,4,71.9,0
PRD_EST_077,STR_012,2025-07-01,4,86.2,0
PRD_EST_077,STR_013,2025-07-01,4,70.6,0
PRD_EST_077,STR_014,2025-07-01,4,71.5,0
PRD_EST_077,STR_015,2025-07-01,4,77.2,0
PRD_EST_077,STR_001,2025-07-08,5,69.2,0
PRD_EST_077,STR_002,2025-07-08,5,68.4,0
PRD_EST_077,STR_003,2025-07-08,5,71.8,0
PRD_EST_077,STR_004,2025-07-08,5,75.0,0
PRD_EST_077,STR_005,2025-07-08,5,79.7,0
PRD_EST_077,STR_006,2025-07-08,5,65.0,0
PRD_EST_077,STR_007,2025-07-08,5,60.6,0
PRD_EST_077,STR_008,2025-07-08,5,72.9,0
PRD_EST_077,STR_009,2025-07-08,5,69.4,0
PRD_EST_077,STR_010,2025-07-08,5,68.8,0
PRD_EST_077,STR_011,2025-07-08,5,84.4,0
PRD_EST_077,STR_012,2025-07-08,5,92.7,0
PRD_EST_077,STR_013,2025-07-08,5,79.8,0
PRD_EST_077,STR_014,2025-07-08,5,76.2,0
PRD_EST_077,STR_015,2025-07-08,5,77.2,0
PRD_EST_077,STR_001,2025-07-15,6,83.4,0
PRD_EST_077,STR_002,2025-07-15,6,87.8,0
PRD_EST_077,STR_003,2025-07-15,6,88.4,0
PRD_EST_077,STR_004,2025-07-15,6,82.2,0
PRD_EST_077,STR_005,2025-07-15,6,86.5,0
PRD_EST_077,STR_006,2025-07-15,6,82.7,0
PRD_EST_077,STR_007,2025-07-15,6,79.6,0
PRD_EST_077,STR_008,2025-07-15,6,74.5,0
PRD_EST_077,STR_009,2025-07-15,6,75.6,0
PRD_EST_077,STR_010,2025-07-15,6,78.8,0
PRD_EST_077,STR_011,2025-07-15,6,92.3,0
PRD_EST_077,STR_012,2025-07-15,6,97.4,0
PRD_EST_077,STR_013,2025-07-15,6,93.1,0
PRD_EST_077,STR_014,2025-07-15,6,95.1,0
PRD_EST_077,STR_015,2025-07-15,6,89.2,0
PRD_EST_077,STR_001,2025-07-22,7,70.4,0
PRD_EST_077,STR_002,2025-07-22,7,74.4,0
PRD_EST_077,STR_003,2025-07-22,7,79.0,0
PRD_EST_077,STR_004,2025-07-22,7,82.4,0
PRD_EST_077,STR_005,2025-07-22,7,80.9,0
PRD_EST_077,STR_006,2025-07-22,7,77.8,0
PRD_EST_077,STR_007,2025-07-22,7,70.9,0
PRD_EST_077,STR_008,2025-07-22,7,70.3,0
PRD_EST_077,STR_009,2025-07-22,7,67.0,0
PRD_EST_077,STR_010,2025-07-22,7,78.1,0
PRD_EST_077,STR_011,2025-07-22,7,78.4,0
PRD_EST_077,STR_012,2025-07-22,7,96.5,0
PRD_EST_077,STR_013,2025-07-22,7,81.0,0
PRD_EST_077,STR_014,2025-07-22,7,84.5,0
PRD_EST_077,STR_015,2025-07-22,7,82.5,0
PRD_EST_077,STR_001,2025-07-29,8,85.7,0
PRD_EST_077,STR_002,2025-07-29,8,95.1,0
PRD_EST_077,STR_003,2025-07-29,8,93.6,0
PRD_EST_077,STR_004,2025-07-29,8,96.2,0
PRD_EST_077,STR_005,2025-07-29,8,91.3,0
PRD_EST_077,STR_006,2025-07-29,8,83.6,0
PRD_EST_077,STR_007,2025-07-29,8,82.9,0
PRD_EST_077,STR_008,2025-07-29,8,89.4,0
PRD_EST_077,STR_009,2025-07-29,8,88.2,0
PRD_EST_077,STR_010,2025-07-29,8,86.7,0
PRD_EST_077,STR_011,2025-07-29,8,106.1,0
PRD_EST_077,STR_012,2025-07-29,8,103.2,0
PRD_EST_077,STR_013,2025-07-29,8,101.6,0
PRD_EST_077,STR_014,2025-07-29,8,92.5,0
PRD_EST_077,STR_015,2025-07-29,8,97.6,0
PRD_EST_078,STR_001,2024-11-21,1,328.9,0
PRD_EST_078,STR_002,2024-11-21,1,378.5,0
PRD_EST_078,STR_003,2024-11-21,1,363.7,0
PRD_EST_078,STR_004,2024-11-21,1,322.9,0
PRD_EST_078,STR_005,2024-11-21,1,310.7,0
PRD_EST_078,STR_006,2024-11-21,1,303.0,0
PRD_EST_078,STR_007,2024-11-21,1,308.4,0
PRD_EST_078,STR_008,2024-11-21,1,340.8,0
PRD_EST_078,STR_009,2024-11-21,1,305.0,0
PRD_EST_078,STR_010,2024-11-21,1,333.9,0
PRD_EST_078,STR_011,2024-11-21,1,402.0,0
PRD_EST_078,STR_012,2024-11-21,1,400.5,0
PRD_EST_078,STR_013,2024-11-21,1,321.0,0
PRD_EST_078,STR_014,2024-11-21,1,322.5,0
PRD_EST_078,STR_015,2024-11-21,1,350.6,0
PRD_EST_078,STR_001,2024-11-28,2,333.8,0
PRD_EST_078,STR_002,2024-11-28,2,341.8,0
PRD_EST_078,STR_003,2024-11-28,2,327.0,0
PRD_EST_078,STR_004,2024-11-28,2,318.5,0
PRD_EST_078,STR_005,2024-11-28,2,335.7,0
PRD_EST_078,STR_006,2024-11-28,2,298.6,0
PRD_EST_078,STR_007,2024-11-28,2,286.4,0
PRD_EST_078,STR_008,2024-11-28,2,316.6,0
PRD_EST_078,STR_009,2024-11-28,2,291.0,0
PRD_EST_078,STR_010,2024-11-28,2,330.0,0
PRD_EST_078,STR_011,2024-11-28,2,384.2,0
PRD_EST_078,STR_012,2024-11-28,2,374.5,0
PRD_EST_078,STR_013,2024-11-28,2,336.7,0
PRD_EST_078,STR_014,2024-11-28,2,300.4,0
PRD_EST_078,STR_015,2024-11-28,2,381.2,0
PRD_EST_078,STR_001,2024-12-05,3,206.7,0
PRD_EST_078,STR_002,2024-12-05,3,205.6,0
PRD_EST_078,STR_003,2024-12-05,3,213.7,0
PRD_EST_078,STR_004,2024-12-05,3,211.0,0
PRD_EST_078,STR_005,2024-12-05,3,195.0,0
PRD_EST_078,STR_006,2024-12-05,3,175.3,0
PRD_EST_078,STR_007,2024-12-05,3,180.6,0
PRD_EST_078,STR_008,2024-12-05,3,212.6,0
PRD_EST_078,STR_009,2024-12-05,3,204.3,0
PRD_EST_078,STR_010,2024-12-05,3,233.4,0
PRD_EST_078,STR_011,2024-12-05,3,259.1,0
PRD_EST_078,STR_012,2024-12-05,3,257.9,0
PRD_EST_078,STR_013,2024-12-05,3,215.1,0
PRD_EST_078,STR_014,2024-12-05,3,228.5,0
PRD_EST_078,STR_015,2024-12-05,3,250.9,0
PRD_EST_078,STR_001,2024-12-12,4,242.6,0
PRD_EST_078,STR_002,2024-12-12,4,245.0,0
PRD_EST_078,STR_003,2024-12-12,4,228.8,0
PRD_EST_078,STR_004,2024-12-12,4,217.4,0
PRD_EST_078,STR_005,2024-12-12,4,218.7,0
PRD_EST_078,STR_006,2024-12-12,4,191.3,0
PRD_EST_078,STR_007,2024-12-12,4,212.2,0
PRD_EST_078,STR_008,2024-12-12,4,219.9,0
PRD_EST_078,STR_009,2024-12-12,4,232.2,0
PRD_EST_078,STR_010,2024-12-12,4,227.4,0
PRD_EST_078,STR_011,2024-12-12,4,246.8,0
PRD_EST_078,STR_012,2024-12-12,4,307.1,0
PRD_EST_078,STR_013,2024-12-12,4,215.4,0
PRD_EST_078,STR_014,2024-12-12,4,226.5,0
PRD_EST_078,STR_015,2024-12-12,4,237.5,0
PRD_EST_078,STR_001,2024-12-19,5,230.4,0
PRD_EST_078,STR_002,2024-12-19,5,233.3,0
PRD_EST_078,STR_003,2024-12-19,5,248.9,0
PRD_EST_078,STR_004,2024-12-19,5,224.9,0
PRD_EST_078,STR_005,2024-12-19,5,240.9,0
PRD_EST_078,STR_006,2024-12-19,5,206.5,0
PRD_EST_078,STR_007,2024-12-19,5,201.1,0
PRD_EST_078,STR_008,2024-12-19,5,241.6,0
PRD_EST_078,STR_009,2024-12-19,5,225.8,0
PRD_EST_078,STR_010,2024-12-19,5,225.4,0
PRD_EST_078,STR_011,2024-12-19,5,265.0,0
PRD_EST_078,STR_012,2024-12-19,5,311.1,0
PRD_EST_078,STR_013,2024-12-19,5,224.1,0
PRD_EST_078,STR_014,2024-12-19,5,236.6,0
PRD_EST_078,STR_015,2024-12-19,5,264.3,0
PRD_EST_078,STR_001,2024-12-26,6,243.4,0
PRD_EST_078,STR_002,2024-12-26,6,248.3,0
PRD_EST_078,STR_003,2024-12-26,6,273.8,0
PRD_EST_078,STR_004,2024-12-26,6,241.3,0
PRD_EST_078,STR_005,2024-12-26,6,253.9,0
PRD_EST_078,STR_006,2024-12-26,6,206.2,0
PRD_EST_078,STR_007,2024-12-26,6,227.2,0
PRD_EST_078,STR_008,2024-12-26,6,229.6,0
PRD_EST_078,STR_009,2024-12-26,6,227.2,0
PRD_EST_078,STR_010,2024-12-26,6,245.0,0
PRD_EST_078,STR_011,2024-12-26,6,298.8,0
PRD_EST_078,STR_012,2024-12-26,6,308.7,0
PRD_EST_078,STR_013,2024-12-26,6,246.9,0
PRD_EST_078,STR_014,2024-12-26,6,245.9,0
PRD_EST_078,STR_015,2024-12-26,6,272.9,0
PRD_EST_078,STR_001,2025-01-02,7,229.7,0
PRD_EST_078,STR_002,2025-01-02,7,241.5,0
PRD_EST_078,STR_003,2025-01-02,7,245.1,0
PRD_EST_078,STR_004,2025-01-02,7,239.0,0
PRD_EST_078,STR_005,2025-01-02,7,222.8,0
PRD_EST_078,STR_006,2025-01-02,7,188.3,0
PRD_EST_078,STR_007,2025-01-02,7,208.0,0
PRD_EST_078,STR_008,2025-01-02,7,240.4,0
PRD_EST_078,STR_009,2025-01-02,7,211.1,0
PRD_EST_078,STR_010,2025-01-02,7,238.1,0
PRD_EST_078,STR_011,2025-01-02,7,255.8,0
PRD_EST_078,STR_012,2025-01-02,7,307.6,0
PRD_EST_078,STR_013,2025-01-02,7,215.6,0
PRD_EST_078,STR_014,2025-01-02,7,226.4,0
PRD_EST_078,STR_015,2025-01-02,7,243.6,0
PRD_EST_078,STR_001,2025-01-09,8,268.5,0
PRD_EST_078,STR_002,2025-01-09,8,280.3,0
PRD_EST_078,STR_003,2025-01-09,8,266.8,0
PRD_EST_078,STR_004,2025-01-09,8,257.9,0
PRD_EST_078,STR_005,2025-01-09,8,262.4,0
PRD_EST_078,STR_006,2025-01-09,8,233.6,0
PRD_EST_078,STR_007,2025-01-09,8,248.7,0
PRD_EST_078,STR_008,2025-01-09,8,253.6,0
PRD_EST_078,STR_009,2025-01-09,8,241.4,0
PRD_EST_078,STR_010,2025-01-09,8,279.1,0
PRD_EST_078,STR_011,2025-01-09,8,300.9,0
PRD_EST_078,STR_012,2025-01-09,8,324.8,0
PRD_EST_078,STR_013,2025-01-09,8,251.8,0
PRD_EST_078,STR_014,2025-01-09,8,241.9,0
PRD_EST_078,STR_015,2025-01-09,8,310.1,0
PRD_EST_079,STR_001,2025-08-06,1,120.0,1
PRD_EST_079,STR_002,2025-08-06,1,123.3,1
PRD_EST_079,STR_003,2025-08-06,1,120.0,1
PRD_EST_079,STR_004,2025-08-06,1,120.4,1
PRD_EST_079,STR_005,2025-08-06,1,115.9,1
PRD_EST_079,STR_006,2025-08-06,1,94.7,1
PRD_EST_079,STR_007,2025-08-06,1,109.2,1
PRD_EST_079,STR_008,2025-08-06,1,118.1,1
PRD_EST_079,STR_009,2025-08-06,1,103.7,1
PRD_EST_079,STR_010,2025-08-06,1,111.7,1
PRD_EST_079,STR_011,2025-08-06,1,137.5,1
PRD_EST_079,STR_012,2025-08-06,1,136.2,1
PRD_EST_079,STR_013,2025-08-06,1,110.7,1
PRD_EST_079,STR_014,2025-08-06,1,113.9,1
PRD_EST_079,STR_015,2025-08-06,1,127.9,1
PRD_EST_079,STR_001,2025-08-13,2,102.8,1
PRD_EST_079,STR_002,2025-08-13,2,96.5,1
PRD_EST_079,STR_003,2025-08-13,2,96.0,1
PRD_EST_079,STR_004,2025-08-13,2,92.3,1
PRD_EST_079,STR_005,2025-08-13,2,92.3,1
PRD_EST_079,STR_006,2025-08-13,2,90.1,1
PRD_EST_079,STR_007,2025-08-13,2,89.3,1
PRD_EST_079,STR_008,2025-08-13,2,99.2,1
PRD_EST_079,STR_009,2025-08-13,2,89.4,1
PRD_EST_079,STR_010,2025-08-13,2,102.2,1
PRD_EST_079,STR_011,2025-08-13,2,116.3,1
PRD_EST_079,STR_012,2025-08-13,2,112.8,1
PRD_EST_079,STR_013,2025-08-13,2,91.0,1
PRD_EST_079,STR_014,2025-08-13,2,91.9,1
PRD_EST_079,STR_015,2025-08-13,2,110.0,1
PRD_EST_079,STR_001,2025-08-20,3,50.7,0
PRD_EST_079,STR_002,2025-08-20,3,49.7,0
PRD_EST_079,STR_003,2025-08-20,3,51.9,0
PRD_EST_079,STR_004,2025-08-20,3,48.0,0
PRD_EST_079,STR_005,2025-08-20,3,49.7,0
PRD_EST_079,STR_006,2025-08-20,3,42.0,0
PRD_EST_079,STR_007,2025-08-20,3,49.5,0
PRD_EST_079,STR_008,2025-08-20,3,48.4,0
PRD_EST_079,STR_009,2025-08-20,3,47.3,0
PRD_EST_079,STR_010,2025-08-20,3,55.8,0
PRD_EST_079,STR_011,2025-08-20,3,56.4,0
PRD_EST_079,STR_012,2025-08-20,3,61.3,0
PRD_EST_079,STR_013,2025-08-20,3,47.8,0
PRD_EST_079,STR_014,2025-08-20,3,52.0,0
PRD_EST_079,STR_015,2025-08-20,3,59.5,0
PRD_EST_079,STR_001,2025-08-27,4,53.2,0
PRD_EST_079,STR_002,2025-08-27,4,53.3,0
PRD_EST_079,STR_003,2025-08-27,4,51.7,0
PRD_EST_079,STR_004,2025-08-27,4,51.1,0
PRD_EST_079,STR_005,2025-08-27,4,54.6,0
PRD_EST_079,STR_006,2025-08-27,4,41.2,0
PRD_EST_079,STR_007,2025-08-27,4,50.1,0
PRD_EST_079,STR_008,2025-08-27,4,47.5,0
PRD_EST_079,STR_009,2025-08-27,4,47.4,0
PRD_EST_079,STR_010,2025-08-27,4,51.8,0
PRD_EST_079,STR_011,2025-08-27,4,58.2,0
PRD_EST_079,STR_012,2025-08-27,4,58.9,0
PRD_EST_079,STR_013,2025-08-27,4,51.1,0
PRD_EST_079,STR_014,2025-08-27,4,50.5,0
PRD_EST_079,STR_015,2025-08-27,4,53.2,0
PRD_EST_079,STR_001,2025-09-03,5,51.2,0
PRD_EST_079,STR_002,2025-09-03,5,54.1,0
PRD_EST_079,STR_003,2025-09-03,5,50.2,0
PRD_EST_079,STR_004,2025-09-03,5,49.3,0
PRD_EST_079,STR_005,2025-09-03,5,48.6,0
PRD_EST_079,STR_006,2025-09-03,5,44.7,0
PRD_EST_079,STR_007,2025-09-03,5,45.7,0
PRD_EST_079,STR_008,2025-09-03,5,48.3,0
PRD_EST_079,STR_009,2025-09-03,5,49.0,0
PRD_EST_079,STR_010,2025-09-03,5,55.7,0
PRD_EST_079,STR_011,2025-09-03,5,59.3,0
PRD_EST_079,STR_012,2025-09-03,5,62.9,0
PRD_EST_079,STR_013,2025-09-03,5,55.2,0
PRD_EST_079,STR_014,2025-09-03,5,49.8,0
PRD_EST_079,STR_015,2025-09-03,5,57.4,0
PRD_EST_079,STR_001,2025-09-10,6,60.3,0
PRD_EST_079,STR_002,2025-09-10,6,57.0,0
PRD_EST_079,STR_003,2025-09-10,6,63.8,0
PRD_EST_079,STR_004,2025-09-10,6,55.7,0
PRD_EST_079,STR_005,2025-09-10,6,60.5,0
PRD_EST_079,STR_006,2025-09-10,6,52.4,0
PRD_EST_079,STR_007,2025-09-10,6,53.3,0
PRD_EST_079,STR_008,2025-09-10,6,60.3,0
PRD_EST_079,STR_009,2025-09-10,6,53.7,0
PRD_EST_079,STR_010,2025-09-10,6,57.2,0
PRD_EST_079,STR_011,2025-09-10,6,66.9,0
PRD_EST_079,STR_012,2025-09-10,6,75.7,0
PRD_EST_079,STR_013,2025-09-10,6,53.2,0
PRD_EST_079,STR_014,2025-09-10,6,60.4,0
PRD_EST_079,STR_015,2025-09-10,6,67.2,0
PRD_EST_079,STR_001,2025-09-17,7,61.2,0
PRD_EST_079,STR_002,2025-09-17,7,58.2,0
PRD_EST_079,STR_003,2025-09-17,7,61.9,0
PRD_EST_079,STR_004,2025-09-17,7,61.2,0
PRD_EST_079,STR_005,2025-09-17,7,56.5,0
PRD_EST_079,STR_006,2025-09-17,7,55.3,0
PRD_EST_079,STR_007,2025-09-17,7,59.5,0
PRD_EST_079,STR_008,2025-09-17,7,59.3,0
PRD_EST_079,STR_009,2025-09-17,7,61.2,0
PRD_EST_079,STR_010,2025-09-17,7,64.8,0
PRD_EST_079,STR_011,2025-09-17,7,72.7,0
PRD_EST_079,STR_012,2025-09-17,7,81.5,0
PRD_EST_079,STR_013,2025-09-17,7,55.8,0
PRD_EST_079,STR_014,2025-09-17,7,57.6,0
PRD_EST_079,STR_015,2025-09-17,7,66.7,0
PRD_EST_079,STR_001,2025-09-24,8,59.5,0
PRD_EST_079,STR_002,2025-09-24,8,61.2,0
PRD_EST_079,STR_003,2025-09-24,8,53.9,0
PRD_EST_079,STR_004,2025-09-24,8,50.0,0
PRD_EST_079,STR_005,2025-09-24,8,59.4,0
PRD_EST_079,STR_006,2025-09-24,8,50.2,0
PRD_EST_079,STR_007,2025-09-24,8,49.4,0
PRD_EST_079,STR_008,2025-09-24,8,54.7,0
PRD_EST_079,STR_009,2025-09-24,8,55.0,0
PRD_EST_079,STR_010,2025-09-24,8,61.2,0
PRD_EST_079,STR_011,2025-09-24,8,62.8,0
PRD_EST_079,STR_012,2025-09-24,8,69.5,0
PRD_EST_079,STR_013,2025-09-24,8,50.8,0
PRD_EST_079,STR_014,2025-09-24,8,59.3,0
PRD_EST_079,STR_015,2025-09-24,8,61.8,0
PRD_EST_080,STR_001,2025-06-02,1,174.1,1
PRD_EST_080,STR_002,2025-06-02,1,168.4,1
PRD_EST_080,STR_003,2025-06-02,1,170.6,1
PRD_EST_080,STR_004,2025-06-02,1,197.0,1
PRD_EST_080,STR_005,2025-06-02,1,194.9,1
PRD_EST_080,STR_006,2025-06-02,1,167.1,1
PRD_EST_080,STR_007,2025-06-02,1,153.5,1
PRD_EST_080,STR_008,2025-06-02,1,172.9,1
PRD_EST_080,STR_009,2025-06-02,1,159.8,1
PRD_EST_080,STR_010,2025-06-02,1,171.6,1
PRD_EST_080,STR_011,2025-06-02,1,199.7,1
PRD_EST_080,STR_012,2025-06-02,1,233.7,1
PRD_EST_080,STR_013,2025-06-02,1,187.2,1
PRD_EST_080,STR_014,2025-06-02,1,194.6,1
PRD_EST_080,STR_015,2025-06-02,1,199.6,1
PRD_EST_080,STR_001,2025-06-09,2,155.9,1
PRD_EST_080,STR_002,2025-06-09,2,157.2,1
PRD_EST_080,STR_003,2025-06-09,2,157.9,1
PRD_EST_080,STR_004,2025-06-09,2,162.1,1
PRD_EST_080,STR_005,2025-06-09,2,159.2,1
PRD_EST_080,STR_006,2025-06-09,2,127.8,1
PRD_EST_080,STR_007,2025-06-09,2,127.8,1
PRD_EST_080,STR_008,2025-06-09,2,129.3,1
PRD_EST_080,STR_009,2025-06-09,2,140.4,1
PRD_EST_080,STR_010,2025-06-09,2,153.0,1
PRD_EST_080,STR_011,2025-06-09,2,170.4,1
PRD_EST_080,STR_012,2025-06-09,2,167.1,1
PRD_EST_080,STR_013,2025-06-09,2,156.1,1
PRD_EST_080,STR_014,2025-06-09,2,164.8,1
PRD_EST_080,STR_015,2025-06-09,2,154.9,1
PRD_EST_080,STR_001,2025-06-16,3,91.7,0
PRD_EST_080,STR_002,2025-06-16,3,87.9,0
PRD_EST_080,STR_003,2025-06-16,3,89.3,0
PRD_EST_080,STR_004,2025-06-16,3,89.9,0
PRD_EST_080,STR_005,2025-06-16,3,100.5,0
PRD_EST_080,STR_006,2025-06-16,3,87.7,0
PRD_EST_080,STR_007,2025-06-16,3,83.9,0
PRD_EST_080,STR_008,2025-06-16,3,80.0,0
PRD_EST_080,STR_009,2025-06-16,3,90.3,0
PRD_EST_080,STR_010,2025-06-16,3,97.5,0
PRD_EST_080,STR_011,2025-06-16,3,104.4,0
PRD_EST_080,STR_012,2025-06-16,3,110.9,0
PRD_EST_080,STR_013,2025-06-16,3,103.3,0
PRD_EST_080,STR_014,2025-06-16,3,99.5,0
PRD_EST_080,STR_015,2025-06-16,3,98.3,0
PRD_EST_080,STR_001,2025-06-23,4,93.9,0
PRD_EST_080,STR_002,2025-06-23,4,93.5,0
PRD_EST_080,STR_003,2025-06-23,4,84.2,0
PRD_EST_080,STR_004,2025-06-23,4,95.8,0
PRD_EST_080,STR_005,2025-06-23,4,92.3,0
PRD_EST_080,STR_006,2025-06-23,4,90.6,0
PRD_EST_080,STR_007,2025-06-23,4,77.8,0
PRD_EST_080,STR_008,2025-06-23,4,88.3,0
PRD_EST_080,STR_009,2025-06-23,4,80.5,0
PRD_EST_080,STR_010,2025-06-23,4,90.7,0
PRD_EST_080,STR_011,2025-06-23,4,92.5,0
PRD_EST_080,STR_012,2025-06-23,4,107.9,0
PRD_EST_080,STR_013,2025-06-23,4,90.8,0
PRD_EST_080,STR_014,2025-06-23,4,94.3,0
PRD_EST_080,STR_015,2025-06-23,4,90.0,0
PRD_EST_080,STR_001,2025-06-30,5,91.8,0
PRD_EST_080,STR_002,2025-06-30,5,101.8,0
PRD_EST_080,STR_003,2025-06-30,5,99.8,0
PRD_EST_080,STR_004,2025-06-30,5,98.0,0
PRD_EST_080,STR_005,2025-06-30,5,103.2,0
PRD_EST_080,STR_006,2025-06-30,5,95.2,0
PRD_EST_080,STR_007,2025-06-30,5,88.5,0
PRD_EST_080,STR_008,2025-06-30,5,86.1,0
PRD_EST_080,STR_009,2025-06-30,5,86.9,0
PRD_EST_080,STR_010,2025-06-30,5,100.6,0
PRD_EST_080,STR_011,2025-06-30,5,102.2,0
PRD_EST_080,STR_012,2025-06-30,5,119.8,0
PRD_EST_080,STR_013,2025-06-30,5,106.5,0
PRD_EST_080,STR_014,2025-06-30,5,106.7,0
PRD_EST_080,STR_015,2025-06-30,5,104.2,0
PRD_EST_080,STR_001,2025-07-07,6,85.7,0
PRD_EST_080,STR_002,2025-07-07,6,89.2,0
PRD_EST_080,STR_003,2025-07-07,6,88.4,0
PRD_EST_080,STR_004,2025-07-07,6,91.3,0
PRD_EST_080,STR_005,2025-07-07,6,94.5,0
PRD_EST_080,STR_006,2025-07-07,6,80.0,0
PRD_EST_080,STR_007,2025-07-07,6,75.9,0
PRD_EST_080,STR_008,2025-07-07,6,87.3,0
PRD_EST_080,STR_009,2025-07-07,6,77.5,0
PRD_EST_080,STR_010,2025-07-07,6,92.8,0
PRD_EST_080,STR_011,2025-07-07,6,96.5,0
PRD_EST_080,STR_012,2025-07-07,6,106.7,0
PRD_EST_080,STR_013,2025-07-07,6,87.7,0
PRD_EST_080,STR_014,2025-07-07,6,92.9,0
PRD_EST_080,STR_015,2025-07-07,6,93.1,0
PRD_EST_080,STR_001,2025-07-14,7,95.2,0
PRD_EST_080,STR_002,2025-07-14,7,94.9,0
PRD_EST_080,STR_003,2025-07-14,7,87.5,0
PRD_EST_080,STR_004,2025-07-14,7,97.7,0
PRD_EST_080,STR_005,2025-07-14,7,107.8,0
PRD_EST_080,STR_006,2025-07-14,7,81.8,0
PRD_EST_080,STR_007,2025-07-14,7,86.8,0
PRD_EST_080,STR_008,2025-07-14,7,89.1,0
PRD_EST_080,STR_009,2025-07-14,7,84.9,0
PRD_EST_080,STR_010,2025-07-14,7,97.6,0
PRD_EST_080,STR_011,2025-07-14,7,102.3,0
PRD_EST_080,STR_012,2025-07-14,7,112.8,0
PRD_EST_080,STR_013,2025-07-14,7,93.5,0
PRD_EST_080,STR_014,2025-07-14,7,102.4,0
PRD_EST_080,STR_015,2025-07-14,7,103.0,0
PRD_EST_080,STR_001,2025-07-21,8,97.2,0
PRD_EST_080,STR_002,2025-07-21,8,96.0,0
PRD_EST_080,STR_003,2025-07-21,8,101.4,0
PRD_EST_080,STR_004,2025-07-21,8,105.6,0
PRD_EST_080,STR_005,2025-07-21,8,100.1,0
PRD_EST_080,STR_006,2025-07-21,8,94.4,0
PRD_EST_080,STR_007,2025-07-21,8,93.4,0
PRD_EST_080,STR_008,2025-07-21,8,90.1,0
PRD_EST_080,STR_009,2025-07-21,8,91.4,0
PRD_EST_080,STR_010,2025-07-21,8,95.4,0
PRD_EST_080,STR_011,2025-07-21,8,114.6,0
PRD_EST_080,STR_012,2025-07-21,8,110.5,0
PRD_EST_080,STR_013,2025-07-21,8,100.9,0
PRD_EST_080,STR_014,2025-07-21,8,99.9,0
PRD_EST_080,STR_015,2025-07-21,8,98.2,0
PRD_NEW_081,STR_001,2026-07-11,1,171.6,1
PRD_NEW_081,STR_002,2026-07-11,1,174.4,1
PRD_NEW_081,STR_003,2026-07-11,1,175.0,1
PRD_NEW_081,STR_004,2026-07-11,1,181.2,1
PRD_NEW_081,STR_005,2026-07-11,1,185.1,1
PRD_NEW_081,STR_006,2026-07-11,1,158.8,1
PRD_NEW_081,STR_007,2026-07-11,1,152.0,1
PRD_NEW_081,STR_008,2026-07-11,1,153.5,1
PRD_NEW_081,STR_009,2026-07-11,1,156.3,1
PRD_NEW_081,STR_010,2026-07-11,1,176.9,1
PRD_NEW_081,STR_011,2026-07-11,1,180.3,1
PRD_NEW_081,STR_012,2026-07-11,1,219.3,1
PRD_NEW_081,STR_013,2026-07-11,1,169.4,1
PRD_NEW_081,STR_014,2026-07-11,1,193.9,1
PRD_NEW_081,STR_015,2026-07-11,1,180.1,1
PRD_NEW_081,STR_001,2026-07-18,2,129.0,1
PRD_NEW_081,STR_002,2026-07-18,2,149.1,1
PRD_NEW_081,STR_003,2026-07-18,2,147.6,1
PRD_NEW_081,STR_004,2026-07-18,2,151.6,1
PRD_NEW_081,STR_005,2026-07-18,2,155.4,1
PRD_NEW_081,STR_006,2026-07-18,2,123.8,1
PRD_NEW_081,STR_007,2026-07-18,2,127.7,1
PRD_NEW_081,STR_008,2026-07-18,2,132.1,1
PRD_NEW_081,STR_009,2026-07-18,2,130.6,1
PRD_NEW_081,STR_010,2026-07-18,2,134.6,1
PRD_NEW_081,STR_011,2026-07-18,2,143.9,1
PRD_NEW_081,STR_012,2026-07-18,2,163.7,1
PRD_NEW_081,STR_013,2026-07-18,2,152.0,1
PRD_NEW_081,STR_014,2026-07-18,2,152.6,1
PRD_NEW_081,STR_015,2026-07-18,2,142.3,1
PRD_NEW_081,STR_001,2026-07-25,3,80.4,0
PRD_NEW_081,STR_002,2026-07-25,3,79.2,0
PRD_NEW_081,STR_003,2026-07-25,3,74.2,0
PRD_NEW_081,STR_004,2026-07-25,3,85.4,0
PRD_NEW_081,STR_005,2026-07-25,3,81.1,0
PRD_NEW_081,STR_006,2026-07-25,3,76.6,0
PRD_NEW_081,STR_007,2026-07-25,3,73.6,0
PRD_NEW_081,STR_008,2026-07-25,3,81.4,0
PRD_NEW_081,STR_009,2026-07-25,3,69.3,0
PRD_NEW_081,STR_010,2026-07-25,3,81.7,0
PRD_NEW_081,STR_011,2026-07-25,3,92.4,0
PRD_NEW_081,STR_012,2026-07-25,3,95.4,0
PRD_NEW_081,STR_013,2026-07-25,3,84.9,0
PRD_NEW_081,STR_014,2026-07-25,3,82.3,0
PRD_NEW_081,STR_015,2026-07-25,3,92.3,0
PRD_NEW_081,STR_001,2026-08-01,4,75.1,0
PRD_NEW_081,STR_002,2026-08-01,4,79.2,0
PRD_NEW_081,STR_003,2026-08-01,4,73.3,0
PRD_NEW_081,STR_004,2026-08-01,4,79.4,0
PRD_NEW_081,STR_005,2026-08-01,4,84.3,0
PRD_NEW_081,STR_006,2026-08-01,4,68.0,0
PRD_NEW_081,STR_007,2026-08-01,4,64.0,0
PRD_NEW_081,STR_008,2026-08-01,4,67.2,0
PRD_NEW_081,STR_009,2026-08-01,4,66.0,0
PRD_NEW_081,STR_010,2026-08-01,4,77.4,0
PRD_NEW_081,STR_011,2026-08-01,4,83.5,0
PRD_NEW_081,STR_012,2026-08-01,4,95.1,0
PRD_NEW_081,STR_013,2026-08-01,4,79.9,0
PRD_NEW_081,STR_014,2026-08-01,4,78.9,0
PRD_NEW_081,STR_015,2026-08-01,4,78.1,0
PRD_NEW_081,STR_001,2026-08-08,5,72.4,0
PRD_NEW_081,STR_002,2026-08-08,5,75.4,0
PRD_NEW_081,STR_003,2026-08-08,5,77.3,0
PRD_NEW_081,STR_004,2026-08-08,5,81.1,0
PRD_NEW_081,STR_005,2026-08-08,5,83.2,0
PRD_NEW_081,STR_006,2026-08-08,5,73.4,0
PRD_NEW_081,STR_007,2026-08-08,5,62.9,0
PRD_NEW_081,STR_008,2026-08-08,5,72.1,0
PRD_NEW_081,STR_009,2026-08-08,5,64.1,0
PRD_NEW_081,STR_010,2026-08-08,5,76.6,0
PRD_NEW_081,STR_011,2026-08-08,5,83.4,0
PRD_NEW_081,STR_012,2026-08-08,5,87.8,0
PRD_NEW_081,STR_013,2026-08-08,5,78.0,0
PRD_NEW_081,STR_014,2026-08-08,5,79.0,0
PRD_NEW_081,STR_015,2026-08-08,5,77.9,0
PRD_NEW_081,STR_001,2026-08-15,6,77.0,0
PRD_NEW_081,STR_002,2026-08-15,6,80.0,0
PRD_NEW_081,STR_003,2026-08-15,6,79.1,0
PRD_NEW_081,STR_004,2026-08-15,6,78.3,0
PRD_NEW_081,STR_005,2026-08-15,6,82.2,0
PRD_NEW_081,STR_006,2026-08-15,6,70.8,0
PRD_NEW_081,STR_007,2026-08-15,6,71.5,0
PRD_NEW_081,STR_008,2026-08-15,6,72.9,0
PRD_NEW_081,STR_009,2026-08-15,6,68.9,0
PRD_NEW_081,STR_010,2026-08-15,6,78.4,0
PRD_NEW_081,STR_011,2026-08-15,6,76.1,0
PRD_NEW_081,STR_012,2026-08-15,6,94.6,0
PRD_NEW_081,STR_013,2026-08-15,6,82.8,0
PRD_NEW_081,STR_014,2026-08-15,6,83.2,0
PRD_NEW_081,STR_015,2026-08-15,6,74.4,0
PRD_NEW_081,STR_001,2026-08-22,7,71.3,0
PRD_NEW_081,STR_002,2026-08-22,7,78.3,0
PRD_NEW_081,STR_003,2026-08-22,7,74.8,0
PRD_NEW_081,STR_004,2026-08-22,7,75.7,0
PRD_NEW_081,STR_005,2026-08-22,7,81.7,0
PRD_NEW_081,STR_006,2026-08-22,7,64.1,0
PRD_NEW_081,STR_007,2026-08-22,7,68.8,0
PRD_NEW_081,STR_008,2026-08-22,7,72.1,0
PRD_NEW_081,STR_009,2026-08-22,7,69.3,0
PRD_NEW_081,STR_010,2026-08-22,7,76.7,0
PRD_NEW_081,STR_011,2026-08-22,7,83.4,0
PRD_NEW_081,STR_012,2026-08-22,7,86.7,0
PRD_NEW_081,STR_013,2026-08-22,7,79.2,0
PRD_NEW_081,STR_014,2026-08-22,7,74.4,0
PRD_NEW_081,STR_015,2026-08-22,7,75.6,0
PRD_NEW_081,STR_001,2026-08-29,8,88.8,0
PRD_NEW_081,STR_002,2026-08-29,8,86.6,0
PRD_NEW_081,STR_003,2026-08-29,8,87.6,0
PRD_NEW_081,STR_004,2026-08-29,8,96.9,0
PRD_NEW_081,STR_005,2026-08-29,8,95.3,0
PRD_NEW_081,STR_006,2026-08-29,8,86.9,0
PRD_NEW_081,STR_007,2026-08-29,8,83.3,0
PRD_NEW_081,STR_008,2026-08-29,8,88.6,0
PRD_NEW_081,STR_009,2026-08-29,8,81.9,0
PRD_NEW_081,STR_010,2026-08-29,8,92.7,0
PRD_NEW_081,STR_011,2026-08-29,8,96.2,0
PRD_NEW_081,STR_012,2026-08-29,8,107.9,0
PRD_NEW_081,STR_013,2026-08-29,8,91.3,0
PRD_NEW_081,STR_014,2026-08-29,8,93.4,0
PRD_NEW_081,STR_015,2026-08-29,8,89.7,0
PRD_NEW_082,STR_001,2026-08-14,1,152.5,1
PRD_NEW_082,STR_002,2026-08-14,1,141.7,1
PRD_NEW_082,STR_003,2026-08-14,1,157.4,1
PRD_NEW_082,STR_004,2026-08-14,1,184.1,1
PRD_NEW_082,STR_005,2026-08-14,1,203.3,1
PRD_NEW_082,STR_006,2026-08-14,1,185.2,1
PRD_NEW_082,STR_007,2026-08-14,1,128.4,1
PRD_NEW_082,STR_008,2026-08-14,1,135.6,1
PRD_NEW_082,STR_009,2026-08-14,1,148.0,1
PRD_NEW_082,STR_010,2026-08-14,1,152.0,1
PRD_NEW_082,STR_011,2026-08-14,1,155.6,1
PRD_NEW_082,STR_012,2026-08-14,1,167.2,1
PRD_NEW_082,STR_013,2026-08-14,1,193.5,1
PRD_NEW_082,STR_014,2026-08-14,1,202.2,1
PRD_NEW_082,STR_015,2026-08-14,1,171.1,1
PRD_NEW_082,STR_001,2026-08-21,2,114.3,1
PRD_NEW_082,STR_002,2026-08-21,2,114.8,1
PRD_NEW_082,STR_003,2026-08-21,2,122.6,1
PRD_NEW_082,STR_004,2026-08-21,2,161.7,1
PRD_NEW_082,STR_005,2026-08-21,2,157.1,1
PRD_NEW_082,STR_006,2026-08-21,2,136.4,1
PRD_NEW_082,STR_007,2026-08-21,2,102.6,1
PRD_NEW_082,STR_008,2026-08-21,2,109.3,1
PRD_NEW_082,STR_009,2026-08-21,2,105.5,1
PRD_NEW_082,STR_010,2026-08-21,2,123.1,1
PRD_NEW_082,STR_011,2026-08-21,2,129.6,1
PRD_NEW_082,STR_012,2026-08-21,2,147.6,1
PRD_NEW_082,STR_013,2026-08-21,2,151.5,1
PRD_NEW_082,STR_014,2026-08-21,2,154.7,1
PRD_NEW_082,STR_015,2026-08-21,2,121.7,1
PRD_NEW_082,STR_001,2026-08-28,3,75.5,0
PRD_NEW_082,STR_002,2026-08-28,3,69.2,0
PRD_NEW_082,STR_003,2026-08-28,3,71.1,0
PRD_NEW_082,STR_004,2026-08-28,3,92.5,0
PRD_NEW_082,STR_005,2026-08-28,3,93.5,0
PRD_NEW_082,STR_006,2026-08-28,3,88.3,0
PRD_NEW_082,STR_007,2026-08-28,3,68.6,0
PRD_NEW_082,STR_008,2026-08-28,3,66.0,0
PRD_NEW_082,STR_009,2026-08-28,3,66.1,0
PRD_NEW_082,STR_010,2026-08-28,3,74.3,0
PRD_NEW_082,STR_011,2026-08-28,3,82.6,0
PRD_NEW_082,STR_012,2026-08-28,3,91.9,0
PRD_NEW_082,STR_013,2026-08-28,3,90.4,0
PRD_NEW_082,STR_014,2026-08-28,3,104.0,0
PRD_NEW_082,STR_015,2026-08-28,3,84.2,0
PRD_NEW_082,STR_001,2026-09-04,4,68.4,0
PRD_NEW_082,STR_002,2026-09-04,4,70.4,0
PRD_NEW_082,STR_003,2026-09-04,4,68.7,0
PRD_NEW_082,STR_004,2026-09-04,4,84.4,0
PRD_NEW_082,STR_005,2026-09-04,4,81.6,0
PRD_NEW_082,STR_006,2026-09-04,4,78.8,0
PRD_NEW_082,STR_007,2026-09-04,4,63.1,0
PRD_NEW_082,STR_008,2026-09-04,4,62.6,0
PRD_NEW_082,STR_009,2026-09-04,4,59.5,0
PRD_NEW_082,STR_010,2026-09-04,4,71.0,0
PRD_NEW_082,STR_011,2026-09-04,4,76.7,0
PRD_NEW_082,STR_012,2026-09-04,4,80.5,0
PRD_NEW_082,STR_013,2026-09-04,4,81.4,0
PRD_NEW_082,STR_014,2026-09-04,4,93.3,0
PRD_NEW_082,STR_015,2026-09-04,4,70.6,0
PRD_NEW_082,STR_001,2026-09-11,5,71.4,0
PRD_NEW_082,STR_002,2026-09-11,5,69.0,0
PRD_NEW_082,STR_003,2026-09-11,5,75.3,0
PRD_NEW_082,STR_004,2026-09-11,5,89.0,0
PRD_NEW_082,STR_005,2026-09-11,5,102.5,0
PRD_NEW_082,STR_006,2026-09-11,5,88.7,0
PRD_NEW_082,STR_007,2026-09-11,5,61.2,0
PRD_NEW_082,STR_008,2026-09-11,5,70.3,0
PRD_NEW_082,STR_009,2026-09-11,5,63.7,0
PRD_NEW_082,STR_010,2026-09-11,5,77.4,0
PRD_NEW_082,STR_011,2026-09-11,5,76.0,0
PRD_NEW_082,STR_012,2026-09-11,5,83.8,0
PRD_NEW_082,STR_013,2026-09-11,5,98.5,0
PRD_NEW_082,STR_014,2026-09-11,5,100.4,0
PRD_NEW_082,STR_015,2026-09-11,5,82.6,0
PRD_NEW_082,STR_001,2026-09-18,6,73.3,0
PRD_NEW_082,STR_002,2026-09-18,6,65.5,0
PRD_NEW_082,STR_003,2026-09-18,6,67.4,0
PRD_NEW_082,STR_004,2026-09-18,6,86.6,0
PRD_NEW_082,STR_005,2026-09-18,6,89.0,0
PRD_NEW_082,STR_006,2026-09-18,6,84.7,0
PRD_NEW_082,STR_007,2026-09-18,6,61.7,0
PRD_NEW_082,STR_008,2026-09-18,6,61.6,0
PRD_NEW_082,STR_009,2026-09-18,6,69.0,0
PRD_NEW_082,STR_010,2026-09-18,6,64.6,0
PRD_NEW_082,STR_011,2026-09-18,6,80.0,0
PRD_NEW_082,STR_012,2026-09-18,6,78.4,0
PRD_NEW_082,STR_013,2026-09-18,6,91.5,0
PRD_NEW_082,STR_014,2026-09-18,6,92.8,0
PRD_NEW_082,STR_015,2026-09-18,6,74.7,0
PRD_NEW_082,STR_001,2026-09-25,7,72.4,0
PRD_NEW_082,STR_002,2026-09-25,7,79.3,0
PRD_NEW_082,STR_003,2026-09-25,7,79.4,0
PRD_NEW_082,STR_004,2026-09-25,7,98.7,0
PRD_NEW_082,STR_005,2026-09-25,7,96.0,0
PRD_NEW_082,STR_006,2026-09-25,7,90.2,0
PRD_NEW_082,STR_007,2026-09-25,7,74.1,0
PRD_NEW_082,STR_008,2026-09-25,7,76.5,0
PRD_NEW_082,STR_009,2026-09-25,7,72.3,0
PRD_NEW_082,STR_010,2026-09-25,7,80.0,0
PRD_NEW_082,STR_011,2026-09-25,7,87.1,0
PRD_NEW_082,STR_012,2026-09-25,7,96.5,0
PRD_NEW_082,STR_013,2026-09-25,7,107.3,0
PRD_NEW_082,STR_014,2026-09-25,7,113.5,0
PRD_NEW_082,STR_015,2026-09-25,7,80.8,0
PRD_NEW_082,STR_001,2026-10-02,8,76.2,0
PRD_NEW_082,STR_002,2026-10-02,8,75.3,0
PRD_NEW_082,STR_003,2026-10-02,8,79.8,0
PRD_NEW_082,STR_004,2026-10-02,8,99.2,0
PRD_NEW_082,STR_005,2026-10-02,8,103.9,0
PRD_NEW_082,STR_006,2026-10-02,8,88.1,0
PRD_NEW_082,STR_007,2026-10-02,8,71.2,0
PRD_NEW_082,STR_008,2026-10-02,8,71.1,0
PRD_NEW_082,STR_009,2026-10-02,8,73.4,0
PRD_NEW_082,STR_010,2026-10-02,8,76.2,0
PRD_NEW_082,STR_011,2026-10-02,8,88.3,0
PRD_NEW_082,STR_012,2026-10-02,8,94.5,0
PRD_NEW_082,STR_013,2026-10-02,8,105.2,0
PRD_NEW_082,STR_014,2026-10-02,8,98.7,0
PRD_NEW_082,STR_015,2026-10-02,8,87.6,0
PRD_NEW_083,STR_001,2026-08-06,1,101.6,0
PRD_NEW_083,STR_002,2026-08-06,1,104.9,0
PRD_NEW_083,STR_003,2026-08-06,1,94.8,0
PRD_NEW_083,STR_004,2026-08-06,1,97.6,0
PRD_NEW_083,STR_005,2026-08-06,1,101.7,0
PRD_NEW_083,STR_006,2026-08-06,1,90.3,0
PRD_NEW_083,STR_007,2026-08-06,1,86.0,0
PRD_NEW_083,STR_008,2026-08-06,1,98.3,0
PRD_NEW_083,STR_009,2026-08-06,1,92.7,0
PRD_NEW_083,STR_010,2026-08-06,1,102.7,0
PRD_NEW_083,STR_011,2026-08-06,1,117.1,0
PRD_NEW_083,STR_012,2026-08-06,1,115.0,0
PRD_NEW_083,STR_013,2026-08-06,1,108.1,0
PRD_NEW_083,STR_014,2026-08-06,1,104.4,0
PRD_NEW_083,STR_015,2026-08-06,1,102.1,0
PRD_NEW_083,STR_001,2026-08-13,2,98.5,0
PRD_NEW_083,STR_002,2026-08-13,2,96.0,0
PRD_NEW_083,STR_003,2026-08-13,2,95.7,0
PRD_NEW_083,STR_004,2026-08-13,2,108.5,0
PRD_NEW_083,STR_005,2026-08-13,2,104.9,0
PRD_NEW_083,STR_006,2026-08-13,2,94.9,0
PRD_NEW_083,STR_007,2026-08-13,2,89.8,0
PRD_NEW_083,STR_008,2026-08-13,2,97.2,0
PRD_NEW_083,STR_009,2026-08-13,2,93.3,0
PRD_NEW_083,STR_010,2026-08-13,2,105.0,0
PRD_NEW_083,STR_011,2026-08-13,2,106.5,0
PRD_NEW_083,STR_012,2026-08-13,2,117.8,0
PRD_NEW_083,STR_013,2026-08-13,2,114.3,0
PRD_NEW_083,STR_014,2026-08-13,2,114.9,0
PRD_NEW_083,STR_015,2026-08-13,2,106.8,0
PRD_NEW_083,STR_001,2026-08-20,3,67.3,0
PRD_NEW_083,STR_002,2026-08-20,3,72.8,0
PRD_NEW_083,STR_003,2026-08-20,3,74.0,0
PRD_NEW_083,STR_004,2026-08-20,3,71.2,0
PRD_NEW_083,STR_005,2026-08-20,3,72.6,0
PRD_NEW_083,STR_006,2026-08-20,3,66.3,0
PRD_NEW_083,STR_007,2026-08-20,3,65.2,0
PRD_NEW_083,STR_008,2026-08-20,3,61.1,0
PRD_NEW_083,STR_009,2026-08-20,3,70.2,0
PRD_NEW_083,STR_010,2026-08-20,3,65.3,0
PRD_NEW_083,STR_011,2026-08-20,3,76.1,0
PRD_NEW_083,STR_012,2026-08-20,3,86.9,0
PRD_NEW_083,STR_013,2026-08-20,3,69.8,0
PRD_NEW_083,STR_014,2026-08-20,3,75.1,0
PRD_NEW_083,STR_015,2026-08-20,3,72.9,0
PRD_NEW_083,STR_001,2026-08-27,4,69.0,0
PRD_NEW_083,STR_002,2026-08-27,4,63.2,0
PRD_NEW_083,STR_003,2026-08-27,4,68.1,0
PRD_NEW_083,STR_004,2026-08-27,4,66.6,0
PRD_NEW_083,STR_005,2026-08-27,4,74.5,0
PRD_NEW_083,STR_006,2026-08-27,4,57.2,0
PRD_NEW_083,STR_007,2026-08-27,4,58.4,0
PRD_NEW_083,STR_008,2026-08-27,4,61.5,0
PRD_NEW_083,STR_009,2026-08-27,4,62.5,0
PRD_NEW_083,STR_010,2026-08-27,4,68.9,0
PRD_NEW_083,STR_011,2026-08-27,4,76.4,0
PRD_NEW_083,STR_012,2026-08-27,4,81.7,0
PRD_NEW_083,STR_013,2026-08-27,4,69.3,0
PRD_NEW_083,STR_014,2026-08-27,4,68.9,0
PRD_NEW_083,STR_015,2026-08-27,4,66.6,0
PRD_NEW_083,STR_001,2026-09-03,5,61.1,0
PRD_NEW_083,STR_002,2026-09-03,5,67.7,0
PRD_NEW_083,STR_003,2026-09-03,5,70.0,0
PRD_NEW_083,STR_004,2026-09-03,5,69.2,0
PRD_NEW_083,STR_005,2026-09-03,5,74.7,0
PRD_NEW_083,STR_006,2026-09-03,5,65.4,0
PRD_NEW_083,STR_007,2026-09-03,5,60.8,0
PRD_NEW_083,STR_008,2026-09-03,5,60.7,0
PRD_NEW_083,STR_009,2026-09-03,5,65.5,0
PRD_NEW_083,STR_010,2026-09-03,5,67.5,0
PRD_NEW_083,STR_011,2026-09-03,5,68.9,0
PRD_NEW_083,STR_012,2026-09-03,5,85.1,0
PRD_NEW_083,STR_013,2026-09-03,5,69.9,0
PRD_NEW_083,STR_014,2026-09-03,5,65.4,0
PRD_NEW_083,STR_015,2026-09-03,5,65.4,0
PRD_NEW_083,STR_001,2026-09-10,6,74.8,0
PRD_NEW_083,STR_002,2026-09-10,6,78.1,0
PRD_NEW_083,STR_003,2026-09-10,6,76.9,0
PRD_NEW_083,STR_004,2026-09-10,6,78.2,0
PRD_NEW_083,STR_005,2026-09-10,6,82.4,0
PRD_NEW_083,STR_006,2026-09-10,6,76.9,0
PRD_NEW_083,STR_007,2026-09-10,6,64.4,0
PRD_NEW_083,STR_008,2026-09-10,6,79.0,0
PRD_NEW_083,STR_009,2026-09-10,6,75.2,0
PRD_NEW_083,STR_010,2026-09-10,6,81.7,0
PRD_NEW_083,STR_011,2026-09-10,6,90.4,0
PRD_NEW_083,STR_012,2026-09-10,6,95.2,0
PRD_NEW_083,STR_013,2026-09-10,6,82.9,0
PRD_NEW_083,STR_014,2026-09-10,6,84.4,0
PRD_NEW_083,STR_015,2026-09-10,6,82.8,0
PRD_NEW_083,STR_001,2026-09-17,7,75.8,0
PRD_NEW_083,STR_002,2026-09-17,7,79.4,0
PRD_NEW_083,STR_003,2026-09-17,7,80.8,0
PRD_NEW_083,STR_004,2026-09-17,7,83.0,0
PRD_NEW_083,STR_005,2026-09-17,7,88.3,0
PRD_NEW_083,STR_006,2026-09-17,7,75.8,0
PRD_NEW_083,STR_007,2026-09-17,7,66.1,0
PRD_NEW_083,STR_008,2026-09-17,7,77.7,0
PRD_NEW_083,STR_009,2026-09-17,7,78.0,0
PRD_NEW_083,STR_010,2026-09-17,7,81.3,0
PRD_NEW_083,STR_011,2026-09-17,7,89.9,0
PRD_NEW_083,STR_012,2026-09-17,7,102.2,0
PRD_NEW_083,STR_013,2026-09-17,7,81.3,0
PRD_NEW_083,STR_014,2026-09-17,7,88.6,0
PRD_NEW_083,STR_015,2026-09-17,7,88.2,0
PRD_NEW_083,STR_001,2026-09-24,8,65.9,0
PRD_NEW_083,STR_002,2026-09-24,8,67.8,0
PRD_NEW_083,STR_003,2026-09-24,8,66.8,0
PRD_NEW_083,STR_004,2026-09-24,8,71.3,0
PRD_NEW_083,STR_005,2026-09-24,8,70.8,0
PRD_NEW_083,STR_006,2026-09-24,8,70.1,0
PRD_NEW_083,STR_007,2026-09-24,8,59.7,0
PRD_NEW_083,STR_008,2026-09-24,8,67.1,0
PRD_NEW_083,STR_009,2026-09-24,8,69.7,0
PRD_NEW_083,STR_010,2026-09-24,8,65.8,0
PRD_NEW_083,STR_011,2026-09-24,8,78.4,0
PRD_NEW_083,STR_012,2026-09-24,8,83.4,0
PRD_NEW_083,STR_013,2026-09-24,8,77.2,0
PRD_NEW_083,STR_014,2026-09-24,8,78.8,0
PRD_NEW_083,STR_015,2026-09-24,8,79.2,0
PRD_NEW_084,STR_001,2026-07-13,1,94.3,0
PRD_NEW_084,STR_002,2026-07-13,1,101.5,0
PRD_NEW_084,STR_003,2026-07-13,1,98.6,0
PRD_NEW_084,STR_004,2026-07-13,1,89.1,0
PRD_NEW_084,STR_005,2026-07-13,1,94.9,0
PRD_NEW_084,STR_006,2026-07-13,1,83.7,0
PRD_NEW_084,STR_007,2026-07-13,1,78.5,0
PRD_NEW_084,STR_008,2026-07-13,1,95.2,0
PRD_NEW_084,STR_009,2026-07-13,1,89.7,0
PRD_NEW_084,STR_010,2026-07-13,1,101.8,0
PRD_NEW_084,STR_011,2026-07-13,1,107.9,0
PRD_NEW_084,STR_012,2026-07-13,1,118.9,0
PRD_NEW_084,STR_013,2026-07-13,1,88.6,0
PRD_NEW_084,STR_014,2026-07-13,1,88.2,0
PRD_NEW_084,STR_015,2026-07-13,1,100.8,0
PRD_NEW_084,STR_001,2026-07-20,2,74.8,0
PRD_NEW_084,STR_002,2026-07-20,2,74.0,0
PRD_NEW_084,STR_003,2026-07-20,2,73.0,0
PRD_NEW_084,STR_004,2026-07-20,2,62.4,0
PRD_NEW_084,STR_005,2026-07-20,2,70.0,0
PRD_NEW_084,STR_006,2026-07-20,2,58.4,0
PRD_NEW_084,STR_007,2026-07-20,2,63.7,0
PRD_NEW_084,STR_008,2026-07-20,2,69.4,0
PRD_NEW_084,STR_009,2026-07-20,2,70.0,0
PRD_NEW_084,STR_010,2026-07-20,2,70.5,0
PRD_NEW_084,STR_011,2026-07-20,2,72.3,0
PRD_NEW_084,STR_012,2026-07-20,2,87.2,0
PRD_NEW_084,STR_013,2026-07-20,2,62.3,0
PRD_NEW_084,STR_014,2026-07-20,2,72.7,0
PRD_NEW_084,STR_015,2026-07-20,2,70.8,0
PRD_NEW_084,STR_001,2026-07-27,3,70.4,0
PRD_NEW_084,STR_002,2026-07-27,3,73.6,0
PRD_NEW_084,STR_003,2026-07-27,3,71.6,0
PRD_NEW_084,STR_004,2026-07-27,3,49.5,0
PRD_NEW_084,STR_005,2026-07-27,3,54.4,0
PRD_NEW_084,STR_006,2026-07-27,3,45.1,0
PRD_NEW_084,STR_007,2026-07-27,3,65.8,0
PRD_NEW_084,STR_008,2026-07-27,3,72.2,0
PRD_NEW_084,STR_009,2026-07-27,3,53.7,0
PRD_NEW_084,STR_010,2026-07-27,3,75.3,0
PRD_NEW_084,STR_011,2026-07-27,3,79.9,0
PRD_NEW_084,STR_012,2026-07-27,3,95.5,0
PRD_NEW_084,STR_013,2026-07-27,3,55.4,0
PRD_NEW_084,STR_014,2026-07-27,3,50.5,0
PRD_NEW_084,STR_015,2026-07-27,3,83.7,0
PRD_NEW_084,STR_001,2026-08-03,4,141.6,0
PRD_NEW_084,STR_002,2026-08-03,4,142.6,0
PRD_NEW_084,STR_003,2026-08-03,4,138.9,0
PRD_NEW_084,STR_004,2026-08-03,4,106.3,0
PRD_NEW_084,STR_005,2026-08-03,4,112.7,0
PRD_NEW_084,STR_006,2026-08-03,4,97.7,0
PRD_NEW_084,STR_007,2026-08-03,4,134.6,0
PRD_NEW_084,STR_008,2026-08-03,4,152.3,0
PRD_NEW_084,STR_009,2026-08-03,4,101.1,0
PRD_NEW_084,STR_010,2026-08-03,4,145.8,0
PRD_NEW_084,STR_011,2026-08-03,4,158.0,0
PRD_NEW_084,STR_012,2026-08-03,4,173.2,0
PRD_NEW_084,STR_013,2026-08-03,4,102.3,0
PRD_NEW_084,STR_014,2026-08-03,4,106.6,0
PRD_NEW_084,STR_015,2026-08-03,4,155.9,0
PRD_NEW_084,STR_001,2026-08-10,5,63.2,0
PRD_NEW_084,STR_002,2026-08-10,5,57.0,0
PRD_NEW_084,STR_003,2026-08-10,5,58.3,0
PRD_NEW_084,STR_004,2026-08-10,5,52.8,0
PRD_NEW_084,STR_005,2026-08-10,5,60.9,0
PRD_NEW_084,STR_006,2026-08-10,5,49.7,0
PRD_NEW_084,STR_007,2026-08-10,5,56.0,0
PRD_NEW_084,STR_008,2026-08-10,5,55.3,0
PRD_NEW_084,STR_009,2026-08-10,5,55.3,0
PRD_NEW_084,STR_010,2026-08-10,5,62.0,0
PRD_NEW_084,STR_011,2026-08-10,5,68.1,0
PRD_NEW_084,STR_012,2026-08-10,5,70.8,0
PRD_NEW_084,STR_013,2026-08-10,5,56.2,0
PRD_NEW_084,STR_014,2026-08-10,5,56.9,0
PRD_NEW_084,STR_015,2026-08-10,5,61.3,0
PRD_NEW_084,STR_001,2026-08-17,6,59.7,0
PRD_NEW_084,STR_002,2026-08-17,6,64.6,0
PRD_NEW_084,STR_003,2026-08-17,6,57.5,0
PRD_NEW_084,STR_004,2026-08-17,6,54.8,0
PRD_NEW_084,STR_005,2026-08-17,6,62.9,0
PRD_NEW_084,STR_006,2026-08-17,6,53.6,0
PRD_NEW_084,STR_007,2026-08-17,6,51.4,0
PRD_NEW_084,STR_008,2026-08-17,6,60.5,0
PRD_NEW_084,STR_009,2026-08-17,6,54.0,0
PRD_NEW_084,STR_010,2026-08-17,6,61.4,0
PRD_NEW_084,STR_011,2026-08-17,6,68.7,0
PRD_NEW_084,STR_012,2026-08-17,6,77.3,0
PRD_NEW_084,STR_013,2026-08-17,6,56.7,0
PRD_NEW_084,STR_014,2026-08-17,6,56.7,0
PRD_NEW_084,STR_015,2026-08-17,6,71.4,0
PRD_NEW_084,STR_001,2026-08-24,7,58.3,0
PRD_NEW_084,STR_002,2026-08-24,7,55.0,0
PRD_NEW_084,STR_003,2026-08-24,7,54.0,0
PRD_NEW_084,STR_004,2026-08-24,7,49.6,0
PRD_NEW_084,STR_005,2026-08-24,7,53.6,0
PRD_NEW_084,STR_006,2026-08-24,7,43.5,0
PRD_NEW_084,STR_007,2026-08-24,7,52.5,0
PRD_NEW_084,STR_008,2026-08-24,7,52.3,0
PRD_NEW_084,STR_009,2026-08-24,7,55.5,0
PRD_NEW_084,STR_010,2026-08-24,7,54.9,0
PRD_NEW_084,STR_011,2026-08-24,7,66.2,0
PRD_NEW_084,STR_012,2026-08-24,7,71.6,0
PRD_NEW_084,STR_013,2026-08-24,7,52.8,0
PRD_NEW_084,STR_014,2026-08-24,7,57.5,0
PRD_NEW_084,STR_015,2026-08-24,7,58.6,0
PRD_NEW_084,STR_001,2026-08-31,8,65.5,0
PRD_NEW_084,STR_002,2026-08-31,8,57.3,0
PRD_NEW_084,STR_003,2026-08-31,8,62.7,0
PRD_NEW_084,STR_004,2026-08-31,8,56.6,0
PRD_NEW_084,STR_005,2026-08-31,8,58.6,0
PRD_NEW_084,STR_006,2026-08-31,8,55.3,0
PRD_NEW_084,STR_007,2026-08-31,8,52.6,0
PRD_NEW_084,STR_008,2026-08-31,8,59.3,0
PRD_NEW_084,STR_009,2026-08-31,8,55.7,0
PRD_NEW_084,STR_010,2026-08-31,8,57.8,0
PRD_NEW_084,STR_011,2026-08-31,8,64.7,0
PRD_NEW_084,STR_012,2026-08-31,8,74.9,0
PRD_NEW_084,STR_013,2026-08-31,8,54.8,0
PRD_NEW_084,STR_014,2026-08-31,8,56.2,0
PRD_NEW_084,STR_015,2026-08-31,8,68.1,0
PRD_NEW_085,STR_001,2026-08-16,1,287.9,0
PRD_NEW_085,STR_002,2026-08-16,1,294.2,0
PRD_NEW_085,STR_003,2026-08-16,1,266.0,0
PRD_NEW_085,STR_004,2026-08-16,1,387.9,0
PRD_NEW_085,STR_005,2026-08-16,1,350.1,0
PRD_NEW_085,STR_006,2026-08-16,1,309.6,0
PRD_NEW_085,STR_007,2026-08-16,1,249.4,0
PRD_NEW_085,STR_008,2026-08-16,1,256.7,0
PRD_NEW_085,STR_009,2026-08-16,1,267.0,0
PRD_NEW_085,STR_010,2026-08-16,1,298.6,0
PRD_NEW_085,STR_011,2026-08-16,1,296.4,0
PRD_NEW_085,STR_012,2026-08-16,1,329.1,0
PRD_NEW_085,STR_013,2026-08-16,1,386.4,0
PRD_NEW_085,STR_014,2026-08-16,1,367.1,0
PRD_NEW_085,STR_015,2026-08-16,1,320.6,0
PRD_NEW_085,STR_001,2026-08-23,2,253.2,0
PRD_NEW_085,STR_002,2026-08-23,2,293.1,0
PRD_NEW_085,STR_003,2026-08-23,2,294.9,0
PRD_NEW_085,STR_004,2026-08-23,2,334.8,0
PRD_NEW_085,STR_005,2026-08-23,2,361.3,0
PRD_NEW_085,STR_006,2026-08-23,2,328.1,0
PRD_NEW_085,STR_007,2026-08-23,2,247.2,0
PRD_NEW_085,STR_008,2026-08-23,2,247.1,0
PRD_NEW_085,STR_009,2026-08-23,2,238.3,0
PRD_NEW_085,STR_010,2026-08-23,2,294.2,0
PRD_NEW_085,STR_011,2026-08-23,2,284.2,0
PRD_NEW_085,STR_012,2026-08-23,2,360.5,0
PRD_NEW_085,STR_013,2026-08-23,2,342.2,0
PRD_NEW_085,STR_014,2026-08-23,2,371.0,0
PRD_NEW_085,STR_015,2026-08-23,2,321.0,0
PRD_NEW_085,STR_001,2026-08-30,3,219.1,0
PRD_NEW_085,STR_002,2026-08-30,3,210.8,0
PRD_NEW_085,STR_003,2026-08-30,3,197.3,0
PRD_NEW_085,STR_004,2026-08-30,3,278.0,0
PRD_NEW_085,STR_005,2026-08-30,3,285.4,0
PRD_NEW_085,STR_006,2026-08-30,3,237.3,0
PRD_NEW_085,STR_007,2026-08-30,3,185.6,0
PRD_NEW_085,STR_008,2026-08-30,3,210.8,0
PRD_NEW_085,STR_009,2026-08-30,3,184.1,0
PRD_NEW_085,STR_010,2026-08-30,3,214.8,0
PRD_NEW_085,STR_011,2026-08-30,3,225.3,0
PRD_NEW_085,STR_012,2026-08-30,3,257.9,0
PRD_NEW_085,STR_013,2026-08-30,3,285.9,0
PRD_NEW_085,STR_014,2026-08-30,3,281.1,0
PRD_NEW_085,STR_015,2026-08-30,3,234.7,0
PRD_NEW_085,STR_001,2026-09-06,4,199.5,0
PRD_NEW_085,STR_002,2026-09-06,4,181.6,0
PRD_NEW_085,STR_003,2026-09-06,4,182.3,0
PRD_NEW_085,STR_004,2026-09-06,4,234.4,0
PRD_NEW_085,STR_005,2026-09-06,4,272.4,0
PRD_NEW_085,STR_006,2026-09-06,4,213.1,0
PRD_NEW_085,STR_007,2026-09-06,4,158.6,0
PRD_NEW_085,STR_008,2026-09-06,4,168.7,0
PRD_NEW_085,STR_009,2026-09-06,4,175.6,0
PRD_NEW_085,STR_010,2026-09-06,4,202.7,0
PRD_NEW_085,STR_011,2026-09-06,4,196.5,0
PRD_NEW_085,STR_012,2026-09-06,4,220.7,0
PRD_NEW_085,STR_013,2026-09-06,4,239.1,0
PRD_NEW_085,STR_014,2026-09-06,4,263.6,0
PRD_NEW_085,STR_015,2026-09-06,4,200.0,0
PRD_NEW_085,STR_001,2026-09-13,5,201.4,0
PRD_NEW_085,STR_002,2026-09-13,5,194.4,0
PRD_NEW_085,STR_003,2026-09-13,5,189.9,0
PRD_NEW_085,STR_004,2026-09-13,5,250.0,0
PRD_NEW_085,STR_005,2026-09-13,5,267.7,0
PRD_NEW_085,STR_006,2026-09-13,5,230.2,0
PRD_NEW_085,STR_007,2026-09-13,5,158.6,0
PRD_NEW_085,STR_008,2026-09-13,5,176.6,0
PRD_NEW_085,STR_009,2026-09-13,5,181.4,0
PRD_NEW_085,STR_010,2026-09-13,5,191.7,0
PRD_NEW_085,STR_011,2026-09-13,5,222.5,0
PRD_NEW_085,STR_012,2026-09-13,5,211.7,0
PRD_NEW_085,STR_013,2026-09-13,5,265.8,0
PRD_NEW_085,STR_014,2026-09-13,5,250.1,0
PRD_NEW_085,STR_015,2026-09-13,5,189.1,0
PRD_NEW_085,STR_001,2026-09-20,6,189.5,0
PRD_NEW_085,STR_002,2026-09-20,6,191.1,0
PRD_NEW_085,STR_003,2026-09-20,6,189.8,0
PRD_NEW_085,STR_004,2026-09-20,6,243.1,0
PRD_NEW_085,STR_005,2026-09-20,6,280.9,0
PRD_NEW_085,STR_006,2026-09-20,6,222.3,0
PRD_NEW_085,STR_007,2026-09-20,6,174.1,0
PRD_NEW_085,STR_008,2026-09-20,6,192.4,0
PRD_NEW_085,STR_009,2026-09-20,6,187.5,0
PRD_NEW_085,STR_010,2026-09-20,6,196.3,0
PRD_NEW_085,STR_011,2026-09-20,6,225.8,0
PRD_NEW_085,STR_012,2026-09-20,6,255.7,0
PRD_NEW_085,STR_013,2026-09-20,6,268.7,0
PRD_NEW_085,STR_014,2026-09-20,6,268.9,0
PRD_NEW_085,STR_015,2026-09-20,6,206.9,0
PRD_NEW_085,STR_001,2026-09-27,7,194.0,0
PRD_NEW_085,STR_002,2026-09-27,7,193.8,0
PRD_NEW_085,STR_003,2026-09-27,7,180.6,0
PRD_NEW_085,STR_004,2026-09-27,7,242.2,0
PRD_NEW_085,STR_005,2026-09-27,7,267.3,0
PRD_NEW_085,STR_006,2026-09-27,7,239.8,0
PRD_NEW_085,STR_007,2026-09-27,7,166.8,0
PRD_NEW_085,STR_008,2026-09-27,7,193.2,0
PRD_NEW_085,STR_009,2026-09-27,7,172.7,0
PRD_NEW_085,STR_010,2026-09-27,7,201.8,0
PRD_NEW_085,STR_011,2026-09-27,7,211.0,0
PRD_NEW_085,STR_012,2026-09-27,7,234.4,0
PRD_NEW_085,STR_013,2026-09-27,7,260.3,0
PRD_NEW_085,STR_014,2026-09-27,7,265.9,0
PRD_NEW_085,STR_015,2026-09-27,7,201.9,0
PRD_NEW_085,STR_001,2026-10-04,8,196.7,0
PRD_NEW_085,STR_002,2026-10-04,8,184.4,0
PRD_NEW_085,STR_003,2026-10-04,8,194.0,0
PRD_NEW_085,STR_004,2026-10-04,8,264.6,0
PRD_NEW_085,STR_005,2026-10-04,8,283.9,0
PRD_NEW_085,STR_006,2026-10-04,8,217.7,0
PRD_NEW_085,STR_007,2026-10-04,8,168.8,0
PRD_NEW_085,STR_008,2026-10-04,8,186.1,0
PRD_NEW_085,STR_009,2026-10-04,8,173.7,0
PRD_NEW_085,STR_010,2026-10-04,8,199.9,0
PRD_NEW_085,STR_011,2026-10-04,8,210.8,0
PRD_NEW_085,STR_012,2026-10-04,8,254.0,0
PRD_NEW_085,STR_013,2026-10-04,8,253.4,0
PRD_NEW_085,STR_014,2026-10-04,8,264.2,0
PRD_NEW_085,STR_015,2026-10-04,8,230.1,0
PRD_NEW_086,STR_001,2026-08-10,1,188.2,1
PRD_NEW_086,STR_002,2026-08-10,1,198.0,1
PRD_NEW_086,STR_003,2026-08-10,1,184.0,1
PRD_NEW_086,STR_004,2026-08-10,1,268.9,1
PRD_NEW_086,STR_005,2026-08-10,1,260.6,1
PRD_NEW_086,STR_006,2026-08-10,1,238.4,1
PRD_NEW_086,STR_007,2026-08-10,1,169.6,1
PRD_NEW_086,STR_008,2026-08-10,1,176.2,1
PRD_NEW_086,STR_009,2026-08-10,1,195.0,1
PRD_NEW_086,STR_010,2026-08-10,1,195.8,1
PRD_NEW_086,STR_011,2026-08-10,1,209.8,1
PRD_NEW_086,STR_012,2026-08-10,1,220.4,1
PRD_NEW_086,STR_013,2026-08-10,1,243.2,1
PRD_NEW_086,STR_014,2026-08-10,1,267.9,1
PRD_NEW_086,STR_015,2026-08-10,1,213.8,1
PRD_NEW_086,STR_001,2026-08-17,2,161.1,1
PRD_NEW_086,STR_002,2026-08-17,2,160.6,1
PRD_NEW_086,STR_003,2026-08-17,2,145.8,1
PRD_NEW_086,STR_004,2026-08-17,2,215.7,1
PRD_NEW_086,STR_005,2026-08-17,2,209.3,1
PRD_NEW_086,STR_006,2026-08-17,2,190.6,1
PRD_NEW_086,STR_007,2026-08-17,2,132.6,1
PRD_NEW_086,STR_008,2026-08-17,2,156.6,1
PRD_NEW_086,STR_009,2026-08-17,2,154.6,1
PRD_NEW_086,STR_010,2026-08-17,2,149.4,1
PRD_NEW_086,STR_011,2026-08-17,2,180.6,1
PRD_NEW_086,STR_012,2026-08-17,2,200.7,1
PRD_NEW_086,STR_013,2026-08-17,2,216.4,1
PRD_NEW_086,STR_014,2026-08-17,2,206.8,1
PRD_NEW_086,STR_015,2026-08-17,2,156.6,1
PRD_NEW_086,STR_001,2026-08-24,3,86.6,0
PRD_NEW_086,STR_002,2026-08-24,3,75.3,0
PRD_NEW_086,STR_003,2026-08-24,3,78.6,0
PRD_NEW_086,STR_004,2026-08-24,3,107.7,0
PRD_NEW_086,STR_005,2026-08-24,3,105.7,0
PRD_NEW_086,STR_006,2026-08-24,3,102.0,0
PRD_NEW_086,STR_007,2026-08-24,3,74.1,0
PRD_NEW_086,STR_008,2026-08-24,3,83.0,0
PRD_NEW_086,STR_009,2026-08-24,3,71.0,0
PRD_NEW_086,STR_010,2026-08-24,3,80.6,0
PRD_NEW_086,STR_011,2026-08-24,3,84.8,0
PRD_NEW_086,STR_012,2026-08-24,3,104.0,0
PRD_NEW_086,STR_013,2026-08-24,3,112.4,0
PRD_NEW_086,STR_014,2026-08-24,3,115.5,0
PRD_NEW_086,STR_015,2026-08-24,3,94.5,0
PRD_NEW_086,STR_001,2026-08-31,4,82.4,0
PRD_NEW_086,STR_002,2026-08-31,4,90.9,0
PRD_NEW_086,STR_003,2026-08-31,4,88.9,0
PRD_NEW_086,STR_004,2026-08-31,4,111.4,0
PRD_NEW_086,STR_005,2026-08-31,4,110.1,0
PRD_NEW_086,STR_006,2026-08-31,4,106.9,0
PRD_NEW_086,STR_007,2026-08-31,4,72.0,0
PRD_NEW_086,STR_008,2026-08-31,4,88.2,0
PRD_NEW_086,STR_009,2026-08-31,4,78.3,0
PRD_NEW_086,STR_010,2026-08-31,4,92.4,0
PRD_NEW_086,STR_011,2026-08-31,4,89.7,0
PRD_NEW_086,STR_012,2026-08-31,4,109.1,0
PRD_NEW_086,STR_013,2026-08-31,4,122.7,0
PRD_NEW_086,STR_014,2026-08-31,4,110.5,0
PRD_NEW_086,STR_015,2026-08-31,4,92.7,0
PRD_NEW_086,STR_001,2026-09-07,5,93.9,0
PRD_NEW_086,STR_002,2026-09-07,5,96.2,0
PRD_NEW_086,STR_003,2026-09-07,5,85.1,0
PRD_NEW_086,STR_004,2026-09-07,5,113.2,0
PRD_NEW_086,STR_005,2026-09-07,5,119.4,0
PRD_NEW_086,STR_006,2026-09-07,5,101.0,0
PRD_NEW_086,STR_007,2026-09-07,5,83.9,0
PRD_NEW_086,STR_008,2026-09-07,5,86.9,0
PRD_NEW_086,STR_009,2026-09-07,5,88.5,0
PRD_NEW_086,STR_010,2026-09-07,5,89.4,0
PRD_NEW_086,STR_011,2026-09-07,5,95.4,0
PRD_NEW_086,STR_012,2026-09-07,5,116.0,0
PRD_NEW_086,STR_013,2026-09-07,5,120.9,0
PRD_NEW_086,STR_014,2026-09-07,5,115.8,0
PRD_NEW_086,STR_015,2026-09-07,5,107.1,0
PRD_NEW_086,STR_001,2026-09-14,6,87.1,0
PRD_NEW_086,STR_002,2026-09-14,6,80.5,0
PRD_NEW_086,STR_003,2026-09-14,6,79.6,0
PRD_NEW_086,STR_004,2026-09-14,6,116.2,0
PRD_NEW_086,STR_005,2026-09-14,6,108.0,0
PRD_NEW_086,STR_006,2026-09-14,6,102.5,0
PRD_NEW_086,STR_007,2026-09-14,6,69.0,0
PRD_NEW_086,STR_008,2026-09-14,6,77.7,0
PRD_NEW_086,STR_009,2026-09-14,6,78.2,0
PRD_NEW_086,STR_010,2026-09-14,6,87.6,0
PRD_NEW_086,STR_011,2026-09-14,6,93.6,0
PRD_NEW_086,STR_012,2026-09-14,6,104.6,0
PRD_NEW_086,STR_013,2026-09-14,6,113.5,0
PRD_NEW_086,STR_014,2026-09-14,6,106.3,0
PRD_NEW_086,STR_015,2026-09-14,6,83.3,0
PRD_NEW_086,STR_001,2026-09-21,7,104.3,0
PRD_NEW_086,STR_002,2026-09-21,7,99.3,0
PRD_NEW_086,STR_003,2026-09-21,7,99.2,0
PRD_NEW_086,STR_004,2026-09-21,7,124.6,0
PRD_NEW_086,STR_005,2026-09-21,7,137.8,0
PRD_NEW_086,STR_006,2026-09-21,7,117.0,0
PRD_NEW_086,STR_007,2026-09-21,7,91.6,0
PRD_NEW_086,STR_008,2026-09-21,7,99.1,0
PRD_NEW_086,STR_009,2026-09-21,7,90.1,0
PRD_NEW_086,STR_010,2026-09-21,7,99.8,0
PRD_NEW_086,STR_011,2026-09-21,7,113.6,0
PRD_NEW_086,STR_012,2026-09-21,7,113.9,0
PRD_NEW_086,STR_013,2026-09-21,7,133.4,0
PRD_NEW_086,STR_014,2026-09-21,7,126.7,0
PRD_NEW_086,STR_015,2026-09-21,7,101.0,0
PRD_NEW_086,STR_001,2026-09-28,8,85.6,0
PRD_NEW_086,STR_002,2026-09-28,8,85.3,0
PRD_NEW_086,STR_003,2026-09-28,8,91.1,0
PRD_NEW_086,STR_004,2026-09-28,8,121.5,0
PRD_NEW_086,STR_005,2026-09-28,8,107.5,0
PRD_NEW_086,STR_006,2026-09-28,8,94.5,0
PRD_NEW_086,STR_007,2026-09-28,8,80.7,0
PRD_NEW_086,STR_008,2026-09-28,8,78.3,0
PRD_NEW_086,STR_009,2026-09-28,8,80.7,0
PRD_NEW_086,STR_010,2026-09-28,8,87.7,0
PRD_NEW_086,STR_011,2026-09-28,8,97.5,0
PRD_NEW_086,STR_012,2026-09-28,8,97.9,0
PRD_NEW_086,STR_013,2026-09-28,8,119.1,0
PRD_NEW_086,STR_014,2026-09-28,8,120.3,0
PRD_NEW_086,STR_015,2026-09-28,8,94.0,0
PRD_NEW_087,STR_001,2026-07-14,1,270.6,0
PRD_NEW_087,STR_002,2026-07-14,1,256.7,0
PRD_NEW_087,STR_003,2026-07-14,1,269.8,0
PRD_NEW_087,STR_004,2026-07-14,1,291.8,0
PRD_NEW_087,STR_005,2026-07-14,1,276.3,0
PRD_NEW_087,STR_006,2026-07-14,1,241.1,0
PRD_NEW_087,STR_007,2026-07-14,1,242.8,0
PRD_NEW_087,STR_008,2026-07-14,1,242.0,0
PRD_NEW_087,STR_009,2026-07-14,1,256.5,0
PRD_NEW_087,STR_010,2026-07-14,1,277.3,0
PRD_NEW_087,STR_011,2026-07-14,1,291.9,0
PRD_NEW_087,STR_012,2026-07-14,1,318.5,0
PRD_NEW_087,STR_013,2026-07-14,1,296.5,0
PRD_NEW_087,STR_014,2026-07-14,1,296.9,0
PRD_NEW_087,STR_015,2026-07-14,1,288.5,0
PRD_NEW_087,STR_001,2026-07-21,2,237.3,0
PRD_NEW_087,STR_002,2026-07-21,2,235.9,0
PRD_NEW_087,STR_003,2026-07-21,2,212.3,0
PRD_NEW_087,STR_004,2026-07-21,2,242.3,0
PRD_NEW_087,STR_005,2026-07-21,2,226.2,0
PRD_NEW_087,STR_006,2026-07-21,2,229.8,0
PRD_NEW_087,STR_007,2026-07-21,2,191.3,0
PRD_NEW_087,STR_008,2026-07-21,2,231.7,0
PRD_NEW_087,STR_009,2026-07-21,2,224.9,0
PRD_NEW_087,STR_010,2026-07-21,2,238.1,0
PRD_NEW_087,STR_011,2026-07-21,2,266.5,0
PRD_NEW_087,STR_012,2026-07-21,2,266.7,0
PRD_NEW_087,STR_013,2026-07-21,2,254.6,0
PRD_NEW_087,STR_014,2026-07-21,2,241.2,0
PRD_NEW_087,STR_015,2026-07-21,2,266.1,0
PRD_NEW_087,STR_001,2026-07-28,3,176.4,0
PRD_NEW_087,STR_002,2026-07-28,3,184.2,0
PRD_NEW_087,STR_003,2026-07-28,3,172.4,0
PRD_NEW_087,STR_004,2026-07-28,3,192.7,0
PRD_NEW_087,STR_005,2026-07-28,3,213.6,0
PRD_NEW_087,STR_006,2026-07-28,3,167.0,0
PRD_NEW_087,STR_007,2026-07-28,3,173.2,0
PRD_NEW_087,STR_008,2026-07-28,3,167.4,0
PRD_NEW_087,STR_009,2026-07-28,3,181.1,0
PRD_NEW_087,STR_010,2026-07-28,3,187.2,0
PRD_NEW_087,STR_011,2026-07-28,3,198.4,0
PRD_NEW_087,STR_012,2026-07-28,3,221.1,0
PRD_NEW_087,STR_013,2026-07-28,3,191.3,0
PRD_NEW_087,STR_014,2026-07-28,3,210.2,0
PRD_NEW_087,STR_015,2026-07-28,3,211.2,0
PRD_NEW_087,STR_001,2026-08-04,4,164.5,0
PRD_NEW_087,STR_002,2026-08-04,4,153.2,0
PRD_NEW_087,STR_003,2026-08-04,4,160.3,0
PRD_NEW_087,STR_004,2026-08-04,4,170.6,0
PRD_NEW_087,STR_005,2026-08-04,4,176.7,0
PRD_NEW_087,STR_006,2026-08-04,4,140.6,0
PRD_NEW_087,STR_007,2026-08-04,4,147.4,0
PRD_NEW_087,STR_008,2026-08-04,4,139.2,0
PRD_NEW_087,STR_009,2026-08-04,4,152.2,0
PRD_NEW_087,STR_010,2026-08-04,4,160.8,0
PRD_NEW_087,STR_011,2026-08-04,4,167.7,0
PRD_NEW_087,STR_012,2026-08-04,4,190.1,0
PRD_NEW_087,STR_013,2026-08-04,4,157.7,0
PRD_NEW_087,STR_014,2026-08-04,4,166.3,0
PRD_NEW_087,STR_015,2026-08-04,4,163.1,0
PRD_NEW_087,STR_001,2026-08-11,5,178.0,0
PRD_NEW_087,STR_002,2026-08-11,5,170.0,0
PRD_NEW_087,STR_003,2026-08-11,5,182.7,0
PRD_NEW_087,STR_004,2026-08-11,5,193.3,0
PRD_NEW_087,STR_005,2026-08-11,5,193.2,0
PRD_NEW_087,STR_006,2026-08-11,5,174.6,0
PRD_NEW_087,STR_007,2026-08-11,5,150.6,0
PRD_NEW_087,STR_008,2026-08-11,5,154.4,0
PRD_NEW_087,STR_009,2026-08-11,5,164.8,0
PRD_NEW_087,STR_010,2026-08-11,5,185.6,0
PRD_NEW_087,STR_011,2026-08-11,5,197.5,0
PRD_NEW_087,STR_012,2026-08-11,5,212.6,0
PRD_NEW_087,STR_013,2026-08-11,5,191.3,0
PRD_NEW_087,STR_014,2026-08-11,5,188.7,0
PRD_NEW_087,STR_015,2026-08-11,5,184.5,0
PRD_NEW_087,STR_001,2026-08-18,6,186.4,0
PRD_NEW_087,STR_002,2026-08-18,6,173.9,0
PRD_NEW_087,STR_003,2026-08-18,6,170.8,0
PRD_NEW_087,STR_004,2026-08-18,6,193.8,0
PRD_NEW_087,STR_005,2026-08-18,6,206.5,0
PRD_NEW_087,STR_006,2026-08-18,6,168.1,0
PRD_NEW_087,STR_007,2026-08-18,6,156.5,0
PRD_NEW_087,STR_008,2026-08-18,6,178.7,0
PRD_NEW_087,STR_009,2026-08-18,6,171.6,0
PRD_NEW_087,STR_010,2026-08-18,6,179.7,0
PRD_NEW_087,STR_011,2026-08-18,6,214.3,0
PRD_NEW_087,STR_012,2026-08-18,6,206.9,0
PRD_NEW_087,STR_013,2026-08-18,6,206.8,0
PRD_NEW_087,STR_014,2026-08-18,6,206.7,0
PRD_NEW_087,STR_015,2026-08-18,6,209.0,0
PRD_NEW_087,STR_001,2026-08-25,7,188.5,0
PRD_NEW_087,STR_002,2026-08-25,7,199.3,0
PRD_NEW_087,STR_003,2026-08-25,7,183.9,0
PRD_NEW_087,STR_004,2026-08-25,7,222.2,0
PRD_NEW_087,STR_005,2026-08-25,7,208.2,0
PRD_NEW_087,STR_006,2026-08-25,7,170.6,0
PRD_NEW_087,STR_007,2026-08-25,7,176.8,0
PRD_NEW_087,STR_008,2026-08-25,7,191.3,0
PRD_NEW_087,STR_009,2026-08-25,7,177.4,0
PRD_NEW_087,STR_010,2026-08-25,7,196.9,0
PRD_NEW_087,STR_011,2026-08-25,7,228.1,0
PRD_NEW_087,STR_012,2026-08-25,7,256.7,0
PRD_NEW_087,STR_013,2026-08-25,7,199.5,0
PRD_NEW_087,STR_014,2026-08-25,7,203.0,0
PRD_NEW_087,STR_015,2026-08-25,7,217.3,0
PRD_NEW_087,STR_001,2026-09-01,8,201.1,0
PRD_NEW_087,STR_002,2026-09-01,8,196.4,0
PRD_NEW_087,STR_003,2026-09-01,8,204.3,0
PRD_NEW_087,STR_004,2026-09-01,8,205.3,0
PRD_NEW_087,STR_005,2026-09-01,8,231.2,0
PRD_NEW_087,STR_006,2026-09-01,8,209.7,0
PRD_NEW_087,STR_007,2026-09-01,8,187.0,0
PRD_NEW_087,STR_008,2026-09-01,8,203.0,0
PRD_NEW_087,STR_009,2026-09-01,8,201.2,0
PRD_NEW_087,STR_010,2026-09-01,8,210.0,0
PRD_NEW_087,STR_011,2026-09-01,8,247.1,0
PRD_NEW_087,STR_012,2026-09-01,8,260.8,0
PRD_NEW_087,STR_013,2026-09-01,8,229.3,0
PRD_NEW_087,STR_014,2026-09-01,8,243.7,0
PRD_NEW_087,STR_015,2026-09-01,8,247.0,0
PRD_NEW_088,STR_001,2026-08-20,1,299.4,1
PRD_NEW_088,STR_002,2026-08-20,1,340.1,1
PRD_NEW_088,STR_003,2026-08-20,1,346.6,1
PRD_NEW_088,STR_004,2026-08-20,1,402.6,1
PRD_NEW_088,STR_005,2026-08-20,1,431.1,1
PRD_NEW_088,STR_006,2026-08-20,1,353.2,1
PRD_NEW_088,STR_007,2026-08-20,1,308.3,1
PRD_NEW_088,STR_008,2026-08-20,1,317.7,1
PRD_NEW_088,STR_009,2026-08-20,1,300.7,1
PRD_NEW_088,STR_010,2026-08-20,1,320.3,1
PRD_NEW_088,STR_011,2026-08-20,1,342.8,1
PRD_NEW_088,STR_012,2026-08-20,1,407.8,1
PRD_NEW_088,STR_013,2026-08-20,1,431.1,1
PRD_NEW_088,STR_014,2026-08-20,1,448.1,1
PRD_NEW_088,STR_015,2026-08-20,1,358.4,1
PRD_NEW_088,STR_001,2026-08-27,2,290.7,1
PRD_NEW_088,STR_002,2026-08-27,2,289.8,1
PRD_NEW_088,STR_003,2026-08-27,2,309.6,1
PRD_NEW_088,STR_004,2026-08-27,2,372.8,1
PRD_NEW_088,STR_005,2026-08-27,2,387.3,1
PRD_NEW_088,STR_006,2026-08-27,2,311.5,1
PRD_NEW_088,STR_007,2026-08-27,2,260.6,1
PRD_NEW_088,STR_008,2026-08-27,2,271.4,1
PRD_NEW_088,STR_009,2026-08-27,2,265.6,1
PRD_NEW_088,STR_010,2026-08-27,2,308.1,1
PRD_NEW_088,STR_011,2026-08-27,2,299.1,1
PRD_NEW_088,STR_012,2026-08-27,2,350.6,1
PRD_NEW_088,STR_013,2026-08-27,2,382.4,1
PRD_NEW_088,STR_014,2026-08-27,2,359.4,1
PRD_NEW_088,STR_015,2026-08-27,2,301.8,1
PRD_NEW_088,STR_001,2026-09-03,3,158.5,0
PRD_NEW_088,STR_002,2026-09-03,3,142.8,0
PRD_NEW_088,STR_003,2026-09-03,3,155.7,0
PRD_NEW_088,STR_004,2026-09-03,3,183.7,0
PRD_NEW_088,STR_005,2026-09-03,3,208.7,0
PRD_NEW_088,STR_006,2026-09-03,3,178.7,0
PRD_NEW_088,STR_007,2026-09-03,3,144.3,0
PRD_NEW_088,STR_008,2026-09-03,3,148.2,0
PRD_NEW_088,STR_009,2026-09-03,3,146.2,0
PRD_NEW_088,STR_010,2026-09-03,3,151.1,0
PRD_NEW_088,STR_011,2026-09-03,3,171.7,0
PRD_NEW_088,STR_012,2026-09-03,3,195.9,0
PRD_NEW_088,STR_013,2026-09-03,3,215.1,0
PRD_NEW_088,STR_014,2026-09-03,3,194.4,0
PRD_NEW_088,STR_015,2026-09-03,3,161.7,0
PRD_NEW_088,STR_001,2026-09-10,4,127.0,0
PRD_NEW_088,STR_002,2026-09-10,4,131.2,0
PRD_NEW_088,STR_003,2026-09-10,4,124.2,0
PRD_NEW_088,STR_004,2026-09-10,4,168.5,0
PRD_NEW_088,STR_005,2026-09-10,4,180.3,0
PRD_NEW_088,STR_006,2026-09-10,4,159.7,0
PRD_NEW_088,STR_007,2026-09-10,4,107.2,0
PRD_NEW_088,STR_008,2026-09-10,4,121.4,0
PRD_NEW_088,STR_009,2026-09-10,4,122.7,0
PRD_NEW_088,STR_010,2026-09-10,4,123.9,0
PRD_NEW_088,STR_011,2026-09-10,4,129.2,0
PRD_NEW_088,STR_012,2026-09-10,4,157.0,0
PRD_NEW_088,STR_013,2026-09-10,4,174.1,0
PRD_NEW_088,STR_014,2026-09-10,4,168.0,0
PRD_NEW_088,STR_015,2026-09-10,4,129.1,0
PRD_NEW_088,STR_001,2026-09-17,5,147.3,0
PRD_NEW_088,STR_002,2026-09-17,5,140.9,0
PRD_NEW_088,STR_003,2026-09-17,5,139.1,0
PRD_NEW_088,STR_004,2026-09-17,5,187.3,0
PRD_NEW_088,STR_005,2026-09-17,5,191.3,0
PRD_NEW_088,STR_006,2026-09-17,5,155.1,0
PRD_NEW_088,STR_007,2026-09-17,5,125.2,0
PRD_NEW_088,STR_008,2026-09-17,5,136.2,0
PRD_NEW_088,STR_009,2026-09-17,5,122.7,0
PRD_NEW_088,STR_010,2026-09-17,5,131.4,0
PRD_NEW_088,STR_011,2026-09-17,5,155.7,0
PRD_NEW_088,STR_012,2026-09-17,5,167.2,0
PRD_NEW_088,STR_013,2026-09-17,5,171.4,0
PRD_NEW_088,STR_014,2026-09-17,5,174.1,0
PRD_NEW_088,STR_015,2026-09-17,5,159.7,0
PRD_NEW_088,STR_001,2026-09-24,6,161.8,0
PRD_NEW_088,STR_002,2026-09-24,6,173.3,0
PRD_NEW_088,STR_003,2026-09-24,6,158.8,0
PRD_NEW_088,STR_004,2026-09-24,6,207.9,0
PRD_NEW_088,STR_005,2026-09-24,6,222.2,0
PRD_NEW_088,STR_006,2026-09-24,6,177.9,0
PRD_NEW_088,STR_007,2026-09-24,6,140.3,0
PRD_NEW_088,STR_008,2026-09-24,6,142.9,0
PRD_NEW_088,STR_009,2026-09-24,6,147.5,0
PRD_NEW_088,STR_010,2026-09-24,6,167.1,0
PRD_NEW_088,STR_011,2026-09-24,6,188.5,0
PRD_NEW_088,STR_012,2026-09-24,6,195.5,0
PRD_NEW_088,STR_013,2026-09-24,6,202.5,0
PRD_NEW_088,STR_014,2026-09-24,6,214.2,0
PRD_NEW_088,STR_015,2026-09-24,6,166.5,0
PRD_NEW_088,STR_001,2026-10-01,7,181.0,0
PRD_NEW_088,STR_002,2026-10-01,7,173.4,0
PRD_NEW_088,STR_003,2026-10-01,7,165.5,0
PRD_NEW_088,STR_004,2026-10-01,7,230.5,0
PRD_NEW_088,STR_005,2026-10-01,7,227.1,0
PRD_NEW_088,STR_006,2026-10-01,7,183.0,0
PRD_NEW_088,STR_007,2026-10-01,7,153.7,0
PRD_NEW_088,STR_008,2026-10-01,7,172.9,0
PRD_NEW_088,STR_009,2026-10-01,7,147.4,0
PRD_NEW_088,STR_010,2026-10-01,7,166.4,0
PRD_NEW_088,STR_011,2026-10-01,7,176.7,0
PRD_NEW_088,STR_012,2026-10-01,7,220.5,0
PRD_NEW_088,STR_013,2026-10-01,7,225.0,0
PRD_NEW_088,STR_014,2026-10-01,7,210.5,0
PRD_NEW_088,STR_015,2026-10-01,7,179.5,0
PRD_NEW_088,STR_001,2026-10-08,8,138.2,0
PRD_NEW_088,STR_002,2026-10-08,8,160.9,0
PRD_NEW_088,STR_003,2026-10-08,8,152.7,0
PRD_NEW_088,STR_004,2026-10-08,8,208.6,0
PRD_NEW_088,STR_005,2026-10-08,8,216.1,0
PRD_NEW_088,STR_006,2026-10-08,8,167.7,0
PRD_NEW_088,STR_007,2026-10-08,8,137.1,0
PRD_NEW_088,STR_008,2026-10-08,8,135.6,0
PRD_NEW_088,STR_009,2026-10-08,8,134.8,0
PRD_NEW_088,STR_010,2026-10-08,8,147.4,0
PRD_NEW_088,STR_011,2026-10-08,8,176.0,0
PRD_NEW_088,STR_012,2026-10-08,8,194.8,0
PRD_NEW_088,STR_013,2026-10-08,8,202.5,0
PRD_NEW_088,STR_014,2026-10-08,8,205.9,0
PRD_NEW_088,STR_015,2026-10-08,8,173.0,0
PRD_NEW_089,STR_001,2026-08-17,1,143.1,1
PRD_NEW_089,STR_002,2026-08-17,1,140.7,1
PRD_NEW_089,STR_003,2026-08-17,1,148.7,1
PRD_NEW_089,STR_004,2026-08-17,1,164.7,1
PRD_NEW_089,STR_005,2026-08-17,1,158.0,1
PRD_NEW_089,STR_006,2026-08-17,1,140.8,1
PRD_NEW_089,STR_007,2026-08-17,1,142.5,1
PRD_NEW_089,STR_008,2026-08-17,1,149.5,1
PRD_NEW_089,STR_009,2026-08-17,1,148.2,1
PRD_NEW_089,STR_010,2026-08-17,1,158.4,1
PRD_NEW_089,STR_011,2026-08-17,1,164.2,1
PRD_NEW_089,STR_012,2026-08-17,1,176.0,1
PRD_NEW_089,STR_013,2026-08-17,1,155.1,1
PRD_NEW_089,STR_014,2026-08-17,1,149.9,1
PRD_NEW_089,STR_015,2026-08-17,1,161.1,1
PRD_NEW_089,STR_001,2026-08-24,2,105.7,1
PRD_NEW_089,STR_002,2026-08-24,2,107.3,1
PRD_NEW_089,STR_003,2026-08-24,2,105.1,1
PRD_NEW_089,STR_004,2026-08-24,2,120.3,1
PRD_NEW_089,STR_005,2026-08-24,2,111.1,1
PRD_NEW_089,STR_006,2026-08-24,2,100.9,1
PRD_NEW_089,STR_007,2026-08-24,2,95.4,1
PRD_NEW_089,STR_008,2026-08-24,2,110.6,1
PRD_NEW_089,STR_009,2026-08-24,2,109.4,1
PRD_NEW_089,STR_010,2026-08-24,2,115.1,1
PRD_NEW_089,STR_011,2026-08-24,2,128.4,1
PRD_NEW_089,STR_012,2026-08-24,2,137.0,1
PRD_NEW_089,STR_013,2026-08-24,2,122.0,1
PRD_NEW_089,STR_014,2026-08-24,2,110.5,1
PRD_NEW_089,STR_015,2026-08-24,2,118.5,1
PRD_NEW_089,STR_001,2026-08-31,3,188.4,0
PRD_NEW_089,STR_002,2026-08-31,3,180.3,0
PRD_NEW_089,STR_003,2026-08-31,3,138.1,0
PRD_NEW_089,STR_004,2026-08-31,3,196.1,0
PRD_NEW_089,STR_005,2026-08-31,3,198.9,0
PRD_NEW_089,STR_006,2026-08-31,3,170.5,0
PRD_NEW_089,STR_007,2026-08-31,3,166.5,0
PRD_NEW_089,STR_008,2026-08-31,3,167.0,0
PRD_NEW_089,STR_009,2026-08-31,3,124.7,0
PRD_NEW_089,STR_010,2026-08-31,3,184.1,0
PRD_NEW_089,STR_011,2026-08-31,3,194.1,0
PRD_NEW_089,STR_012,2026-08-31,3,240.3,0
PRD_NEW_089,STR_013,2026-08-31,3,193.5,0
PRD_NEW_089,STR_014,2026-08-31,3,197.8,0
PRD_NEW_089,STR_015,2026-08-31,3,186.5,0
PRD_NEW_089,STR_001,2026-09-07,4,89.1,0
PRD_NEW_089,STR_002,2026-09-07,4,91.4,0
PRD_NEW_089,STR_003,2026-09-07,4,73.0,0
PRD_NEW_089,STR_004,2026-09-07,4,103.6,0
PRD_NEW_089,STR_005,2026-09-07,4,100.7,0
PRD_NEW_089,STR_006,2026-09-07,4,98.3,0
PRD_NEW_089,STR_007,2026-09-07,4,90.6,0
PRD_NEW_089,STR_008,2026-09-07,4,96.2,0
PRD_NEW_089,STR_009,2026-09-07,4,69.6,0
PRD_NEW_089,STR_010,2026-09-07,4,98.0,0
PRD_NEW_089,STR_011,2026-09-07,4,99.3,0
PRD_NEW_089,STR_012,2026-09-07,4,126.3,0
PRD_NEW_089,STR_013,2026-09-07,4,99.7,0
PRD_NEW_089,STR_014,2026-09-07,4,106.5,0
PRD_NEW_089,STR_015,2026-09-07,4,111.8,0
PRD_NEW_089,STR_001,2026-09-14,5,63.9,0
PRD_NEW_089,STR_002,2026-09-14,5,65.6,0
PRD_NEW_089,STR_003,2026-09-14,5,66.6,0
PRD_NEW_089,STR_004,2026-09-14,5,67.3,0
PRD_NEW_089,STR_005,2026-09-14,5,63.4,0
PRD_NEW_089,STR_006,2026-09-14,5,58.0,0
PRD_NEW_089,STR_007,2026-09-14,5,54.3,0
PRD_NEW_089,STR_008,2026-09-14,5,65.1,0
PRD_NEW_089,STR_009,2026-09-14,5,55.6,0
PRD_NEW_089,STR_010,2026-09-14,5,67.5,0
PRD_NEW_089,STR_011,2026-09-14,5,74.7,0
PRD_NEW_089,STR_012,2026-09-14,5,80.5,0
PRD_NEW_089,STR_013,2026-09-14,5,67.9,0
PRD_NEW_089,STR_014,2026-09-14,5,65.5,0
PRD_NEW_089,STR_015,2026-09-14,5,67.7,0
PRD_NEW_089,STR_001,2026-09-21,6,69.5,0
PRD_NEW_089,STR_002,2026-09-21,6,72.5,0
PRD_NEW_089,STR_003,2026-09-21,6,63.7,0
PRD_NEW_089,STR_004,2026-09-21,6,76.2,0
PRD_NEW_089,STR_005,2026-09-21,6,77.1,0
PRD_NEW_089,STR_006,2026-09-21,6,65.7,0
PRD_NEW_089,STR_007,2026-09-21,6,56.4,0
PRD_NEW_089,STR_008,2026-09-21,6,61.3,0
PRD_NEW_089,STR_009,2026-09-21,6,60.6,0
PRD_NEW_089,STR_010,2026-09-21,6,69.6,0
PRD_NEW_089,STR_011,2026-09-21,6,69.0,0
PRD_NEW_089,STR_012,2026-09-21,6,87.8,0
PRD_NEW_089,STR_013,2026-09-21,6,68.4,0
PRD_NEW_089,STR_014,2026-09-21,6,75.5,0
PRD_NEW_089,STR_015,2026-09-21,6,78.3,0
PRD_NEW_089,STR_001,2026-09-28,7,70.6,0
PRD_NEW_089,STR_002,2026-09-28,7,74.3,0
PRD_NEW_089,STR_003,2026-09-28,7,81.4,0
PRD_NEW_089,STR_004,2026-09-28,7,85.2,0
PRD_NEW_089,STR_005,2026-09-28,7,89.0,0
PRD_NEW_089,STR_006,2026-09-28,7,78.1,0
PRD_NEW_089,STR_007,2026-09-28,7,72.6,0
PRD_NEW_089,STR_008,2026-09-28,7,71.8,0
PRD_NEW_089,STR_009,2026-09-28,7,76.3,0
PRD_NEW_089,STR_010,2026-09-28,7,71.9,0
PRD_NEW_089,STR_011,2026-09-28,7,80.3,0
PRD_NEW_089,STR_012,2026-09-28,7,89.9,0
PRD_NEW_089,STR_013,2026-09-28,7,84.0,0
PRD_NEW_089,STR_014,2026-09-28,7,88.6,0
PRD_NEW_089,STR_015,2026-09-28,7,82.5,0
PRD_NEW_089,STR_001,2026-10-05,8,89.1,0
PRD_NEW_089,STR_002,2026-10-05,8,94.3,0
PRD_NEW_089,STR_003,2026-10-05,8,90.9,0
PRD_NEW_089,STR_004,2026-10-05,8,88.6,0
PRD_NEW_089,STR_005,2026-10-05,8,100.7,0
PRD_NEW_089,STR_006,2026-10-05,8,86.4,0
PRD_NEW_089,STR_007,2026-10-05,8,76.4,0
PRD_NEW_089,STR_008,2026-10-05,8,86.8,0
PRD_NEW_089,STR_009,2026-10-05,8,82.1,0
PRD_NEW_089,STR_010,2026-10-05,8,87.9,0
PRD_NEW_089,STR_011,2026-10-05,8,94.4,0
PRD_NEW_089,STR_012,2026-10-05,8,114.6,0
PRD_NEW_089,STR_013,2026-10-05,8,98.7,0
PRD_NEW_089,STR_014,2026-10-05,8,95.8,0
PRD_NEW_089,STR_015,2026-10-05,8,97.5,0
PRD_NEW_090,STR_001,2026-08-24,1,264.0,1
PRD_NEW_090,STR_002,2026-08-24,1,294.0,1
PRD_NEW_090,STR_003,2026-08-24,1,263.9,1
PRD_NEW_090,STR_004,2026-08-24,1,294.9,1
PRD_NEW_090,STR_005,2026-08-24,1,312.8,1
PRD_NEW_090,STR_006,2026-08-24,1,252.3,1
PRD_NEW_090,STR_007,2026-08-24,1,245.8,1
PRD_NEW_090,STR_008,2026-08-24,1,250.5,1
PRD_NEW_090,STR_009,2026-08-24,1,259.3,1
PRD_NEW_090,STR_010,2026-08-24,1,257.4,1
PRD_NEW_090,STR_011,2026-08-24,1,283.3,1
PRD_NEW_090,STR_012,2026-08-24,1,349.0,1
PRD_NEW_090,STR_013,2026-08-24,1,307.4,1
PRD_NEW_090,STR_014,2026-08-24,1,317.0,1
PRD_NEW_090,STR_015,2026-08-24,1,298.3,1
PRD_NEW_090,STR_001,2026-08-31,2,244.8,1
PRD_NEW_090,STR_002,2026-08-31,2,232.8,1
PRD_NEW_090,STR_003,2026-08-31,2,267.2,1
PRD_NEW_090,STR_004,2026-08-31,2,257.2,1
PRD_NEW_090,STR_005,2026-08-31,2,247.4,1
PRD_NEW_090,STR_006,2026-08-31,2,221.2,1
PRD_NEW_090,STR_007,2026-08-31,2,232.1,1
PRD_NEW_090,STR_008,2026-08-31,2,222.2,1
PRD_NEW_090,STR_009,2026-08-31,2,241.0,1
PRD_NEW_090,STR_010,2026-08-31,2,259.7,1
PRD_NEW_090,STR_011,2026-08-31,2,260.8,1
PRD_NEW_090,STR_012,2026-08-31,2,304.8,1
PRD_NEW_090,STR_013,2026-08-31,2,258.6,1
PRD_NEW_090,STR_014,2026-08-31,2,251.4,1
PRD_NEW_090,STR_015,2026-08-31,2,270.8,1
PRD_NEW_090,STR_001,2026-09-07,3,131.4,0
PRD_NEW_090,STR_002,2026-09-07,3,153.4,0
PRD_NEW_090,STR_003,2026-09-07,3,149.5,0
PRD_NEW_090,STR_004,2026-09-07,3,142.3,0
PRD_NEW_090,STR_005,2026-09-07,3,145.8,0
PRD_NEW_090,STR_006,2026-09-07,3,130.1,0
PRD_NEW_090,STR_007,2026-09-07,3,129.1,0
PRD_NEW_090,STR_008,2026-09-07,3,145.3,0
PRD_NEW_090,STR_009,2026-09-07,3,130.6,0
PRD_NEW_090,STR_010,2026-09-07,3,153.8,0
PRD_NEW_090,STR_011,2026-09-07,3,168.2,0
PRD_NEW_090,STR_012,2026-09-07,3,169.2,0
PRD_NEW_090,STR_013,2026-09-07,3,144.0,0
PRD_NEW_090,STR_014,2026-09-07,3,158.0,0
PRD_NEW_090,STR_015,2026-09-07,3,151.8,0
PRD_NEW_090,STR_001,2026-09-14,4,132.9,0
PRD_NEW_090,STR_002,2026-09-14,4,137.6,0
PRD_NEW_090,STR_003,2026-09-14,4,132.4,0
PRD_NEW_090,STR_004,2026-09-14,4,141.1,0
PRD_NEW_090,STR_005,2026-09-14,4,144.3,0
PRD_NEW_090,STR_006,2026-09-14,4,136.3,0
PRD_NEW_090,STR_007,2026-09-14,4,125.4,0
PRD_NEW_090,STR_008,2026-09-14,4,142.5,0
PRD_NEW_090,STR_009,2026-09-14,4,123.8,0
PRD_NEW_090,STR_010,2026-09-14,4,136.5,0
PRD_NEW_090,STR_011,2026-09-14,4,157.1,0
PRD_NEW_090,STR_012,2026-09-14,4,173.6,0
PRD_NEW_090,STR_013,2026-09-14,4,141.6,0
PRD_NEW_090,STR_014,2026-09-14,4,164.7,0
PRD_NEW_090,STR_015,2026-09-14,4,142.4,0
PRD_NEW_090,STR_001,2026-09-21,5,139.0,0
PRD_NEW_090,STR_002,2026-09-21,5,134.5,0
PRD_NEW_090,STR_003,2026-09-21,5,137.2,0
PRD_NEW_090,STR_004,2026-09-21,5,145.2,0
PRD_NEW_090,STR_005,2026-09-21,5,137.8,0
PRD_NEW_090,STR_006,2026-09-21,5,136.3,0
PRD_NEW_090,STR_007,2026-09-21,5,119.0,0
PRD_NEW_090,STR_008,2026-09-21,5,121.6,0
PRD_NEW_090,STR_009,2026-09-21,5,119.4,0
PRD_NEW_090,STR_010,2026-09-21,5,130.7,0
PRD_NEW_090,STR_011,2026-09-21,5,147.1,0
PRD_NEW_090,STR_012,2026-09-21,5,166.7,0
PRD_NEW_090,STR_013,2026-09-21,5,151.2,0
PRD_NEW_090,STR_014,2026-09-21,5,153.3,0
PRD_NEW_090,STR_015,2026-09-21,5,138.1,0
PRD_NEW_090,STR_001,2026-09-28,6,148.2,0
PRD_NEW_090,STR_002,2026-09-28,6,160.0,0
PRD_NEW_090,STR_003,2026-09-28,6,158.4,0
PRD_NEW_090,STR_004,2026-09-28,6,152.5,0
PRD_NEW_090,STR_005,2026-09-28,6,171.1,0
PRD_NEW_090,STR_006,2026-09-28,6,156.1,0
PRD_NEW_090,STR_007,2026-09-28,6,149.3,0
PRD_NEW_090,STR_008,2026-09-28,6,151.6,0
PRD_NEW_090,STR_009,2026-09-28,6,141.4,0
PRD_NEW_090,STR_010,2026-09-28,6,159.7,0
PRD_NEW_090,STR_011,2026-09-28,6,170.9,0
PRD_NEW_090,STR_012,2026-09-28,6,197.1,0
PRD_NEW_090,STR_013,2026-09-28,6,170.2,0
PRD_NEW_090,STR_014,2026-09-28,6,171.9,0
PRD_NEW_090,STR_015,2026-09-28,6,164.7,0
PRD_NEW_090,STR_001,2026-10-05,7,151.2,0
PRD_NEW_090,STR_002,2026-10-05,7,140.8,0
PRD_NEW_090,STR_003,2026-10-05,7,151.3,0
PRD_NEW_090,STR_004,2026-10-05,7,139.8,0
PRD_NEW_090,STR_005,2026-10-05,7,152.0,0
PRD_NEW_090,STR_006,2026-10-05,7,129.5,0
PRD_NEW_090,STR_007,2026-10-05,7,119.0,0
PRD_NEW_090,STR_008,2026-10-05,7,136.9,0
PRD_NEW_090,STR_009,2026-10-05,7,125.5,0
PRD_NEW_090,STR_010,2026-10-05,7,152.4,0
PRD_NEW_090,STR_011,2026-10-05,7,168.2,0
PRD_NEW_090,STR_012,2026-10-05,7,181.9,0
PRD_NEW_090,STR_013,2026-10-05,7,146.4,0
PRD_NEW_090,STR_014,2026-10-05,7,141.0,0
PRD_NEW_090,STR_015,2026-10-05,7,160.1,0
PRD_NEW_090,STR_001,2026-10-12,8,166.9,0
PRD_NEW_090,STR_002,2026-10-12,8,177.8,0
PRD_NEW_090,STR_003,2026-10-12,8,185.0,0
PRD_NEW_090,STR_004,2026-10-12,8,188.1,0
PRD_NEW_090,STR_005,2026-10-12,8,182.5,0
PRD_NEW_090,STR_006,2026-10-12,8,164.6,0
PRD_NEW_090,STR_007,2026-10-12,8,168.0,0
PRD_NEW_090,STR_008,2026-10-12,8,165.2,0
PRD_NEW_090,STR_009,2026-10-12,8,179.0,0
PRD_NEW_090,STR_010,2026-10-12,8,176.7,0
PRD_NEW_090,STR_011,2026-10-12,8,194.1,0
PRD_NEW_090,STR_012,2026-10-12,8,224.5,0
PRD_NEW_090,STR_013,2026-10-12,8,187.1,0
PRD_NEW_090,STR_014,2026-10-12,8,189.3,0
PRD_NEW_090,STR_015,2026-10-12,8,188.6,0
PRD_NEW_091,STR_001,2026-07-11,1,322.9,1
PRD_NEW_091,STR_002,2026-07-11,1,305.7,1
PRD_NEW_091,STR_003,2026-07-11,1,302.3,1
PRD_NEW_091,STR_004,2026-07-11,1,288.1,1
PRD_NEW_091,STR_005,2026-07-11,1,297.8,1
PRD_NEW_091,STR_006,2026-07-11,1,264.0,1
PRD_NEW_091,STR_007,2026-07-11,1,275.5,1
PRD_NEW_091,STR_008,2026-07-11,1,313.9,1
PRD_NEW_091,STR_009,2026-07-11,1,312.6,1
PRD_NEW_091,STR_010,2026-07-11,1,330.4,1
PRD_NEW_091,STR_011,2026-07-11,1,338.0,1
PRD_NEW_091,STR_012,2026-07-11,1,358.9,1
PRD_NEW_091,STR_013,2026-07-11,1,288.5,1
PRD_NEW_091,STR_014,2026-07-11,1,321.2,1
PRD_NEW_091,STR_015,2026-07-11,1,344.5,1
PRD_NEW_091,STR_001,2026-07-18,2,298.8,1
PRD_NEW_091,STR_002,2026-07-18,2,279.3,1
PRD_NEW_091,STR_003,2026-07-18,2,302.4,1
PRD_NEW_091,STR_004,2026-07-18,2,245.1,1
PRD_NEW_091,STR_005,2026-07-18,2,258.2,1
PRD_NEW_091,STR_006,2026-07-18,2,240.0,1
PRD_NEW_091,STR_007,2026-07-18,2,238.2,1
PRD_NEW_091,STR_008,2026-07-18,2,287.5,1
PRD_NEW_091,STR_009,2026-07-18,2,271.4,1
PRD_NEW_091,STR_010,2026-07-18,2,294.6,1
PRD_NEW_091,STR_011,2026-07-18,2,317.4,1
PRD_NEW_091,STR_012,2026-07-18,2,345.5,1
PRD_NEW_091,STR_013,2026-07-18,2,281.0,1
PRD_NEW_091,STR_014,2026-07-18,2,258.4,1
PRD_NEW_091,STR_015,2026-07-18,2,295.2,1
PRD_NEW_091,STR_001,2026-07-25,3,130.5,0
PRD_NEW_091,STR_002,2026-07-25,3,142.8,0
PRD_NEW_091,STR_003,2026-07-25,3,193.6,0
PRD_NEW_091,STR_004,2026-07-25,3,129.0,0
PRD_NEW_091,STR_005,2026-07-25,3,134.3,0
PRD_NEW_091,STR_006,2026-07-25,3,120.5,0
PRD_NEW_091,STR_007,2026-07-25,3,123.1,0
PRD_NEW_091,STR_008,2026-07-25,3,132.7,0
PRD_NEW_091,STR_009,2026-07-25,3,160.6,0
PRD_NEW_091,STR_010,2026-07-25,3,128.7,0
PRD_NEW_091,STR_011,2026-07-25,3,140.7,0
PRD_NEW_091,STR_012,2026-07-25,3,153.6,0
PRD_NEW_091,STR_013,2026-07-25,3,139.4,0
PRD_NEW_091,STR_014,2026-07-25,3,141.2,0
PRD_NEW_091,STR_015,2026-07-25,3,144.2,0
PRD_NEW_091,STR_001,2026-08-01,4,120.3,0
PRD_NEW_091,STR_002,2026-08-01,4,139.2,0
PRD_NEW_091,STR_003,2026-08-01,4,171.8,0
PRD_NEW_091,STR_004,2026-08-01,4,127.1,0
PRD_NEW_091,STR_005,2026-08-01,4,134.1,0
PRD_NEW_091,STR_006,2026-08-01,4,106.1,0
PRD_NEW_091,STR_007,2026-08-01,4,107.9,0
PRD_NEW_091,STR_008,2026-08-01,4,125.5,0
PRD_NEW_091,STR_009,2026-08-01,4,159.4,0
PRD_NEW_091,STR_010,2026-08-01,4,138.6,0
PRD_NEW_091,STR_011,2026-08-01,4,141.9,0
PRD_NEW_091,STR_012,2026-08-01,4,153.3,0
PRD_NEW_091,STR_013,2026-08-01,4,117.2,0
PRD_NEW_091,STR_014,2026-08-01,4,122.2,0
PRD_NEW_091,STR_015,2026-08-01,4,147.0,0
PRD_NEW_091,STR_001,2026-08-08,5,233.1,0
PRD_NEW_091,STR_002,2026-08-08,5,264.4,0
PRD_NEW_091,STR_003,2026-08-08,5,235.8,0
PRD_NEW_091,STR_004,2026-08-08,5,219.9,0
PRD_NEW_091,STR_005,2026-08-08,5,254.8,0
PRD_NEW_091,STR_006,2026-08-08,5,206.5,0
PRD_NEW_091,STR_007,2026-08-08,5,224.0,0
PRD_NEW_091,STR_008,2026-08-08,5,240.4,0
PRD_NEW_091,STR_009,2026-08-08,5,240.3,0
PRD_NEW_091,STR_010,2026-08-08,5,240.5,0
PRD_NEW_091,STR_011,2026-08-08,5,289.2,0
PRD_NEW_091,STR_012,2026-08-08,5,289.2,0
PRD_NEW_091,STR_013,2026-08-08,5,222.0,0
PRD_NEW_091,STR_014,2026-08-08,5,258.8,0
PRD_NEW_091,STR_015,2026-08-08,5,286.0,0
PRD_NEW_091,STR_001,2026-08-15,6,134.1,0
PRD_NEW_091,STR_002,2026-08-15,6,134.3,0
PRD_NEW_091,STR_003,2026-08-15,6,153.8,0
PRD_NEW_091,STR_004,2026-08-15,6,135.6,0
PRD_NEW_091,STR_005,2026-08-15,6,138.6,0
PRD_NEW_091,STR_006,2026-08-15,6,127.1,0
PRD_NEW_091,STR_007,2026-08-15,6,130.8,0
PRD_NEW_091,STR_008,2026-08-15,6,147.7,0
PRD_NEW_091,STR_009,2026-08-15,6,132.4,0
PRD_NEW_091,STR_010,2026-08-15,6,143.6,0
PRD_NEW_091,STR_011,2026-08-15,6,161.1,0
PRD_NEW_091,STR_012,2026-08-15,6,173.8,0
PRD_NEW_091,STR_013,2026-08-15,6,127.1,0
PRD_NEW_091,STR_014,2026-08-15,6,140.3,0
PRD_NEW_091,STR_015,2026-08-15,6,160.4,0
PRD_NEW_091,STR_001,2026-08-22,7,166.5,0
PRD_NEW_091,STR_002,2026-08-22,7,168.2,0
PRD_NEW_091,STR_003,2026-08-22,7,161.2,0
PRD_NEW_091,STR_004,2026-08-22,7,158.8,0
PRD_NEW_091,STR_005,2026-08-22,7,157.1,0
PRD_NEW_091,STR_006,2026-08-22,7,148.0,0
PRD_NEW_091,STR_007,2026-08-22,7,158.0,0
PRD_NEW_091,STR_008,2026-08-22,7,174.0,0
PRD_NEW_091,STR_009,2026-08-22,7,151.2,0
PRD_NEW_091,STR_010,2026-08-22,7,184.6,0
PRD_NEW_091,STR_011,2026-08-22,7,203.7,0
PRD_NEW_091,STR_012,2026-08-22,7,198.6,0
PRD_NEW_091,STR_013,2026-08-22,7,167.4,0
PRD_NEW_091,STR_014,2026-08-22,7,161.8,0
PRD_NEW_091,STR_015,2026-08-22,7,194.6,0
PRD_NEW_091,STR_001,2026-08-29,8,176.4,0
PRD_NEW_091,STR_002,2026-08-29,8,166.6,0
PRD_NEW_091,STR_003,2026-08-29,8,183.7,0
PRD_NEW_091,STR_004,2026-08-29,8,160.1,0
PRD_NEW_091,STR_005,2026-08-29,8,166.8,0
PRD_NEW_091,STR_006,2026-08-29,8,145.4,0
PRD_NEW_091,STR_007,2026-08-29,8,163.7,0
PRD_NEW_091,STR_008,2026-08-29,8,157.7,0
PRD_NEW_091,STR_009,2026-08-29,8,153.0,0
PRD_NEW_091,STR_010,2026-08-29,8,170.9,0
PRD_NEW_091,STR_011,2026-08-29,8,201.9,0
PRD_NEW_091,STR_012,2026-08-29,8,219.5,0
PRD_NEW_091,STR_013,2026-08-29,8,149.6,0
PRD_NEW_091,STR_014,2026-08-29,8,160.5,0
PRD_NEW_091,STR_015,2026-08-29,8,173.9,0
PRD_NEW_092,STR_001,2026-07-22,1,203.1,1
PRD_NEW_092,STR_002,2026-07-22,1,207.1,1
PRD_NEW_092,STR_003,2026-07-22,1,178.7,1
PRD_NEW_092,STR_004,2026-07-22,1,184.3,1
PRD_NEW_092,STR_005,2026-07-22,1,180.1,1
PRD_NEW_092,STR_006,2026-07-22,1,155.1,1
PRD_NEW_092,STR_007,2026-07-22,1,171.7,1
PRD_NEW_092,STR_008,2026-07-22,1,179.9,1
PRD_NEW_092,STR_009,2026-07-22,1,186.7,1
PRD_NEW_092,STR_010,2026-07-22,1,186.7,1
PRD_NEW_092,STR_011,2026-07-22,1,208.8,1
PRD_NEW_092,STR_012,2026-07-22,1,229.3,1
PRD_NEW_092,STR_013,2026-07-22,1,184.4,1
PRD_NEW_092,STR_014,2026-07-22,1,202.7,1
PRD_NEW_092,STR_015,2026-07-22,1,206.2,1
PRD_NEW_092,STR_001,2026-07-29,2,154.3,1
PRD_NEW_092,STR_002,2026-07-29,2,142.2,1
PRD_NEW_092,STR_003,2026-07-29,2,147.3,1
PRD_NEW_092,STR_004,2026-07-29,2,136.5,1
PRD_NEW_092,STR_005,2026-07-29,2,137.8,1
PRD_NEW_092,STR_006,2026-07-29,2,122.5,1
PRD_NEW_092,STR_007,2026-07-29,2,125.5,1
PRD_NEW_092,STR_008,2026-07-29,2,141.6,1
PRD_NEW_092,STR_009,2026-07-29,2,145.0,1
PRD_NEW_092,STR_010,2026-07-29,2,158.4,1
PRD_NEW_092,STR_011,2026-07-29,2,177.0,1
PRD_NEW_092,STR_012,2026-07-29,2,193.1,1
PRD_NEW_092,STR_013,2026-07-29,2,152.5,1
PRD_NEW_092,STR_014,2026-07-29,2,135.2,1
PRD_NEW_092,STR_015,2026-07-29,2,153.0,1
PRD_NEW_092,STR_001,2026-08-05,3,109.6,0
PRD_NEW_092,STR_002,2026-08-05,3,102.0,0
PRD_NEW_092,STR_003,2026-08-05,3,100.9,0
PRD_NEW_092,STR_004,2026-08-05,3,93.0,0
PRD_NEW_092,STR_005,2026-08-05,3,103.2,0
PRD_NEW_092,STR_006,2026-08-05,3,85.7,0
PRD_NEW_092,STR_007,2026-08-05,3,88.4,0
PRD_NEW_092,STR_008,2026-08-05,3,93.7,0
PRD_NEW_092,STR_009,2026-08-05,3,102.9,0
PRD_NEW_092,STR_010,2026-08-05,3,110.4,0
PRD_NEW_092,STR_011,2026-08-05,3,113.9,0
PRD_NEW_092,STR_012,2026-08-05,3,137.0,0
PRD_NEW_092,STR_013,2026-08-05,3,94.1,0
PRD_NEW_092,STR_014,2026-08-05,3,104.5,0
PRD_NEW_092,STR_015,2026-08-05,3,123.1,0
PRD_NEW_092,STR_001,2026-08-12,4,93.6,0
PRD_NEW_092,STR_002,2026-08-12,4,89.8,0
PRD_NEW_092,STR_003,2026-08-12,4,85.6,0
PRD_NEW_092,STR_004,2026-08-12,4,84.9,0
PRD_NEW_092,STR_005,2026-08-12,4,85.9,0
PRD_NEW_092,STR_006,2026-08-12,4,68.7,0
PRD_NEW_092,STR_007,2026-08-12,4,73.8,0
PRD_NEW_092,STR_008,2026-08-12,4,88.7,0
PRD_NEW_092,STR_009,2026-08-12,4,87.8,0
PRD_NEW_092,STR_010,2026-08-12,4,83.6,0
PRD_NEW_092,STR_011,2026-08-12,4,100.1,0
PRD_NEW_092,STR_012,2026-08-12,4,99.4,0
PRD_NEW_092,STR_013,2026-08-12,4,82.7,0
PRD_NEW_092,STR_014,2026-08-12,4,87.8,0
PRD_NEW_092,STR_015,2026-08-12,4,90.4,0
PRD_NEW_092,STR_001,2026-08-19,5,93.9,0
PRD_NEW_092,STR_002,2026-08-19,5,90.1,0
PRD_NEW_092,STR_003,2026-08-19,5,93.6,0
PRD_NEW_092,STR_004,2026-08-19,5,81.9,0
PRD_NEW_092,STR_005,2026-08-19,5,92.5,0
PRD_NEW_092,STR_006,2026-08-19,5,79.7,0
PRD_NEW_092,STR_007,2026-08-19,5,81.6,0
PRD_NEW_092,STR_008,2026-08-19,5,89.5,0
PRD_NEW_092,STR_009,2026-08-19,5,85.3,0
PRD_NEW_092,STR_010,2026-08-19,5,95.1,0
PRD_NEW_092,STR_011,2026-08-19,5,102.3,0
PRD_NEW_092,STR_012,2026-08-19,5,117.3,0
PRD_NEW_092,STR_013,2026-08-19,5,86.3,0
PRD_NEW_092,STR_014,2026-08-19,5,89.0,0
PRD_NEW_092,STR_015,2026-08-19,5,92.1,0
PRD_NEW_092,STR_001,2026-08-26,6,118.6,0
PRD_NEW_092,STR_002,2026-08-26,6,107.3,0
PRD_NEW_092,STR_003,2026-08-26,6,118.2,0
PRD_NEW_092,STR_004,2026-08-26,6,106.0,0
PRD_NEW_092,STR_005,2026-08-26,6,101.6,0
PRD_NEW_092,STR_006,2026-08-26,6,88.1,0
PRD_NEW_092,STR_007,2026-08-26,6,103.4,0
PRD_NEW_092,STR_008,2026-08-26,6,100.1,0
PRD_NEW_092,STR_009,2026-08-26,6,109.9,0
PRD_NEW_092,STR_010,2026-08-26,6,116.0,0
PRD_NEW_092,STR_011,2026-08-26,6,117.2,0
PRD_NEW_092,STR_012,2026-08-26,6,132.5,0
PRD_NEW_092,STR_013,2026-08-26,6,111.5,0
PRD_NEW_092,STR_014,2026-08-26,6,104.5,0
PRD_NEW_092,STR_015,2026-08-26,6,118.4,0
PRD_NEW_092,STR_001,2026-09-02,7,109.1,0
PRD_NEW_092,STR_002,2026-09-02,7,103.1,0
PRD_NEW_092,STR_003,2026-09-02,7,103.6,0
PRD_NEW_092,STR_004,2026-09-02,7,98.9,0
PRD_NEW_092,STR_005,2026-09-02,7,99.2,0
PRD_NEW_092,STR_006,2026-09-02,7,83.6,0
PRD_NEW_092,STR_007,2026-09-02,7,102.1,0
PRD_NEW_092,STR_008,2026-09-02,7,105.0,0
PRD_NEW_092,STR_009,2026-09-02,7,97.3,0
PRD_NEW_092,STR_010,2026-09-02,7,102.1,0
PRD_NEW_092,STR_011,2026-09-02,7,110.3,0
PRD_NEW_092,STR_012,2026-09-02,7,130.3,0
PRD_NEW_092,STR_013,2026-09-02,7,109.1,0
PRD_NEW_092,STR_014,2026-09-02,7,97.2,0
PRD_NEW_092,STR_015,2026-09-02,7,121.0,0
PRD_NEW_092,STR_001,2026-09-09,8,109.6,0
PRD_NEW_092,STR_002,2026-09-09,8,115.1,0
PRD_NEW_092,STR_003,2026-09-09,8,119.2,0
PRD_NEW_092,STR_004,2026-09-09,8,104.3,0
PRD_NEW_092,STR_005,2026-09-09,8,115.7,0
PRD_NEW_092,STR_006,2026-09-09,8,96.8,0
PRD_NEW_092,STR_007,2026-09-09,8,96.8,0
PRD_NEW_092,STR_008,2026-09-09,8,110.5,0
PRD_NEW_092,STR_009,2026-09-09,8,111.6,0
PRD_NEW_092,STR_010,2026-09-09,8,115.6,0
PRD_NEW_092,STR_011,2026-09-09,8,125.2,0
PRD_NEW_092,STR_012,2026-09-09,8,145.4,0
PRD_NEW_092,STR_013,2026-09-09,8,107.5,0
PRD_NEW_092,STR_014,2026-09-09,8,112.5,0
PRD_NEW_092,STR_015,2026-09-09,8,117.1,0
